1000501	Грейамстаун	Грейамстаун — город в Восточной Капской провинции ЮАР, центр муниципалитета Макана. Расположен в 130 км от Порт-Элизабет и в 180 км от Ист-Лондона.
100077	Абу-Грейб	Абу-Грейб, или Абу-Грайб — город в Ираке, расположенный в 20 км к западу от Багдада. Население 189 000 человек (2003 г.).
1002108	Джермистон	Дже́рмистон (Germiston) — административный центр городского округа Экурхулени в провинции Гаутенг (ЮАР).
1005125	Эрмело	Эрмело — община и город в провинции Гелдерланд и лесном районе Велюве, в восточных Нидерландах. Получил городские права в 1863 году.
1006984	Ист-Лондон	Ист-Лондон, Ос-Лонден, реже Баффало-Сити — город на юго-восточном побережье Южно-Африканской Республики в Восточной Капской провинции. Находится на побережье Индийского океана.
1007311	Дурбан	Ду́рбан — центр третьей по населению агломерации ЮАР после Йоханнесбурга и Кейптауна, расположен в городском округе Этеквини провинции Квазулу-Натал. Крупнейший порт. Центр туризма.
101628	Табук	Табу́к — административный район на северо-западе Саудовской Аравии.Административный центр — город Табук. Площадь — 146 072 км², население — 791 535 человек.
1017780	Боксбург	Боксбург — город в провинции Гаутенг Южно-Африканской Республики. Расположен в 20 км на восток от Йоханнесбурга на высоте 1600 м над уровнем моря.
1018725	Блумфонтейн	Блу́мфонтейн — город в ЮАР, центр провинции Фри-Стейт, судебная столица страны.
1019704	Вифлеем	Вифлее́м — город на Западном берегу реки Иордан в исторической области Иудея, находящийся под военным и гражданским контролем Палестинской национальной администрации, столица палестинской провинции Вифлеем; центр паломничества и туризма. Расположен в 10 км к югу от Иерусалима, с которым фактически граничит.
1020098	Бенони	Бено́ни — город в районе Ист-Рэнд провинции Гаутенг, ЮАР. Город-спутник Йоханнесбурга. С 2000 года — часть муниципалитета Экурхулени.
1023441	Альбертон	Альбертон — город провинции Гаутенг Южно-Африканской Республики. Находится в 15 км юго-восточнее Йоханнесбурга и 76 км от г.
1024552	Шаи-Шаи	Шаи-Шаи — город в Мозамбике, административный центр провинции Газа.
102527	Сакака	Сакака — город в Саудовской Аравии, центр административного округа Эль-Джауф. Население — 135 000 человек.
1028434	Келимане	Келима́не, ранее Сан-Мартиньо-де-Келимане — город в Мозамбике, административный центр провинции Замбезия.
103630	Наджран	Наджра́н — город на юго-западе Саудовской Аравии. Административный центр одноимённого административного округа.
1039536	Машише	Машише — город в Мозамбике, расположен в провинции Иньямбане.
1039854	Матола	Матола — город на юге Мозамбика, административный центр провинции Мапуту. Находится в 12 км к западу от столицы страны, Мапуту.
1040652	Мапуту	Мапу́ту — столица и крупнейший город Мозамбика, расположен на юге страны. Крупный порт на берегу Индийского океана, экономическая жизнь сконцентрирована в районе гавани.
1043893	Лишинга	Лишинга — город в Мозамбике, административный центр провинции Ньяса. Расположен на плато Лишинга на высоте около 1360 метров, максимальная высота 1398 метров над уровнем моря.
1045114	Иньямбане (город)	Иньямба́не — город в Мозамбике. Является административным центром одноимённой провинции.
104515	Мекка	Ме́кка, официально Благоро́дная Ме́кка — город на западе Саудовской Аравии, расположенный на расстоянии около 80 км от Красного моря. Административный центр округа Мекка.
1045512	Гурве	Гурве, — город в Мозамбике, расположен в провинции Замбезии.
1049261	Шимойо	Шимо́йо — город на западе Мозамбика. Административный центр провинции Маника.
105072	Хамис-Мушайт	Хамис-Мушайт — город в юго-западной части Саудовской Аравии. Находится в административном округе Асир.
105299	Джизан	Джизан — административный округ на юго-западе Саудовской Аравии.Административный центр — город Джизан. Площадь — 11 671 км², население — 1 365 110 человек.
1053384	Туамасина	Туама́сина, бывший Тамата́ве (Tamatave) — город на востоке Мадагаскара, административный центр округа Туамасина I, района Ацинанана и одноимённой провинции. Население — 325 857 по переписи 2018 года.
105343	Джидда	Джидда — город в западной части Саудовской Аравии. Второй по величине город в стране и её «экономическая столица», а также крупнейший город в административном округе Мекка.
1055429	Тулиара	Тулиа́ра — город на юго-западе Мадагаскара.
1056899	Самбава	Самбава — город на Мадагаскаре.
1062663	Махадзанга	Махадза́нга или Мажу́нга, Маюнга — город на северо-западе Мадагаскара, центр одноимённой провинции. Население — 166 384 чел.. По территории города протекает река Бецибука, впадающая в залив Бумбетука.
106281	Хаиль	Ха́иль — административный округ на севере Саудовской Аравии.Административный центр — город Хаиль. Площадь — 103 887 км², население — 597 144 человек.
10630003	Сюйчжоу	Сюйчжо́у — городской округ в провинции Цзянсу КНР.
1064890	Фианаранцуа	Фианаранцу́а — город в центральной части Мадагаскара, центр одноимённой провинции. Население — 184 090 чел..
1069129	Анциранана	Анцира́нана, также Анцера́нана (Antseranana), до 1975 года — Дие́го-Суа́рес, — город на севере Мадагаскара, административный центр округа Анциранана I, района Диана и провинции Анциранана. Расположен на южном берегу бухты Диего-Суарес Индийского океана.
1069166	Анцирабе	Анцира́бе — третий по величине город на Мадагаскаре. Население — более 250 тыс. человек.
1070940	Антананариву	Антананари́ву — столица Мадагаскара и административный центр одноимённой провинции. Город расположен в центральной части острова Мадагаскара, на Высоком плато, на высоте 1240—1470 метров над уровнем моря.
107304	Бурайда	Бура́йда — город в центральной части Саудовской Аравии. Является административным центром административного округа Эль-Касим.
107797	Дахран	Дахра́н или Эз-Захра́н — город на востоке Саудовской Аравии в провинции Эш-Шаркия, недалеко от Персидского залива. Всего в округе Дахран проживают до 97 446 человек (2004).
107968	Эт-Таиф	Эт-Та́иф — город на западе Саудовской Аравии с населением 521 тысяча жителей. Расположен в историческом регионе Хиджаз в 70 км юго-восточнее Мекки, на высоте 1751 м над уровнем моря.
108410	Эр-Рияд	Эр-Рия́д — столица и крупнейший город Саудовской Аравии. Административный центр округа Эр-Рияд, в составе которого образует одноимённую мухафазу Эр-Рияд.
108512	Аръар	Аръа́р, также Арар — город в Саудовской Аравии, столица административного округа Эль-Худуд-эш-Шамалия. Население — 145 237 человек (2004).
10859300	Ляньюньган	Ляньюньга́н — городской округ в провинции Цзянсу КНР.
108927	Эль-Катиф	Эль-Кати́ф — город в Восточной провинции Саудовской Аравии. Расположен на западном берегу Персидского залива, на высоте 8 м над уровнем моря.
109223	Медина	Меди́на, официально Лучеза́рная Медина — город в исторической области Хиджаз в западной части Саудовской Аравии. Административный центр округа Медина.
109323	Эль-Хубар	Эль-Хубар — город в Саудовской Аравии на берегу Персидского залива. Население — 941 358 человек (2012).
109353	Эль-Хардж	Эль-Хардж, или Эль-Сайх — город в центральной части Саудовской Аравии, в составе одноимённой мухафазы в округе Эр-Рияд, в 77 км к югу от столицы Эр-Рияда.
10942359	Баоцзи	Баоцзи́ — городской округ в провинции Шэньси КНР.
109571	Эль-Хуфуф	Эль-Хуфу́ф — город в Саудовской Аравии. Расположен в Восточном административном районе (Эш-Шаркия).
110336	Эд-Даммам	Эд-Дамма́м, Дамма́м — город-порт в Саудовской Аравии, административный центр округа Эш-Шаркия.
1106542	Читунгвиза	Читунгвиза — город в Зимбабве, расположен в провинции Восточный Машоналенд.
110690	Абха	Абха́ — город на юго-западе Саудовской Аравии и административный центр административного округа Асир. Население по оценочным данным на 2013 год составляет 485 201 человек.
11111027	Шенгавит	Шенгави́т — один из 12 административных районов (округов) Еревана, столицы Армении.
1113217	Заболь	Забо́ль — город на юго-востоке Ирана, в провинции Систан и Белуджистан. Административный центр шахрестана Заболь.
111453	Зенджан	Зенджа́н — город на северо-западе Ирана, административный центр провинции Зенджан.
111822	Йезд	Йезд — один из наиболее древних городов Ирана и центр одноимённой провинции. Население города составляет около 505 тысяч человек.
112214	Верамин	Верами́н — город на севере Ирана в провинции Тегеран, административный центр шахрестана Верамин. Население — 208 569 человек. Расположен в 35 км на юго-запад от Тегерана.
112931	Тегеран	Тегера́н — столица и крупнейший город Ирана и один из крупнейших городов Южной Азии. Административный центр одноимённого остана, политический, экономический, транспортный, торгово-финансовый и культурный центр страны.
1133616	Мазари-Шариф	Маза́ри-Шари́ф — четвёртый по величине город Афганистана. Столица провинции Балх. Один из древнейших и красивейших городов Афганистана.
113646	Тебриз	Тебри́з — город в Иране, административный центр иранской провинции Восточный Азербайджан. Расположен между вулканическими массивами Сехенд и горой Эйнали, у озера Урмия.
1136575	Ташкурган (Китай)	Ташкурган — место пребывания властей Ташкурган-Таджикского автономного уезда в Синьцзяне. Расположен в Памире на высоте 3600 метров там, где сходятся границы Афганистана, Таджикистана, Киргизии и Пакистана, в 230 км к югу от Кашгара по Каракорумскому шоссе.
1138336	Кандагар	Кандага́р — город в южном Афганистане. Второй по численности населения город в стране.
1138958	Кабул	Кабу́л — столица и самый крупный город Афганистана. Единственный город-миллионник страны.
1140026	Герат	Гера́т — город на северо-западе Афганистана в долине реки Герируд. Третий по величине город страны.
1141269	Газни	Газни́ — город в Афганистане, юго-западнее Кабула, на пути в Кандагар. Расположен на гористом плато.
1141857	Гардез	Гарде́з — город на востоке Афганистана, к югу от Кабула. Столица провинции Пактия. В 1980—1987 годах использовался как операционная база ограниченного контингента советских войск в Афганистане, в том числе при проведении крупной войсковой операции по деблокированию стратегического шоссе Гардез-Хост (Матун).
114259	Сирджан	Сирджан — город в южной части Ирана, в остане Керман. Административный центр шахрестана Сирджан.
114593	Сузы	Су́зы (эламск. 𒀸𒋗𒊺𒂗 Шу́шен, 𒋢𒋢𒌦 Шу́шун, 𒀸𒋗𒐼 Шу́шан, 𒀸𒋗𒐼 Шу́ша; др.-перс. 𐏂𐎢𐏁𐎠 Чуша, среднеперс. 𐭮𐭥𐭱𐭩 Суш, 𐭱𐭥𐭮 Шус, перс.
1147540	Баглан	Ба́глан — город в одноимённой афганской провинции, основан приблизительно в 1960 году.
1150007	Транг	Транг — город на юге Таиланда, административный центр одноимённой провинции.
115019	Шираз	Шира́з — город на юге Ирана, административный центр провинции Фарс, шестой по численности населения: в 2016 году в городе проживало 1 869 001 человек. Муниципалитет Шираз разделен на 11 независимых городских территорий и занимает общую площадь 240 км².
1150515	Сураттхани	Сура́ттха́ни — город в одноимённой провинции на юге Таиланда, при впадении реки Тапи в бухту Бандон, в 640 км юго-западнее Бангкока.
1150954	Ратбури	Ра́тбури — город на западе Таиланда, административный центр одноимённой провинции.
1151933	Накхонситхаммарат	Накхо́нситхаммара́т — город в одноимённой провинции на юге Таиланда, в 780 км южнее Бангкока. Хотя город когда-то находился на побережье Сиамского залива, сейчас из-за отступления моря он оказался в 26 км от берега.
1152473	Лампанг	Лампа́нг или Накхон Лампанг — город в провинции Лампанг на севере Таиланда. Третий по величине город на севере Таиланда, столица провинции Лампанг и муниципалитета Лампанг.
1153269	Хуахин	Хуахин — город, являющийся административным центром одноимённого муниципального округа Таиланда в провинции Прачуапкхирикхан в северной части полуострова Малакка, расположенный в 220 километрах к югу от Бангкока на западном побережье Сиамского залива. Население муниципального округа 84 883 человека, площадь 911 км².
1153669	Чианграй	Чианграй — город в северном Таиланде, столица одноимённой провинции. Население — 136 тыс. человек.
1153671	Чиангмай	Чиангма́й, также Чианг Май, — крупнейший город на севере Таиланда, столица одноимённой провинции и второй по величине город страны. Находится в 700 км к северу от Бангкока.
1159301	Захедан	Захеда́н — город в Иране, административный центр провинции Систан и Белуджистан.
1162456	Вазирабад	Вазирабад — город в пакистанской провинции Пенджаб, расположен в округе Гуджранвала.
1163054	Турбат	Турбат — город в провинции Белуджистан, Пакистан. Население — 83 475 чел..
1163198	Тордхер	Тордхер — город в провинции Хайбер-Пахтунхва, Пакистан, второй по численности в округе Сваби. Население — 28 773 чел..
116402	Семнан	Семна́н — город в северном Иране с населением, оцененным в 119 778 жителей (2005). Административный центр остана Семнан.
1164408	Суккур	Су́ккур — город в провинции Синд, Пакистан, центр одноимённого округа. Расположен на западном берегу реки Инд
1164709	Скарду	Скарду — город в пакистанской провинции Гилгит-Балтистан; бывшая столица Балтистана.
1164909	Сиалкот	Сиалко́т — город, расположенный на северо-востоке провинции Пенджаб в Пакистане у подножия заснеженных вершин Кашмира рядом с рекой Чинаб. Является столицей округа Сиалкот.
1165221	Шекхупура	Шекхупура — город в провинции Пенджаб (Пакистан), центр одноимённого округа. Население — 280 263 чел.. Находится примерно в 35 км к северо-западу от Лахора.
1166000	Саргодха	Сарго́дха — город в провинции Пенджаб, Пакистан, центр одноимённого округа. Население — 458 440 чел.. В городе расположено учебное заведение военно-воздушных сил Пакистана.
1166548	Сахивал	Сахи́вал — город в провинции Пенджаб, Пакистан, центр одноимённого округа. Население — 538 344 человек (2023).
116667	Саве	Саве́ — город на западе Ирана, в провинции Меркези. Административный центр шахрестана Саве.
1166993	Равалпинди	Равалпи́нди — город в Пакистане. До основания Исламабада в 1960-х Равалпинди был столицей страны.
1167460	Рахимъяр-Хан	Рахимъяр-Хан — город в провинции Пенджаб, Пакистан, центр одноимённого округа. Население — 233 537 чел..
1167528	Кветта	Кве́тта — крупнейший город и административный центр пакистанской провинции Белуджистан. Местные жители называют Кветту «Плодовым садом Пакистана».
1168197	Пешавар	Пеша́ва́р — административный центр пакистанской провинции Хайбер-Пахтунхва. Пешавар — финансовая, экономическая, политическая и культурная столица приграничного Пакистана, важнейший центр пуштунского населения страны.
1168226	Паттоки	Паттоки — город в провинции Пенджаб, Пакистан, расположен в округе Касур. Население — 113 735 человек (2023).
1169027	Мирпур	Мирпур — город в Азад Кашмире, Пакистан, центр округа Мирпур. Население — 419 000 чел..
1169372	Нанкана-Сахиб	Нанкана-Сахиб, , — город в пакистанской провинции Пенджаб, расположен в одноимённом округе.
1169692	Муридке	Муридке — город в провинции Пенджаб, Пакистан, расположен в округе Шейхупура. Население — 163 268 чел..
1169825	Мултан	Мулта́н — город в пакистанской провинции Пенджаб. Город славится бирюзовыми куполами своих многочисленных мечетей и мавзолеев.
116996	Сари	Са́ри — традиционная женская одежда на Индийском субконтиненте, представляющая собой ткань длиной от 4,5 до 9 метров, шириной до 1,2 метра, особым образом обёрнутую вокруг тела. Носится сари с блузой, известной как чоли или равика, и нижней юбкой.
1170295	Мирпур-Хас	Мирпур-Хас — город в пакистанской провинции Синд, административный центр одноимённого округа. Население — 242 887 чел..
1170395	Мингора	Мингора — город в пакистанской провинции Хайбер-Пахтунхва, крупнейший населённый пункт в долине Сват.
1170880	Мардан	Марда́н — город в пакистанской провинции Хайбер-Пахтунхва, административный центр одноимённого округа.
1170951	Мансехра	Мансехра — город в провинции Хайбер-Пахтунхва, Пакистан, центр одноимённого округа. Население — 80 653 чел..
1172451	Лахор	Лахо́р — второй по величине город Пакистана после Карачи. По оценкам на 2009 год, в городской агломерации проживало более 10 миллионов человек.
1172904	Котри	Котри — город в пакистанской провинции Синд, расположен в округе Джамшоро. Население — 82 916 чел..
117392	Секкез	Секке́з — город на западе Ирана, в провинции Курдистан. Административный центр шахрестана Секкез.
1174625	Касур	Ка́сур — город в провинции Пенджаб, Пакистан, центр одноимённого округа. Население — 321 954 чел..
1174872	Карачи	Кара́чи — портовый город на юге Пакистана, административный центр провинции Синд, крупнейший город страны и один из крупнейших городов мира.
117574	Сенендедж	Сененде́дж — город на западе Ирана, административный центр провинции Курдистан.
1176106	Джаранвала	Джаранвала — город в пакистанской провинции Пенджаб, расположен в округе Фейсалабаде.
1176515	Джейкобабад	Джейкобаба́д — город на северо-западе провинции Синд, Пакистан.
1176615	Исламабад	Исламаба́д — столица Исламской Республики Пакистан. Построен в 1960-х годах как плановый город, чтобы заменить Карачи в качестве столицы Пакистана.
1177042	Хасилпур	Хасилпур — город в пакистанской провинции Пенджаб, расположен в округе Бавахалпуре.
1177446	Гвадар	Гвада́р — город и административный центр одноимённого округа, расположенный на юго-западе пакистанской провинции Белуджистан.
1177654	Гуджарат	Гуджара́т — штат на западе Индии. Столица — город Гандинагар, крупнейший город — Ахмадабад.
11778484	Луннань	Лунна́нь — городской округ в провинции Ганьсу КНР. Название означает «к югу от гор Луншань».
1178231	Годжра	Годжра — город в провинции Пенджаб, Пакистан, расположен в округе Тоба-Тек-Сингхе. Население — 157 863 чел..
1178338	Гилгит	Гилгит — административный центр Пакистанского региона Гилгит-Балтистан. Регион находится под контролем Пакистана с 1949 года и является частью Кашмира — территории, вокруг которой существует территориальный спор между Индией, Пакистаном и Китаем.
1179400	Фейсалабад	Фейсалаба́д, Файсалаба́д — город и административный центр одноимённого округа, расположенный в пакистанской провинции Пенджаб. Третий по величине город Пакистана после Карачи и Лахора.
1179760	Дипалпур	Дипалпур — город в пакистанской провинции Пенджаб, расположен в округе Окаре.
1180289	Дера-Гази-Хан	Дера-Гази-Хан — город в пакистанской провинции Пенджаб, административный центр одноимённого округа.
118063	Себзевар	Себзева́р — город на северо-востоке Ирана, в провинции Хорасан-Резави. Административный центр шахрестана Себзевар.
1181073	Чиштиан-Манди	Чиштиан-Манди — город в пакистанской провинции Пенджаб, расположен в округе Бахавалнагар.
1181096	Чиниот	Чиниот — город в провинции Пенджаб, Пакистан, центр одноимённого округа. Население — 224 581 чел..
1183460	Банну	Банну — город в Пакистане, столица одноимённого округа. Город находится в провинции Хайбер-Пахтунхва, граничит с округом Южный Вазиристан.
1185056	Абботтабад	Абботтаба́д, также Абботаба́д — город в пакистанской провинции Хайбер-Пахтунхва, центр одноимённого округа.
1185092	Тхакургаон	Тхакургао́н (бенг. ঠাকুরগাঁও) — город и муниципалитет на северо-западе Бангладеш, административный центр одноимённого округа. Площадь города равна 10,70 км².
1185099	Силхет	Си́лхет (бенг. সিলেট) — один из крупнейших городов Бангладеш. Расположен в области Силхет на северо-востоке Бангладеш, возле государственной границы с Индией.
1185106	Джамалпур (город, Бангладеш)	Джамалпур (бенг. জামালপুর) — город и муниципалитет на севере Бангладеш, административный центр одноимённого округа и подокруга Джамалпур-Садар. Муниципалитет был основан в 1869 году.
1185115	Сираджгандж	Сираджга́ндж (бенг. সিরাজগঞ্জ) — город и муниципалитет в Бангладеш, административный центр одноимённого округа. Расположен в 110 км к северо-западу от Дакки.
1185128	Раджшахи	Раджшахи (бенг. রাজশাহী) — один из крупнейших городов Бангладеш. Площадь — 96,68 км².
1185162	Маймансингх	Майманси́нгх — город на севере Бангладеш, административный центр одноимённых области и округа.
1185188	Рангпур	Рангпу́р (бенг. রংপুর) — один из крупнейших городов Бангладеш, административный центр области Рангпур. Расположен на северо-западе страны, возле реки Гхагат.
1185209	Хабигандж	Хабига́ндж (бенг. হবিগঞ্জ) — город и муниципалитет на востоке Бангладеш, административный центр одноимённого округа. Муниципалитет был основан в 1913 году.
1185224	Фени (город)	Фени или Фенни (бенг. ফেনী) — город на востоке Бангладеш, административный центр одноимённого округа. Площадь города равна 7,43 км².
1185241	Дакка	Да́кка (бенг. ঢাকা) — столица и крупнейший город Бангладеш. Город основан в VII веке. Дакка — столица исторического государства Бенгалии (1608—1717), столица Бангладеш с 1971 года.
1185270	Бандарбан	Бандарба́н (бенг. বান্দরবান) — город на юго-востоке Бангладеш, административный центр одноимённого округа. Площадь города равна 51,80 км².
1185281	Багерхат	Багерхат (бенг. বাগেরহাট) — город и муниципалитет на юго-западе Бангладеш, административный центр одноимённого округа. Муниципалитет был основан в 1958 году.
118743	Решт	Решт — город в Иране, центр провинции (остана) Гилян. Население — немногим более 620 000 жителей.
1187530	Сонаргаон	Сонаргаон — город в центральной части Бангладеш, административный центр одноимённого подокруга. Площадь города равна 0,73 км².
118994	Рефсенджан	Рефсенджан — город в Иране, в провинции Керман. Административный центр шахрестана Рефсенджан.
119208	Кум (город)	Кум — столица провинции (остана) Кум в Иране, священный город шиитов. Население на 2012 год составляло 1 071 503 человека, город быстро развивается.
119505	Казвин	Казви́н — город на севере Ирана, административный центр и крупнейший город остана Казвин. Население — 331 тыс. человек. Важный центр текстильной промышленности — производство хлопка, шёлка, кожи.
11995100	Бачжун	Бачжу́н — городской округ в провинции Сычуань КНР.
1200109	Газипур	Газипур (бенг. গাজীপুর) — город в Бангладеш, административный центр одноимённого округа.
1205733	Читтагонг	Читтагонг (бенг. চট্টগ্রাম) — город на юго-востоке Бангладеш; административный центр одноимённого округа и области страны. Второй по населению город страны и важнейший порт Бангладеш.
121110	Пираншехр	Пираншехр — город в Иране, в провинции Западный Азербайджан. Административный центр одноимённого шахрестана.
121380	Парсабад	Парсабад — город в Иране в провинции Ардебиль на правом берегу реки Аракс, самый северный населённый пункт Ирана. Административный центр шахрестана Парсабад, граничит с республикой Азербайджан.
1213855	Сиболга	Си́болга — портовый город в Индонезии, расположенный на территории провинции Северная Суматра. Территория города выделена в самостоятельную административную единицу — муниципалитет.
1214520	Медан	Меда́н — административный центр провинции Северная Суматра, Индонезия. Самый крупный город на Суматре и четвёртый по населению в Индонезии после Джакарты, Сурабаи и Бандунга.
1215502	Банда-Ачех	Банда-Ачех — административный центр и самый крупный город в провинции Ачех в Индонезии, на северном побережье острова Суматра.
1215839	Ургут	Ургу́т — город в Самаркандской области Узбекистана, приблизительно в 50 км к юго-востоку от Самарканда, райцентр Ургутского района. Граничит с Кашкадарьинской областью.
1215957	Термез	Терме́з — самый южный город Узбекистана, административный центр и крупнейший город Сурхандарьинской области.
1216187	Шахрисабз	Шахриса́бз — город в Кашкадарьинской области Узбекистана. Один из древнейших городов Средней Азии, до XVI века назывался Кеш.
1216265	Самарканд	Самарка́нд — третий по численности населения город Узбекистана, административный центр Самаркандской области. Город расположен на высоте около 720 метров над уровнем моря.
1216311	Карши	Карши́ — город на юге Узбекистана, административный центр Кашкадарьинской области Узбекистана.
1216982	Каттакурган	Каттакурга́н — город в Самаркандской области (вилояте) Узбекистана.
1217474	Денау	Денау — город в Сурхандарьинской области Узбекистана, административный центр Денауского района.
1217662	Бухара	Бухара́ — один из древнейших городов мира, административный центр Бухарской области Узбекистана; город имеет большую архитектурную и историко-культурную ценность, так как сохранил уникальные памятники зодчества многих исторических эпох начиная с IX века. В Средневековье город был средоточием культуры, науки и мусульман…
121801	Урмия (город)	У́рмия — город в Иране, административный центр остана Западный Азербайджан, расположенный на западном берегу озера Урмия.
1218667	Мары	Мары́ — город на юге Туркменистана, названный в честь древнего города Мерв, центр Марыйского велаята.
1219649	Туркменабад	Туркменаба́д, также Туркменаба́т — второй по численности город в Туркменистане, является административным центром Лебапского велаята.
1219762	Байрамали	Байрамали — город в Марыйском велаяте Туркменистана. Расположен в Мургабском оазисе, в 375 км к востоку от Ашхабада.
1220253	Истаравшан	Истаравша́н — второй по величине город в Согдийской области Таджикистана. Является административным центром Истаравшанского района.
1220747	Бохтар	Бохта́р (до 2018 года — Курган-Тюбе) — город в юго-западном Таджикистане, административный центр Хатлонской области. Расположен в 100 км к югу от Душанбе, в центре богатого оазиса в долине реки Вахш.
1221194	Куляб	Куля́б — город в Хатлонской области Таджикистана. Расположен в долине реки Яхсу, у подножия хребта Хазратишох, в 175 км к юго-востоку от города Душанбе.
1221874	Душанбе	Душанбе́ — столица Таджикистана, город республиканского значения, самый крупный научно-культурный, политический, экономический, промышленный и административный центр страны. В Душанбе расположены высшие органы государственной власти страны.
122285	Нишапур	Нишапу́р — город в Иране, второй по величине город северо-восточной иранской провинции Хорасан-Резави. Население — 276 089 человек (2011).
1226260	Тринкомали	Тринкома́ли́ — город-порт на северо-восточном берегу Шри-Ланки, в 110 милях от Канди. Также около города расположена военно-морская и военно-воздушная база Шри-Ланки.
1233369	Негомбо	Него́мбо — город в Западной провинции Шри-Ланки, в округе Гампаха.
1234569	Дехивала-Маунт-Лавиния	Дехива́ла-Ма́унт-Лави́ния — город на Шри-Ланке. Расположен на территории Западной провинции и округа Коломбо.
1234633	Моратува	Морату́ва — город на юго-западном побережье государства Шри-Ланка, образует южную часть агломерации Большого Коломбо.
1238992	Шри-Джаяварденепура-Котте	Шри-Джаява́рденепура-Ко́тте, также известна как просто Ко́тте — столица Шри-Ланки, место нахождения парламента страны. Пригород крупнейшего города страны, Коломбо.
123941	Минаб	Мина́б — город на юге Ирана, в провинции Хормозган. Административный центр шахрестана Минаб.
124085	Миандоаб	Миандоаб (перс. میاندوآب‎ — «между двумя реками», азерб. Qoşaçay / قوشاچای — «па́рная река», — город в Иране, в остане Западный Азербайджан, центр одноимённого шахрестана.
124665	Мешхед	Мешхе́д — второй по величине и численности населения город Ирана, административный центр остана (провинции) Хорасан-Резави, один из главных священных городов для мусульман-шиитов.
124721	Мервдешт	Марвдешт — город на юге Ирана, в провинции Фарс. Административный центр шахрестана Мервдешт.
124862	Меренд	Меренд, иначе Маранд — город на северо-западе Ирана, в провинции Восточный Азербайджан. Административный центр шахрестана Меренд.
1248991	Коломбо	Коло́мбо — крупнейший город Шри-Ланки, часто неофициально называемый её столицей. Расположен в Западной провинции, в округе Коломбо.
1250161	Баттикалоа	Баттикало́а — город на востоке Шри-Ланки. Расположен на территории Восточной провинции и является административным центром одноимённого округа.
1252416	Тхимпху	Тхимпху́ — нынешняя столица Королевства Бутан, которая с давних времён являлась столицей исторической провинции Тхимпху. Город Тхимпху также является административным центром одноимённого административного района (дзонгхага) Тхимпху.
1252822	Ядгир	Ядгир — город в индийском штате Карнатака. Административный центр округа Ядгир.
1252942	Вардха	Вардха — город в индийском штате Махараштра. Административный центр округа Вардха.
1252948	Варангал	Вара́нгал ; также известен как Оругаллу, Телангана Нагарам и Екасила Нагарам — город в индийском штате Телангана. Административный центр округа Варангал.
1253084	Визианагарам	Визиана́гарам — город в индийском штате Андхра-Прадеш. Административный центр округа Визианагарам.
1253102	Вишакхапатнам	Вишакхапа́тнам, также известен как Визак — город на юго-восточном побережье Индии в штате Андхра-Прадеш, один из крупнейших портов Индии. Административный центр округа Вишакхапатнам.
1253184	Виджаявада	Виджаява́да или Безвада — город в индийском штате Андхра-Прадеш. Расположен на берегу реки Кришна в округе Кришна.
1253200	Видиша	Видиша — город в штате Мадхья-Прадеш, Индия. Расположен неподалёку от столицы штата — города Бхопала.
1253286	Веллуру	Веллуру — город в индийском штате Тамилнад. Административный центр округа Веллуру.
1253367	Васко-да-Гама	Ва́ско-да-Га́ма — город в штате Гоа на западном побережье Индии. Назван в честь португальского исследователя Васко да Гама.
1253405	Варанаси	Варана́си ; Бена́рес или Банарас или Каши — главный город одноимённой области в северо-восточной Индии, город, имеющий для индусов такое же значение, как Рим для католиков, средоточие брахманской учёности.
1253573	Вадодара	Вадо́дара — 3-й крупнейший город в индийском штате Гуджарат после Ахмадабада и Сурата. Раньше назывался «Баро́да». Также известен под названиями Саяджи Нагари или Санскари Нагари.
1253894	Улхаснагар	Улхаснага́р — город на западе Индии, в штате Махараштра, расположенный на территории округа Тхане. Город является частью агломерации Большого Мумбаи.
1253914	Удджайн	Удджа́йн — город на западе индийского штата Мадхья-Прадеш, у истоков реки Чамбал. Один из семи священных городов индуизма, где каждые 12 лет при огромном стечении народа проходит ритуал Кумбха Мела.
1253952	Удипи	Удипи или Удупи — город в индийском штате Карнатака, столица округа Удипи. Известен своим храмом Кришны, являющимся местом паломничества для последователей индуистской традиции вайшнавизма.
1253956	Удхампур	Удхампур — город и техсил в округе Удхампур в Джамму и Кашмире, Индия. В городе расположена Северная Штаб-квартира армии Индии.
1253986	Удайпур	Удайпу́р (радж. उदैपर) — город в индийском штате Раджастхан, центр одноимённого округа. В прошлом — столица раджпутского княжества Мевар, известного с VIII века.
1253993	Утакаманд	Утакаманд — город в Индии, штат Тамилнад, административный центр района Нилгири. Один из самых популярных горных курортов Индии.
1254163	Тривандрам	Трива́ндрам, Ти́руванантапу́рам — город в Индии, столица штата Керала, административный центр округа Тривандрам. Город расположен на западном побережье Индии, близ южной оконечности полуострова Индостан.
1254241	Тонк	Тонк — город в индийском штате Раджастхан, административный центр округа Тонк.
1254327	Тируваннамалай	Тируваннамалай — город в Южной Индии, в штате Тамилнад, расположенный в 185 км от Мадраса (Ченнай) и 210 км от Бангалора, штат Карнатака.
1254348	Тируппур	Тируппур — город на юге Индии, на западе штата Тамил-Наду.
1254360	Тирупати	Тирупа́ти — город в округе Читтур в индийском штате Андхра-Прадеш. Один из крупнейших городов региона Раяласима.
1254361	Тирунелвели	Тирунелвели, также Тинневелли, Тиннивелли, там. திருநெல்வேலி) — город в индийском штате Тамилнад.
1254388	Тируччираппалли	Тируччираппалли — город в южноиндийском штате Тамилнад. Административный центр округа Тируччираппалли.
125446	Мехабад	Мехаба́д — город в Иране, в остане Западный Азербайджан, административный центр шахрестана Мехабад, считающийся столицей Иранского Курдистана.
1254649	Танджавур	Танджавур, Танджур — административный центр одноимённого округа в индийском штате Тамилнад, в устье реки Кавери — одной из рисовых житниц Южной Азии. Население — 216 тыс. жит. (2001).
1254661	Тхана	Тхана — город в западной Индии, в штате Махараштра. Расположен в начале протоки Тхана-Крик, части эстуария реки Улхас.
1254710	Тезпур	Тезпур — город в индийском штате Ассам, административный центр округа Сонитпур. Расположен на северном южном берегу реки Брахмапутра.
1255361	Суратгарх	Суратгарх — город и муниципалитет в округе Ганганагар в индийском штате Раджастхан.
1255364	Сурат	Сура́т — город на западе Индии, в штате Гуджарат. Сурат также известен как город цветов.
1255634	Сринагар	Срина́гар, традиционно Сринага́р — город в Кашмирской долине, летняя столица союзной территории Джамму и Кашмир. Находится на высоте 1730 м над уровнем моря в 650 км к северо-северо-западу от Дели.
1255647	Срикакулам	Срикакулам (Чикаколе), — город в индийском штате Андхра-Прадеш. Административный центр округа Срикакулам.
1256052	Сирса	Сирса — город на западе индийского штата Харьяна. Административный центр округа Сирса.
1256237	Шимла	Ши́мла, или Симла — город в северной Индии, столица штата Химачал-Прадеш. Горноклиматический курорт, важный туристический центр.
1256259	Силваса	Силва́са, Силва́сса, Селваса — город в Индии, в округе Дадра и Нагар-Хавели в союзной территории Дадра и Нагар-Хавели и Даман и Диу.
1256287	Силчар	Си́лчар — город в индийском штате Ассам, административный центр округа Качар.
1256436	Солапур	Солапу́р или Шолапу́р — город в штате Махараштра в Индии, недалеко от границы со штатом Карнатака. Это административный центр округа Солапур.
1256451	Шивпури	Шивпури — город на крайнем севере индийского штата Мадхья-Прадеш. Административный центр округа Шивпури.
1256515	Шимога	Шимога или Шивамогга — город в индийском штате Карнатака. Административный центр округа Шимога.
1256523	Шиллонг	Шилло́нг — город на крайнем северо-востоке Индии, столица штата Мегхалая. Административный центр округа Восточные горы Кхаси.
1256525	Силигури	Сили́гури — город в Индии, третий по величине город штата после Калькутты и Асансола. Входит в округ Дарджилинг. Расположен на востоке Индии у подножия Гималайских гор в Коридоре Силигури.
1256922	Секундерабад	Секундерабад (Сикандрабад) — город в Индии. Является городом-спутником Хайдарабада, столицы штата Телингана.
1256949	Савай-Мадхопур	Савай-Мадхопур — город в северо-западной части Индии, в штате Раджастхан, административный центр округа Савай-Мадхопур.
1257055	Сатара	Сатара — город в индийском штате Махараштра. Административный центр округа Сатара.
1257542	Самбалпур	Самбалпур — город в индийском штате Орисса. Административный центр округа Самбалпур.
1257804	Сахарса	Сахарса — город на востоке центральной части штата Бихар, Индия. Административный центр округа Сахарса.
1258044	Рурки	Рурки — город в индийском штате Уттаракханд в округе Харидвар. Расположен на берегах Гангского канала в 172 километрах к северу от Дели.
1258076	Рохтак	Ро́хтак — город в индийском штате Харьяна. Административный центр округа Рохтак.
1258128	Ришикеш	Ришике́ш — город, расположен в северной Индии, в предгорьях Гималаев. Этот святой город для приверженцев индуизма является мировой столицей йоги, в котором в древности жили легендарные святые мудрецы, а в XX веке — такие известные мастера йоги, как Свами Шивананда и Свами Омкарананда.
1258338	Ратнагири	Ратнаги́ри — портовый город на берегу Аравийского моря в индийском штате Махараштра. Административный центр округа Ратнагири.
1258526	Ранчи	Ра́нчи — город в Индии, столица штата Джаркханд. Является важным политическим, коммерческим, промышленным и образовательным центром восточной Индии.
1258847	Раджкот	Раджко́т — город в индийском штате Гуджарат. Четвёртый по численности населения город штата, после Ахмедабада, Сурата и Вадодары.
1258932	Раджамандри	Раджама́ндри, Раджмандри, Раджахмундри — город в Индии, в штате Андхра-Прадеш, на территории округа Восточный Годавари.
1258980	Райпур	Райпу́р — город в Центральной Индии, столица штата Чхаттисгарх. Административный центр округа Райпур.
1259005	Райгарх	Райгарх — город в Индии, в штате Чхаттисгарх. Является административным центром одноимённого округа.
1259064	Рай-Барели	Рай-Барели — город на севере Индии, в штате Уттар-Прадеш, административный центр одноимённого округа.
1259166	Пурния	Пу́рния — город в восточной части штата Бихар, Индия. Административный центр округа Пурния.
1259229	Пуна	Пу́на — город в Индии, расположен в 150 км к юго-востоку от Мумбаи. Население Пуны составляет около 3,1 млн чел.
1259297	Пудуккоттай	Пудуккоттай — город в индийском штате Тамилнад. Административный центр округа Пудуккоттай.
1259385	Порт-Блэр	Порт-Блэр — город на острове Южный Андаман, столица и крупнейший населённый пункт союзной территории Андаманские и Никобарские острова.
1259425	Пондичерри	Пондичерри, Пудуччери — союзная территория в составе Индии. Административный центр — город Пондичерри.
1259686	Пилибхит	Пилибхит — город и муниципальный совет в округе Пилибхит индийского штата Уттар-Прадеш.
1260086	Патна	Патна — город в северной части Индии, порт на реке Ганг, административный центр штата Бихар. Раджагриха и Паталипутра в IV веке до н.
1260341	Парбхани	Парбхани — город в индийском штате Махараштра. Административный центр округа Парбхани.
1260546	Пандхарпур	Пандхарпур — город в округе Солапур в индийском штате Махараштра. Расположенный здесь храм Витхобы является важным местом паломничества для индуистов, в особенности для приверженцев вайшнавского движения бхакти варкари.
1260607	Панаджи	Панаджи́ или панджи́м — столица индийского штата Гоа и административный центр Северного района Гоа. Расположен в устье реки Мандови.
1260637	Палвал	Палвал — город на севере Индии, в штате Харьяна, административный центр одноимённого округа.
1260728	Палгхат	Палгха́т, Палакка́д — город в индийском штате Керала. Административный центр округа Палгхат.
1261012	Османабад	Османабад — город в индийском штате Махараштра. Административный центр округа Османабад.
1261045	Онголе	Онголе — город в индийском штате Андхра-Прадеш. Административный центр округа Пракасам.
1261481	Нью-Дели	Нью-Де́ли, Но́вый Де́ли — столица Индии, район города Дели. Занимает территорию 42,7 км². Нью-Дели находится в метрополии Дели и является местонахождением правительства Индии и правительства Дели.
1261529	Неллуру	Неллу́ру или Неллур, прежнее название — Неллор — город в индийском штате Андхра-Прадеш. Административный центр округа Неллуру.
1261669	Набадвип	Набадвип, или Навадви́п(а) — город в округе Надия индийского штата Западная Бенгалия. Также — историческая область в месте слияния рек Ганги и Джаланги, с центром в городе Навадвипа.
1261731	Насик	На́сик — город на западе Индии в штате Махараштра. Насик расположен на северо-западе штата в 171 километрах от Мумбаи и 210 километрах от Пуны.
1261772	Нарнаул	Нарнаул — город на севере Индии, в штате Харьяна, административный центр округа Махендрагарх.
1261931	Нандурбар	Нандурбар — город в индийском штате Махараштра. Административный центр округа Нандурбар.
1261977	Нандер	На́ндер, Нандед — город в индийском штате Махараштра. Административный центр округа Нандер.
1262067	Налгонда	Налгонда — город в индийском штате Телангана. Административный центр округа Налгонда.
1262180	Нагпур	Нагпу́р — город в центральной Индии, в штате Махараштра. Расположен на реке Наг. Нагпур — быстро растущий мегаполис.
1262321	Майсур	Майсу́р — город в Индии, в штате Карнатака, центр одноимённого округа. Является третьим по величине городом штата.
1262330	Музаффарпур	Музаффарпур — город на севере центральной части штата Бихар, Индия. Административный центр округа Музаффарпур.
1262463	Муннар	Муннар — городок в Индии, носящий статус «горная станция». Известен как «Кашмир Южной Индии», популярное место проведения медовых месяцев и место съёмок кинофильмов.
1263214	Мирут	Ми́рут, Ме́ратх — город в северо-западной части штата Уттар-Прадеш, Индия. Административный центр округа Мератх.
1263364	Матхура	Ма́тхура или Му́ттра — город в Индии, примерно в 50 км к северу от Агры и к югу от Дели. Административный центр одноимённого округа.
1263780	Мангалур	Мангалу́р, Мангалу́ру — город в индийском штате Карнатака, главный порт Карнатаки. Расположен в 350 км к западу от столицы штата, Бангалора, на Малабарском побережье Аравийского моря у подножия Западных Гхат.
1263814	Мандья	Мандья — город в индийском штате Карнатака. Административный центр округа Мандья.
1264115	Малегаон	Малегаон — крупный город в северо-западной части штата Махараштра, Индия, административно входящий в округ Нашик. Город расположен на слиянии рек Гирна и Мосам и является вторым по значимости экономическим и административным центром округа после Нашика.
1264154	Малаппурам	Малаппурам — город в индийском штате Керала. Административный центр округа Малаппурам.
1264292	Майнпури	Маинпури — город и муниципальное управление в индийском округе Махамаянагар штата Уттар-Прадеш. Является штаб-квартирой округа Маинпури и располагается на северо-востоке Агры.
1264521	Мадурай	Мадура́й — город в штате Тамилнад, построенный пандийским раджой Кулашекхарой и бывший столицей пандийских правителей Южной Индии. Главной достопримечательностью города является почитаемый индуистами храм Минакши.
1264527	Ченнаи	Ченна́и, также Ченна́й — город на юге Индии, столица и крупнейший город штата Тамилнад. Шестой по величине город страны, 41-я по величине в мире городская агломерация.
1264555	Мадхубани	Мадхубани — город в северной части штата Бихар, Индия. Административный центр округа Мадхубани.
1264588	Маргао	Маргао — второй по величине город в Гоа, расположенный в 6 км от популярных пляжей Колва и Бенаулим, коммерческая столица штата, и административный центр округа Южный Гоа.
1264728	Лудхиана	Лудхиа́на, Лудхия́на — крупнейший город в индийском Пенджабе с населением 3 487 882 человек согласно переписи населения 2011 года. Население города существенно выросло по сравнению с 2001 годом вследствие миграции населения из восточных штатов — Уттар-Прадеша, Бихара, Ориссы и Дели.
1264733	Лакхнау	Лакхна́у — город в Индии, столица штата Уттар-Прадеш, в 516 км на восток от Дели. Население — 2,9 млн человек (2011).
1265491	Карнул	Карнул, Карну́лу — город в Южной Индии в штате Андхра-Прадеш. Административный центр округа Карнул.
1265683	Кумбаконам	Кумбако́нам — город и муниципалитет в округе Танджавур в южноиндийском штате Тамилнад. Административный центр одноимённого талука.
1265711	Култи	Култи — городской район в составе Асансольской муниципальной корпорации, расположенный в западной части округа Западный Бардхаман штата Западная Бенгалия. Являясь историческим спутником Асансола, Култи играет роль ключевого промышленного пригорода в рамках второй по величине городской агломерации штата.
1265859	Кришнанагар	Кришнана́гар — город в индийском штате Западная Бенгалия. Административный центр округа Надия.
1265863	Кришнагири	Кришнагири — город в индийском штате Тамилнад. Административный центр округа Кришнагири.
1265873	Калькутта	Кальку́тта — город в дельте Ганга на востоке Индии, столица штата Западная Бенгалия, второй по площади город в Индии после Мумбаи и четвёртый по населению город в Индии после Мумбаи, Дели и Бангалора. По состоянию на 2011 год, население города составляет 4 486 679 человек, городской агломерации — 14 112 536.
1266154	Коппал	Коппал — город в индийском штате Карнатака. Административный центр округа Коппал.
1266305	Колар	Колар — город в индийском штате Карнатака. Административный центр округа Колар.
1266366	Кохима	Кохи́ма — административный центр индийского штата Нагаленд, один из трёх городов штата, имеющий собственный муниципалитет.
1266486	Кишангарх	Кишангарх — город в северо-западной части Индии, в штате Раджастхан, на территории округа Аджмер.
1266976	Харагпур	Харагпур — город в Индии.
1267076	Кхаммам	Кхаммаметт, Кхаммам — город в индийском штате Телангана. Административный центр округа Кхаммам.
1267588	Касгандж	Касгандж — город на западе центральной части штата Уттар-Прадеш, Индия. Административный центр округа Канширамнагар.
1267635	Карвар	Карвар — город в индийском штате Карнатака. Административный центр округа Уттара-Каннада.
1267648	Карур	Карур — город в индийском штате Тамилнад. Административный центр округа Карур.
1267708	Карнал	Карна́л — город на севере Индии, в штате Харьяна, административный центр одноимённого округа.
1267819	Караули	Караули — город и муниципалитет в восточной части индийского штата Раджастхан. Административный центр округа Караули.
1267911	Капуртхала	Капуртхала — город на севере центральной части штата Пенджаб, Индия. Административный центр округа Капуртхала.
1267995	Канпур	Канпу́р — один из наиболее населённых городов Индии в штате Уттар-Прадеш.
1268011	Каннаудж	Каннаудж — город, административный центр одноименного округа в индийском штате Уттар-Прадеш, расположен на берегу Ганга. Название города происходит от слова «Каньякубья», в переводе — «девичий горб».
1268159	Канчипурам	Кондживерам, Канчипу́рам или просто Ка́нчи — древний религиозный и культурный центр Южной Индии, прозванный «городом тысячи гопур». На самом деле в современном Канчи 108 шиваитских и 18 вайшнавских храмов.
1268561	Какинада	Какинада — город в индийском штате Андхра-Прадеш. Административный центр округа Восточный Годавари.
1268593	Кайтхал	Ка́йтхал — город на севере Индии, в штате Харьяна, административный центр одноимённого округа.
1268782	Джаландхар	Джаландха́р — город в индийском штате Пенджаб, административный центр округа Джаландхар. Джаланхар являлся столицей штата Пенджаб с 1947 по 1953 года.
1268820	Джорхат	Джорхат — небольшой город в индийском штате Ассам, центр одноимённого округа. Город интересен множеством старинных храмов и монастырей.
1268865	Джодхпур	Джодхпу́р — второй по величине город штата Раджастхан, Индия. До середины XX века служил столицей раджей Марвара.
1268977	Джхарсугуда	Джхарсугуда — город в индийском штате Орисса. Административный центр округа Джхарсугуда.
1269135	Джаунпур	Джаунпур — город в восточной части индийского штата Уттар-Прадеш. Административный центр одноимённого округа.
1269300	Джамшедпур	Джамшедпу́р, или Татанагар — город в индийском штате Джаркханд. Административный центр округа Восточный Сингхбхум.
1269321	Джамму	Джамму, также известно как Дуггар, один из двух регионов союзной территории Джамму и Кашмир. Город Джамму — крупнейший город и зимняя столица штата.
1269507	Джайсалмер	Джайсалмер — город посредине Великой индийской пустыни. Центр одноимённого округа. Через него проходят пересекающие пустыню караваны.
1269515	Джайпур	Джайпу́р — крупнейший город и столица индийского штата Раджастхан.
1269578	Джагдалпур	Джагдалпур — город в индийском штате Чхаттисгарх. Административный центр округа Бастар.
1269633	Джабалпур	Джабалпу́р — город в индийском штате Мадхья-Прадеш, административный центр округа Джабалпур.
1269743	Индаур	Инда́ур — второй по величине город индийского штата Мадхья-Прадеш. Расположен в природном регионе Малва, на западе центральной части штата, в 190 км к западу от города Бхопал.
1269771	Импхал	И́мпхал — столица индийского штата Манипур, расположен в долине, окружённой холмами, с которых стекает несколько небольших рек.
1269920	Хубли-Дхарвад	Хубли-Дхарвад, Хубли-Дхарвар — город в индийском штате Карнатака. Площадь — 200,23 км². Важный торговый центр, второй по численности населения город штата, крупнейший город северной Карнатаки c численностью населения 943 788 человека (2011).
1270072	Хинголи	Хинголи — город в индийском штате Махараштра. Административный центр округа Хинголи.
1270351	Хардвар	Хар(и)два́р, Гардва́р или Гурдва́р — город в индийском штате Уттаракханд, административный центр округа Харидвар. Раскинувшийся на берегах Ганга, Харидвар является одним из семи основных священных городов индуизма.
1270498	Халдвани	Халдвани — город в индийском штате Уттаракханд, один из самых больших городов штата, который вместе с городом Катхгодам формирует муниципалитет Халдвани-Катхгодам.
1270525	Хаджипур	Хаджипур — город в центральной части штата Бихар, Индия. Административный центр округа Вайшали.
1270583	Гвалиор	Гва́лиор, Гва́лияр — четвёртый по величине город индийского штата Мадхья-Прадеш. Расположен в 122 км к югу от Агры на пересечении железных дорог и состоит из трёх исторических центров — собственно Гвалиора, Лашкара и Морара.
1270642	Гургаон	Гурга́он или Гуруграм — второй по величине город в индийском штате Харьяна. Крупный промышленный и финансовый центр, расположен в 30 км к югу от Нью-Дели и в 268 км от Чандигарха.
1270647	Гурдаспур	Гурдаспур — город в северной части штата Пенджаб, Индия. Административный центр округа Гурдаспур.
1270990	Гондия	Го́ндия — город в индийском штате Махараштра. Административный центр округа Гондия.
1271308	Газиабад	Газиабад — город на западе индийского штата Уттар-Прадеш, административный центр одноимённого округа.
1271476	Гувахати	Гауха́ти, Гуваха́ти (ассам. গুৱাহাটী) — город в индийском штате Ассам на южном берегу реки Брахмапутра. Это самый большой город на северо-востоке Индии.
1271631	Гангток	Га́нгток — город в Индии, в Гималаях, административный центр штата Сикким. Население — 98 тыс. жителей (2011).
1271715	Гандинагар	Гандинага́р — город в Западной Индии, административный центр штата Гуджарат.
1271912	Фатехпур	Фатехпур — город на юге центральной части штата Уттар-Прадеш, Индия. Административный центр округа Фатехпур.
1271951	Фаридабад	Фаридаба́д — главный промышленный и населённый центр в штате Харьяна, на севере Индии. Административный центр округа Фаридабад.
1271992	Этах	Этах — город в западной части штата Уттар-Прадеш, Индия. Административный центр округа Этах.
1272051	Элуру	Эллоре,Элур(у) — город в индийском штате Андхра-Прадеш. Административный центр округа Западный Годавари.
1272181	Дург	Дург — город и муниципалитет в западной части индийского штата Чхаттисгарх. Административный центр округа Дург.
1272543	Диндуккал	Ди́ндуккал, Ди́ндигал, Диндикал, Ди́ндигул — город в индийском штате Тамилнад. Административный центр округа Диндуккал.
1272552	Димапур	Димапур — крупнейший город в индийском штате Нагаленд, административный центр одноимённого округа.
1272648	Дибругарх	Дибругарх — город в индийском штате Ассам, административный центр одноимённого округа.
1272691	Дхулия	Дху́лия, Дхуле, раннее — Дхулиа — город в индийском штате Махараштра. Административный центр округа Дхуле.
1272847	Дхармапури	Дхармапу́ри — город в индийском штате Тамилнад. Административный центр округа Дхармапури.
1272979	Дханбад	Дханбад — город в индийском штате Джаркханд, административный центр округа Дханбад. Второй по численности населения город штата Джаркханд.
1273066	Девас	Девас — город и муниципалитет на западе центральной части индийского штата Мадхья-Прадеш. Административный центр округа Девас.
127319	Хорремшехр	Хорремше́хр — портовый город на реке Шатт-эль-Араб в Иране. Расположен в остане Хузестан на юго-западе страны, примерно в 10 км севернее Абадана.
1273193	Деория	Деория — город на севере Индии, в штате Уттар-Прадеш, административный центр одноимённого округа.
1273369	Дауса	Дауса — город в северо-западной части Индии, в штате Раджастхан, административный центр одноимённого округа.
1273467	Дарджилинг (город)	Дарджи́линг — город в Индии, на крайнем севере штата Западная Бенгалия, в восточных Гималаях. Построен британцами как колониальная горная станция.
127349	Хорремабад	Хорремаба́д — город на западе Ирана, административный центр остана Лурестан. Население — 328 544 человека. Хорремабад расположен в горах Загрос.
1273491	Дарбханга	Дарбханга — город на севере индийского штата Бихар. Административный центр округа Дарбханга.
1273626	Далтонгандж	Далтонгандж — город в западной части индийского штата Джаркханд. Административный центр округа Паламу.
1273865	Коимбатур	Коимбату́р — город на юге Индии, в штате Тамилнад, административный центр одноимённого округа. Второй по численности населения город штата Тамилнад и 16-я агломерация Индии.
1273874	Кочин (город)	Ко́чин — город в индийском штате Керала. Крупный порт на Малабарском побережье Аравийского моря.
1274033	Читтур	Читтур — город в индийском штате Андхра-Прадеш. Административный центр округа — Читтур.
1274040	Читторгарх	Читторгарх — город в северо-западной части Индии, в штате Раджастхан, административный центр округа Читторгарх.
1274056	Читрадурга	Читраду́рга — город в Индии, в штате Карнатака, административный центр одноимённого округа. По данным переписи населения 2011 года, в пределах городского муниципального совета проживало 140 206 человек.
1274353	Чхапра	Чхапра — город на востоке Индии, в штате Бихар, административный центр округа Саран.
1274693	Чандрапур	Чандрапур, Чанда — город в индийском штате Махараштра. Административный центр округа Чандрапур.
1274746	Чандигарх	Чандига́рх — город на севере Индии, столица одновременно двух штатов — Пенджаб и Харьяна. При этом Чандигарх не входит административно в состав этих штатов, а имеет статус союзной территории, управляемой непосредственно из Нью-Дели.
1274784	Чанданнагар	Чанданнагар — город в Индии, расположенный в штате Западная Бенгалия.
1275004	Калькутта	Кальку́тта — город в дельте Ганга на востоке Индии, столица штата Западная Бенгалия, второй по площади город в Индии после Мумбаи и четвёртый по населению город в Индии после Мумбаи, Дели и Бангалора. По состоянию на 2011 год, население города составляет 4 486 679 человек, городской агломерации — 14 112 536.
1275103	Бунди	Бунди — город в северо-западной части Индии, в штате Раджастхан, административный центр округа Бунди.
1275163	Бадаюн	Бадаюн — город на северо-западе центральной части штата Уттар-Прадеш, Индия. Административный центр округа Бадаюн.
1275198	Берхампур	Берхампур, также — Брамапур — город в индийском штате Орисса. В административном отношении находится на территории округа Ганджам.
1275339	Мумбаи	Мумба́и, также Мумба́й, до 1995 года — Бомбе́й — город на западе Индии, на побережье Аравийского моря. Столица штата Махараштра. Население — 12 422 373 человека по состоянию на 2011 год.
1275665	Биканер	Бикане́р — город в пустыне Тар, на северо-западе индийского штата Раджастхан, центр одноимённого округа. Сельское хозяйство и вся экономика региона зависят от крупных ирригационных проектов, вроде канала Ганга (1928) и канала имени Индиры Ганди (1987).
1275679	Биджнор	Биджнор — город на севере Индии, в штате Уттар-Прадеш, административный центр одноимённого округа.
1275738	Бидар	Бидар — город в индийском штате Карнатака. Административный центр округа Бидар.
1275812	Бхудж	Бхудж — город и муниципалитет в западной части индийского штата Гуджарат. Административный центр округа Кач.
1275817	Бхубанешвар	Бхубане́швар — город в Индии, в районе дельты реки Маханади, к югу от г. Каттака. Административный центр штата Одиша.
1275841	Бхопал	Бхопа́л — город в центральной части Индии. Столица штата Мадхья-Прадеш. Прозвище — «город семи озёр».
1275901	Бхиванди	Бхива́нди — город на западе Индии, в штате Махараштра, расположенный на территории округа Тхане. Административный центр одноимённого талука.
1275971	Бхилаи	Бхила́и — второй по размеру город в индийском штате Чхаттисгарх. Город находится западнее столицы штата Райпур на железной дороге Хаура — Мумбаи.
1276070	Бхатинда	Бхати́нда — город на юге индийского штата Пенджаб. Административный центр округа Бхатинда.
1276191	Бхандара	Бхандара — город в индийском штате Махараштра.
1276325	Бхадрак	Бхадрак — город в индийском штате Орисса. Административный центр округа Бхадрак.
1276393	Беттиах	Бе́ттиах — город на востоке Индии, в штате Бихар, административный центр округа Западный Чампаран.
1276509	Беллари	Белла́ри, Балла́ри — город в индийском штате Карнатака. Административный центр округа Беллари.
1276533	Белгаум	Белга́ум, Белгао́н — город в индийском штате Карнатака. Административный центр округа Белгаум.
1276609	Бегусарай	Бегусарай — город в центральной части штата Бихар, Индия. Административный центр округа Бегусарай.
1276895	Барнала	Барнала — город на юге центральной части штата Пенджаб, Индия. Административный центр округа Барнала.
1276988	Баргарх	Баргарх — город в индийском штате Орисса. Административный центр округа Баргарх.
1277013	Барели	Баре́ли, Баре́йли — город в северной части индийского штата Уттар-Прадеш. Административный центр одноимённого округа.
1277082	Баранагар	Баранагар (бенг. বরানগর) — город и муниципалитет в районе Северные 24 парганы индийского штата Западная Бенгалия. Город является частью агломерации города Калькутта и расположен на восточном берегу реки Хугли.
1277333	Бангалор	Бангало́р, также Бенгалу́ру — крупный город и административный центр на юге Индии, расположенный на плоскогорье Декан, в юго-восточной части штата Карнатака, столицей которого он является. По численности населения — третий по величине город и пятая агломерация в Индии.
1277599	Баласор	Баласор — город в индийском штате Орисса. Административный центр округа Баласор.
1277820	Бахарампур	Берхампур, Бахарампур — город в индийском штате Западная Бенгалия. Административный центр округа Муршидабад.
1277835	Бахадургарх	Бахадургарх — город на севере Индии, в штате Харьяна, входит в состав округа Джаджар.
1277936	Багалкот	Багалкот — город в индийском штате Карнатака. Административный центр округа Багалкот.
1278083	Азамгарх	Азамгарх — город на востоке центральной части штата Уттар-Прадеш, Индия. Административный центр округа Азамгарх.
1278152	Аурайя	Аурайя — город на севере Индии, в штате Уттар-Прадеш, административный центр одноимённого округа.
1278314	Асансол	Асансо́л — город в индийском штате Западная Бенгалия. Второй по численности населения город штата, образующий 39-ю по размеру городскую агломерацию Индии.
1278446	Арария	Арария — город в северо-восточной части штата Бихар, Индия. Административный центр округа Арария.
1278667	Анантнаг	Анантнаг — город и муниципалитет в округе Анантнаг в союзной территории Джамму и Кашмир, Индия. Этот известный город долго являлся вторым по величине в штате и в последнее время стал очень большим по площади.
1278710	Амритсар	Амри́тсар — город в северо-западной Индии, в штате Пенджаб. Население — 1 183 705 чел..
1278715	Амрели	Амрели — город в индийском штате Гуджарат, административный центр округа Амрели. Средняя высота над уровнем моря — 127 метров.
1278946	Алвар	А́лвар — город в северо-западной части Индии, в штате Раджастхан. Административный центр округа Алвар.
1278985	Аллеппи	Алле́ппи, другое название — Алаппужа — город в индийском штате Керала. Административный центр округа Аллеппи.
1278994	Праяградж	Праяградж — город в Индии в штате Уттар-Прадеш, у слияния рек Ганг и Ямуна с населением 1 216 719 жителей (2011), специализирующийся на пищевой промышленности и производстве предметов религиозного культа. Родина Джавахарлала Неру и его дочери Индиры Ганди.
1279017	Алигарх	Алига́рх — город в западной части штата Уттар-Прадеш, Индия. Административный центр округа Алигарх.
1279105	Акола	Ако́ла — город в индийском штате Махараштра. Административный центр округа Акола.
1279159	Аджмер	Аджме́р — город в центральной части индийского штата Раджастхан, административный центр округа Аджмер. Также известен под названием Ажамеру.
1279186	Аиджал	Аиджа́л, Айзаул — столица индийского штата Мизорам. Крупнейший город штата с населением 291 822.
1279233	Ахмадабад	Ахмадаба́д — город на западе Индии, самый большой город штата Гуджарат, один из пяти крупнейших в Индии с населением в 5,8 миллионов жителей, образующий седьмую по величине городскую агломерацию с населением 6,3 миллиона человек. Расположен на берегах реки Сабармати в 30 км от столицы штата — города Гандинагар.
1279259	Агра	А́гра — город на севере Индии, в штате Уттар-Прадеш. С 1528 по 1658 был столицей империи Моголов.
1279290	Агартала	Ага́ртала — город на северо-востоке Индии, административный центр штата Трипура.
1279715	Шигадзе	Шига́дзе, также Шигацзе́ — город окружного значения в Тибетском автономном районе КНР.
1280737	Лхаса	Лха́са — город окружного значения в Тибетском автономном районе КНР, место размещения правительства автономного района, бывшая столица независимого Тибетского государства.
1280849	Кашгар	Кашга́р или Каши́ — городской уезд в городском округе Кашгар Синьцзян-Уйгурского автономного района КНР.
1280957	Цзяюйгуань	Цзяюйгуа́нь — городской округ в провинции Ганьсу КНР. Название означает «застава Цзяюй»; здесь находится самый западный проход в Великой стене.
1281019	Хотан	Хотан или Хэтянь — оазис и городской уезд в округе Хотан на юго-западе Синьцзян-Уйгурского автономного района КНР, южнее пустыни Такла-Макан.
1282027	Мале	Ма́ле — столица Мальдивской Республики, крупнейший населённый пункт архипелага. Входит в число наиболее густонаселённых городов мира.
128226	Керманшах (остан)	Керманша́х — одна из 31 провинции (останов) Ирана, граничит с Ираком. C 1979 по 1990 годы провинция называлась Бахтаран.
128234	Керман	Керма́н — город в юго-восточной части Ирана, административный центр остана Керман. Крупный торгово-транспортный пункт, сельскохозяйственный центр.
1282898	Покхара	По́кхара — город в центральном Непале, административный центр района Каски, зоны Гандаки и Западного региона Непала. Расположен в 198 км к западу от Катманду; население — около 300 000 человек.
1283240	Катманду	Катманду́ — столица и крупнейший город Непала, его исторический, экономический, политический и культурный центр. Население города составляет более 1 млн человек.
1283318	Джанакпур	Джанакпу́р или Джанакпурдха́м — город в Непале, административный центр округа Дхануса. Население города составляет 173 924 человек.
1283339	Хетауда	Хетауда — город и муниципалитет на юге центральной части Непала, в районе Макванпур зоны Нараяни Центрального региона страны. Важный промышленный центр.
1283467	Дхангадхи	Дхангадхи — город в западном Непале, административный центр района Кайлали в провинции Судурпаштин-Прадеш, столица последней. Получил статус города в 1976 году и в настоящее время разделён на 19 административных районов.
1283562	Бутавал	Бутавал — город и муниципалитет на юге центральной части Непала, в районе Рупандехи зоны Лумбини Западного региона страны.
1283582	Биратнагар	Биратна́гар — город на юго-востоке Непала. Административный центр района Моранг в зоне Коси.
1283679	Банепа	Банепа — городской муниципалитет в Непале, расположенный в Катмандинской долине на расстоянии 26 км к востоку от Катманду, недалеко на восток от Бхактапура., Согласно переписи 1991 года, в Банепа проживало 12537 в 1956 домах
128747	Кередж	Кере́дж — крупный город-спутник Тегерана на севере Ирана, пригород Тегерана, расположенный у подножия гор Эльбурс. Административный центр одноимённого шахрестана и остана Альборз.
1290596	Таунгу	Таунгу́ (Тауннгу) или Тоунгоо, Тоунгу́а — город в округе Пегу в Мьянме, находится в 220 км от Рангуна, в северной части округа, окружённый с запада и востока горными хребтами. Основная промышленность — лесозаготовка, тик и другие твёрдые горные породы.
12908892	Новый Тайбэй	Синьбэ́й — административно-территориальное образование на территории Тайваня, имеющее статус города центрального подчинения, окружающее со всех сторон столицу Тайваня город Тайбэй и входящее в его агломерацию. Если считать Новый Тайбэй отдельным городом, то он является самым населённым городом на Тайване.
1293625	Тавой	Таво́й — город на юго-востоке Мьянмы, столица административной области Танинтайи. Расположен в 614,3 км к югу от Янгона на южном берегу реки Тавой.
1293960	Таунджи	Таунджи́ — административный центр штата Шан в составе Мьянмы.
1295765	Ситуэ	Ситуэ́, Акья́б — столица штата Ракхайн в Мьянме, население на 2006 год составляет 181 000 человек.
1298482	Сикайн (город)	Сика́йн — город в Мьянме с населением 300 тыс., столица административного округа Сикайн. Расположен на реке Иравади в 22 км от города Мандалай на другой стороне реки.
1298824	Янгон	Янго́н, ранее — Рангу́н — крупнейший город и столица Мьянмы с 1948 по 2005 годы. До переименования в 1989 был известен под названием Рангун и являлся столицей Бирмы с момента обретения страной независимости в 1948 году.
1298987	Пьинмана	Пьинмана́ — город округа Мандалай в Мьянме.
1300466	Пегу	Пегу — четвёртый по населению город Мьянмы, столица одноимённого округа Пегу. Расположен в 80 км от Янгона. Население 250 000 чел.
1303406	Ньяунлебин	Ньяунлеби́н — город на юге Мьянмы, на территории административного округа Пегу. Входит в состав района Баго.
1307741	Мьичина	Мьичи́на — город в Мьянме, столица штата Качин, находится в 800 км от Мандалая. Название города означает «у большой реки», имеется в виду река Иравади.
1307835	Мьинджан	Мьинджа́н — город в центральной части Мьянмы, на территории административного округа Мандалай. Административный центр одноимённого района.
130802	Илам	Ила́м — город на западе Ирана, на границе с Ираком. Административный центр провинции Илам.
1308415	Мудоун	Мудо́ун — город в южной части Мьянмы, на территории штата Мон. Административный центр одноимённого района, входящего в состав округа Моламьяйн.
1308465	Моламьяйн	Моламья́йн — столица национального округа (штата) Мон в Мьянме, третий по населению город страны с населением почти 400000 человек. Стоит на реке Салуин и является портом на берегу Андаманского моря.
1308522	Моунъюа	Моунъюа́ — город в центральной части Мьянмы, на территории административного округа Сикайн. Административный центр одноимённого района.
1308937	Могак	Могак — река на юго-востоке Башкортостана, в Абзелиловском районе. Длина реки составляет 23 км. На реке находится одноимённый водопад.
1309793	Мейтхила	Мейтхила́ — город в центральной части Мьянмы, на территории административного округа Мандалай. Административный центр одноимённого района.
1311874	Мандалай	Мандала́й — второй по величине город в Мьянме с населением более 1 млн человек (2010), в прошлом столица Бирманской империи, а в последующем центр административной области Мандалай. Город расположен на берегу реки Иравади, 716 км к северу от Янгона.
132144	Хамадан	Хамада́н, в древности Экбатана — город в Иране, столица провинции (остана) Хамадан. По данным переписи 2006 года, численность населения города составляла 473 149 человек.
1325211	Хинтада	Хинтада — город на юго-западе Мьянмы, на территории административного округа Иравади. Административный центр одноимённого района.
1325259	Хайхо	Хайхо (Хехо) — город в государстве Шан в составе Бирмы. Около города находится аэропорт, через который проходит основное воздушное сообщение штата Шан с другими частями Бирмы.
1328121	Богале	Богале́ — город на юго-западе Мьянмы, на территории административного округа Иравади. Входит в состав района Пхьяпоун.
1328421	Бассейн (город)	Бассе́йн (бирм. ပုသိမ်; Патейн) — город-порт в Мьянме с населением около 300 тыс. жителей, столица округа Иравади и района Бассейн.
132892	Горган	Горга́н, в прошлом Аст(е)рабад — город в Иране, административный центр провинции Голестан. Расположен на севере страны, в 30 км к востоку от побережья Каспийского моря и приблизительно в 400 км к востоку от Тегерана.
1329221	Амаяпуя	Амаяпуя, Амарапу́ра — город в районе Мандалай, округ Мандалай, Мьянма, 11 км к югу от города Мандалай. Называется также Таунмьёу, в отличие от Мандалая, являющегося северным городом.
1336134	Кокс-Базар	Ко́кс-База́р или Коксс-Базар — город в Бангладеш, центр одноимённого округа. Получил название по имени британского колониального чиновника Х.
1336135	Кхулна	Кху́лна — третий по величине город Бангладеш после Дакки и Читтагонга. Административно относится к одноимённым округу и области.
1336137	Барисал	Бариса́л (бенг. বরিশাল) — один из крупнейших городов Бангладеш. Расположен в одноимённом округе на юге Бангладеш, возле Бенгальского залива.
136256	Дизфуль	Дизфу́ль — город на западе Ирана в остане Хузестан, административный центр шахрестана Дизфуль. Население — 205 тыс. человек. Большая часть населения — персы, что не характерно для Хузестана, населенного преимущественно курдами и арабами.
139223	Чалус	Чалу́с — город-порт на севере Ирана в провинции Мазендеран, расположенный на южном берегу Каспийского моря. Административный центр шахрестана Чалус.
139817	Бушир	Буши́р — город-порт на юге Ирана, административный центр провинции Бушир и одноимённого шахрестана. Расположен на юго-западе Ирана, на берегу Персидского залива.
139889	Бокан	Бокан — город на северо-западе Ирана, в провинции Западный Азербайджан. Административный центр шахрестана Бокан.
140044	Боруджерд	Борудже́рд — город на западе Ирана в провинции Лурестан. Административный центр шахрестана Боруджерд.
140380	Боджнурд	Боджну́рд — город в северо-восточном Иране, административный центр провинции Северный Хорасан. Население — 210 тыс. человек. В городе проживают персы, курды и туркмены.
140463	Бирдженд	Бирдже́нд — город на востоке Ирана, административный центр провинции Южный Хорасан.
140889	Бенаб	Бена́б — город в северо-западной части Ирана, в остане Восточный Азербайджан. Расположен недалеко от берегов озера Урмия.
140918	Бехшехр	Бехшехр — город на севере Ирана в провинции Мазендеран, административный центр шахрестана Бехшехр.
141681	Бендер-Аббас	Бенде́р-Абба́с — портовый город на юге Ирана на берегу Персидского залива.
141736	Бам	Бам — город на юго-востоке Ирана в провинции Керман. Население — 91 тыс. жителей (2005).
142363	Баболь	Бабо́ль — город на севере Ирана, в провинции Мазендеран.
143127	Эрак	Эра́к — город, является административным центром Центрального остана Ирана. Согласно переписи, на 2006 год население составляло 438 338 человек.
143534	Амоль	Амо́ль — город на севере Ирана в провинции Мазендеран, административный центр шахрестана Амоль. Расположен в предгорьях Эльбурса, в 15 км от побережья Каспийского моря на реке Хераз.
143860	Шахрияр	Шахрияр — город в провинции Тегеран, административный центр одноимённого шахрестана. Население — 189 тыс. человек по состоянию на 2006 год.
143921	Элигудерз	Элигудерз — город на западе Ирана, в провинции Лурестан. Административный центр шахрестана Элигудерз.
144448	Ахваз	Ахва́з — город на западе Ирана, административный центр остана Хузестан. Расположен на берегах реки Карун.
144616	Ахар	Ахар — город в северо-западном Иране в провинции Восточный Азербайджан, административный центр шахрестана Ахар.
145034	Абхар	Абхар — город на севере Ирана, в провинции Зенджан в 90 км от города Зенджан на обоих берегах реки Абхар. Административный центр шахрестана Абхар.
145459	Абадан	Абада́н — город-порт на юго-западе Ирана, в остане Хузестан. Расположен на границе с Ираком, на одноимённом острове в дельте реки Шатт-эль-Араб, в 50 км от Персидского залива.
145531	Сауримо	Саури́мо — город в Анголе, столица провинции Южная Лунда. До 1975 года носил название Энрике-ди-Карвалью.
145757	Тайнань	Тайна́нь — четвёртый по населению город Тайваня после Тайбэя, Гаосюна и Тайчжуна, один из пяти городов центрального подчинения Тайваня. Находится в юго-западной части острова, в тропиках, на побережье Тайваньского пролива.
146054	Строволос	Строволос — город и муниципалитет, пригород столицы страны Никосии. С численностью населения около 70 000 человек, Строволос больше, чем муниципалитет Никосии, и является вторым по величине поселением Республики Кипр после города Лимасол.
146268	Никосия	Никоси́я — столица Республики Кипр и столица частично признанной Турецкой Республики Северного Кипра.
146384	Лимасол	Лимасо́л, или Лемесо́с — город на юге Кипра, второй по величине город страны, крупный экономический, культурный и финансовый центр. Население — 245 тыс. человек.
146400	Ларнака	Ла́рнака — третий по величине город на Кипре, близ юго-восточного берега. Административный центр одноимённого района.
147429	Нахичевань	Нахичева́нь — город в Азербайджане, административный центр Нахичеванской Автономной Республики. Расположен на правом берегу реки Нахчыванчай, притока Аракса.
147611	Лерик	Лерик — город на юге Азербайджана, около границы с Ираном, центр Лерикского района. Город расположен в Талышских горах, в 56 км от Ленкорани.
147622	Ленкорань	Ленкора́нь — город республиканского подчинения в Азербайджане, административный центр Ленкоранского района. Значимый порт. Центр Ленкорань-Астаринского экономического района.
148565	Ширван	Ширва́н — провинция в Закавказье, на западном побережье Каспийского моря. В первой половине XIV века территория Ширвана простиралась от Куры до Дербента.
1485724	Юрга	Юрга́ — город в Кемеровской области России. Административный центр Юргинского района, в состав которого не входит, образует Юргинский городской округ как единственный населённый пункт в его составе.
1486209	Екатеринбург	Екатеринбу́рг — четвёртый по численности населения город-миллионер в России, административный центр Уральского федерального округа и Свердловской области. Образует муниципальное образование город Екатеринбург со статусом городского округа.
1486910	Воркута	Воркута́ — город в Республике Коми Российской Федерации. Административный центр муниципального округа «Воркута».
1488754	Тюмень	Тюме́нь — город в России, административный центр Тюменской области и Тюменского района, в состав которого он не входит. Расположен на реке Туре. Образует городской округ город Тюмень.
1489246	Троицк (Челябинская область)	Тро́ицк — город в Челябинской области России. Образует Троицкий городской округ.
1489425	Томск	Томск — город в России, административный центр одноимённых области и района, расположенный на востоке Западной Сибири на берегу реки Томи.
1489530	Тобольск	Тобо́льск — город в Тюменской области, административный центр городского округа город Тобольск и Тобольского района. Расположен на севере южной части Тюменской области, в месте впадения Тобола в Иртыш.
1490624	Сургут	Сургу́т — город в России, крупнейший и старейший город Ханты-Мансийского автономного округа — Югры, административный центр Сургутского района.
1492517	Шадринск	Ша́дринск — город в Курганской области России, второй в области по численности населения после Кургана: 67 067 чел. (2025). Расположен на Западно-Сибирской равнине, на реке Исеть.
1492663	Серов (город)	Серо́в — город областного подчинения на севере Свердловской области России, административный центр Серовского муниципального округа и Серовского района.
1493467	Рубцовск	Рубцо́вск — город на юге Алтайского края. Административный центр Рубцовского района, в состав которого не входит.
1494114	Прокопьевск	Проко́пьевск — город областного подчинения в Кемеровской области России, административный центр Прокопьевского района, в состав которого не входит, образует отдельное муниципальное образование Прокопьевский городской округ.
1494573	Полевской	Полевско́й — город областного подчинения на юге Свердловской области России, административный центр Полевского муниципального округа.
149606	Танга	Танга — портовый город в Танзании и одноименной области. Население города — 224 891 человек.
1496153	Омск	Омск — город в России, административный центр Омской области, расположенный на слиянии рек Иртыша и Оми, крупный промышленный, культурный и научный центр Сибири. Город-миллионер — 1 101 367 чел.
1496503	Ноябрьск	Ноя́брьск — город в Ямало-Ненецком автономном округе России, второй по численности населения город автономного округа после Нового Уренгоя, один из немногих российских региональных городов, превосходящих административный центр своего субъекта федерации как по численности населения, так и по промышленному потенциалу. Ис…
1496511	Новый Уренгой	Но́вый Уренго́й — город в Ямало-Ненецком автономном округе России. Имеет статус города окружного значения, образует одноимённый городской округ.
1496747	Новосибирск	Новосиби́рск — третий по численности населения город России, крупнейший город её азиатской части, административный центр Новосибирской области и Новосибирского района, центр Западно-Сибирского экономического района. Город областного значения, образует муниципальное образование город Новосибирск со статусом городского о…
1496990	Новокузнецк	Новокузне́цк — российский город областного подчинения в Кемеровской области — Кузбассе, административный центр Новокузнецкого муниципального района, в который не входит, образует Новокузнецкий городской округ.
149703	Сумбаванга	Сумбаванга — город на юго-западе Танзании, административный центр области Руква, а также одноимённых себе городского и сельскогоокругов.
1497337	Норильск	Нори́льск — город краевого подчинения на севере Красноярского края России. Расположен к югу от Таймырского полуострова, примерно в 90 км к востоку от Енисея и в 1500 км севернее Красноярска, в 300 км к северу от Северного полярного круга и в 2400 км от Северного полюса.
1497543	Нижневартовск	Нижнева́ртовск — город в России, административный центр Нижневартовского района Ханты-Мансийского автономного округа — Югры. Расположен на правом берегу Оби в непосредственной близости от Самотлорского нефтяного месторождения и является одним из крупнейших центров российской нефтяной промышленности.
1497917	Нефтеюганск	Нефтеюга́нск — город в России, административный центр Нефтеюганского района Ханты-Мансийского автономного округа — Югры. Третий по размеру город округа — один из немногих в России превосходит по населению столицу субъекта (Ханты-Мансийск).
1498693	Минусинск	Минуси́нск — город в Красноярском крае России, административный центр Минусинского муниципального округа. Население 68 034 чел. (2025).
149879	Сингида	Сингида — город в центральной части Танзании, административный центр одноимённой области, а также одноимённых городского и сельскогоокругов.
1498894	Миасс	Миа́сс — город в Челябинской области России. Административный центр Миасского городского округа.
1498920	Междуреченск	Междуре́ченск — город в Кемеровской области России. Вместе с одиннадцатью посёлками Междуреченского района Кемеровской области составляет муниципальное образование Междуреченский городской округ.
150006	Шиньянга	Шинья́нга — город в Танзании. Является административным центром одноимённых области, городского и сельского округов. Население — 135 166 чел(по переписи 2002 года).
1500607	Лесосибирск	Лесосиби́рск — город в России, в Красноярском крае. Административный центр городского округа город Лесосибирск.
1500665	Ленинск-Кузнецкий	Ле́нинск-Кузне́цкий — город областного значения в Кемеровской области России, административный центр Ленинск-Кузнецкого муниципального округа. Город трудовой доблести и воинской славы (Кузбасс).
1500973	Кызыл	Кызы́л — город в России, столица Республики Тыва. Образует городской округ город Кызыл, является городом республиканского значения.
1501321	Курган (город)	Курга́н — город в России, административный центр Курганской области. Основан в 1679 году крестьянином Тимофеем Невежиным ; в 1782 году по указу Екатерины II получил статус города, но поселение на этом месте существовало с 1553 года.
1502026	Красноярск	Красноя́рск — один из крупнейших городов России, крупнейший экономический, образовательный и культурный центр Восточной Сибири, шестой по численности населения город страны.
1502603	Копейск	Копе́йск — город в Челябинской области России. Образует Копейский городской округ.
1503277	Киселёвск	Киселёвск — город областного подчинения в Кемеровской области России.
1503772	Ханты-Мансийск	Ха́нты-Манси́йск — город в России, административный центр Ханты-Мансийского автономного округа — Югры и Ханты-Мансийского района, в состав которого не входит.
1503901	Кемерово	Ке́мерово — город в России, административный центр Кемеровской области и Кемеровского района, в состав которого не входит. Город областного подчинения, образует Кемеровский городской округ.
1504682	Канск	Канск — город в Красноярском крае России. Административный центр Канского муниципального округа, образует административно-территориальную единицу.
1504826	Каменск-Уральский	Ка́менск-Ура́льский — город областного подчинения на юге Свердловской области России.
1505453	Ишим	Иши́м — город в России, административный центр Ишимского района Тюменской области. Расположен на левом берегу реки Ишим.
1508054	Черногорск	Черного́рск — город в России, административный центр городского округа город Черногорск Республики Хакасия. Второй после столицы республики город Хакасии по численности населения: 75 672 чел.
1508291	Челябинск	Челя́бинск — восьмой по численности населения город в Российской Федерации, административный центр Челябинской области, шестнадцатый по занимаемой площади городской округ. Начальный пункт Транссибирской железнодорожной магистрали на западе.
1510018	Бийск	Бийск — город в Алтайском крае России. Крупный научный и промышленный центр Юго-Западной Сибири, второй по численности населения город Алтайского края.
1510350	Бердск	Бердск — город в Новосибирской области России.
1510469	Белово	Бело́во — город областного подчинения в Кемеровской области России. Административный центр Беловского городского округа.
1510853	Барнаул	Барнау́л — город в России, административный центр Алтайского края и одноимённого городского округа. Население — 621 598 чел. (2025), пятый по численности населения город Сибири, двадцать первый по численности населения город России.
1511330	Асбест (город)	Асбе́ст — город областного подчинения в Свердловской области России, административный центр Асбестовского муниципального округа.
1511494	Анжеро-Судженск	Анже́ро-Су́дженск — город в Кемеровской области России, в 80 км к северу от областного центра — Кемерово. Административный центр Анжеро-Судженского городского округа.
1512165	Ачинск	А́чинск — город в Красноярском крае России, административный центр Ачинского района и городского округа город Ачинск.
1512236	Абакан	Абака́н — город в России. Столица Республики Хакасия. Город республиканского значения, образующий одноимённое муниципальное образование город Абакан со статусом городского округа, как единственный населённый пункт в его составе.
1512473	Ургенч	Урге́нч — город на северо-западе Республики Узбекистан, административный центр Хорезмской области. Расположен на южном берегу реки Амударьи, в оазисной зоне, недалеко от древнего города Куня-Ургенч.
1512569	Ташкент	Ташке́нт — столица и крупнейший город Узбекистана, город республиканского подчинения. Крупнейший по численности населения город Центральной Азии, центр Ташкентской городской агломерации, важный политический, экономический, культурный и научный центр страны, а также авиационный, железнодорожный и автомобильный узел.
1512979	Коканд	Кока́нд — город в Ферганской области Узбекистана.
1513064	Алмалык	Алмалы́к — город в Ташкентской области Узбекистана.
1513131	Навои (город)	Навои́ — город в центральной части Республики Узбекистан, административный центр Навоийской области. Расположен на юго-западе пустыни Кызылкум, на берегу реки Заравшан.
1513157	Наманган	Наманга́н — город в Узбекистане, административный центр Наманганской области. Расположен на севере Ферганской долины.
1513243	Маргилан	Маргила́н — город в Ферганской области Узбекистана.
1513604	Хива	Хива́ — город в Хорезмской области Узбекистана, административный центр Хивинского района. Последняя столица Хорезма.
1513886	Джизак	Джиза́к — административный центр Джизакской области Республики Узбекистан, город областного подчинения.
1513966	Гулистан	Гулиста́н — город, административный центр Сырдарьинской области Узбекистана, расположен в юго-восточной части Голодной степи.
1514019	Фергана	Фергана́ — город в Узбекистане, административный центр Ферганской области.
1514192	Чуст	Чуст — город, расположен в Наманганской области Республики Узбекистан, в 12 км от железнодорожной станции Чуст. Является вторым крупнейшим городом Наманганской области после Намангана.
1514210	Чирчик (город)	Чирчи́к — город в Ташкентской области, Узбекистан. Расположен в предгорьях западного Тянь-Шаня, на реке Чирчик, примерно в 30 километрах к северо-востоку от Ташкента.
1514402	Бекабад	Бекаба́д — город в Ташкентской области Узбекистана, расположенный на востоке региона, у границы с Таджикистаном, на правом берегу реки Сырдарьи, примерно в 125 км от Ташкента.
1514581	Ангрен (город)	Ангре́н — город в Ташкентской области Узбекистана. Население — 191 300 жителей (2021).
1514588	Андижан	Андижа́н — город в Узбекистане, административный центр Андижанской области, её экономический и культурный центр. Расположен в приграничном районе на юго-восточной окраине Ферганской долины у границы Узбекистана с Кыргызстаном.
1514879	Худжанд	Худжа́нд — город на севере Таджикистана, административный центр Согдийской области.
1514891	Канибадам	Канибада́м — город в Согдийской области Таджикистана. Расположен в юго-западной части Ферганской долины, на Большом Ферганском канале, проходящем по южной окраине города, в 6 км от железнодорожной станции Канибадам.
1514896	Исфара	Исфара́ — индустриальный город в Северном Таджикистане. Административный центр Исфаринского района Согдийской области.
1516589	Жезказган	Жезказга́н — город в центральной части Республики Казахстан с населением свыше 85 тысяч человек.
1516905	Тараз	Тара́з — город, административный центр Жамбылской области Казахстана. Численность населения 431 160 человек.
1518262	Темиртау	Темирта́у — город в Казахстане, расположенный в Карагандинской области. С 20 июля 1988 года в подчинении города значится посёлок Актау.
1518542	Талдыкорган	Талдыкорга́н — город на юго-востоке Казахстана, административный центр Жетысуской области. В 2001—2022 гг. — административный центр Алматинской области.
1518980	Шымкент	Шымке́нт, или Чимке́нт — город-миллионик на юге Казахстана, один из трёх городов страны, имеющих статус города республиканского значения; является отдельной административно-территориальной единицей, не входящей в состав окружающей её области.
1519422	Семей	Семе́й — один из крупнейших городов на востоке Казахстана, административный центр области Абай, расположенный по обоим берегам реки Иртыш.
1519691	Сарканд	Сарка́нд — город в Казахстане, центр Саркандского района Жетысуской области. Административный центр Саркандской городской администрации.
1519843	Рудный	Ру́дный — город на реке Тобол в Костанайской области Казахстана. Возник в 1957 году в связи с освоением железорудного месторождения и строительством Соколовско-Сарбайского горно-обогатительного комбината.
1519922	Кызылорда	Кызылорда́ — город в Казахстане, административный центр Кызылординской области.
1519928	Костанай	Костана́й — город в Казахстане, административный центр Костанайской области.
1520172	Петропавловск	Петропа́вловск — город на севере Казахстана, административный центр Северо-Казахстанской области.
1520240	Павлодар	Павлода́р — город в Республике Казахстан, административный центр одноимённой области. Расположен на правом берегу реки Иртыш, самой протяженной в стране.
1520316	Усть-Каменогорск	Усть-Каменого́рск, или Оскемен , — крупнейший город на востоке Казахстана, административный центр Восточно-Казахстанской области с 1939 года.
1521368	Торетам	Торета́м — посёлок в Кармакшинском районе Кызылординской области Казахстана. Административный центр и единственный населённый пункт Торетамского сельского округа.
1522203	Кокшетау	Кокшета́у — город в Казахстане, с 1999 года является административным центром Акмолинской области и одноимённой городской администрации с четырьмя населёнными пунктами в его составе, что является анклавом, окружённым территорией Зерендинского района. В 1944—1997 годах — центр Кокшетауской области.
152224	Мванза	Мва́нза — город в Танзании.
1524325	Экибастуз	Экибасту́з — город областного подчинения на западе Павлодарской области Казахстана. Расположен в 132 км к юго-западу от областного центра города Павлодара.
152451	Мусома	Мусома — город в Танзании.
1525798	Балхаш (город)	Балха́ш — город областного подчинения в Карагандинской области Казахстана. Город расположен на северном побережье озера Балхаш, у бухты Бертыс, в южной части Центрально-Казахстанского мелкосопочника.
1526273	Астана	Астана́ — столица Республики Казахстан с 10 декабря 1997 года. Город расположен на севере страны, на берегах реки Ишим.
1526384	Алма-Ата	Алма́-Ата́, Алматы́ — город республиканского значения в Казахстане, бывшая столица Республики Казахстан, Казахской ССР, Казахской АССР, бывший административный центр Алматинской области.
1527199	Токмак (Кыргызстан)	Токмак, также Токмок — город областного подчинения в Чуйской области Кыргызстана.
1527534	Ош	Ош — один из крупнейших городов Кыргызстана, город республиканского значения, административный центр Ошской области, неформально именуемый «южной столицей». Расположен на юге страны, в предгорьях Алайского хребта, в долине реки Ак-Буура.
1528121	Каракол	Карако́л — четвёртый по численности населения город Кыргызстана, административный центр Иссык-Кульской области. Расположен вблизи восточной оконечности озера Иссык-Куль, примерно в 150 км от киргизско-китайской границы и в 380 км от столицы Бишкека, на высоте от 1690 до 1850 метров над уровнем моря.
1528249	Манас (город)	Мана́с — третий по величине город в Кыргызстане, административный центр Джалал-Абадской области. Население — 184 400 человек. Расположен на юге страны в Ферганской долине.
1528675	Бишкек	Бишке́к — столица и крупнейший город Кыргызстана, город республиканского значения, административный центр Чуйской области. Главный транспортный узел, промышленный и административный центр страны.
1529102	Урумчи	Урумчи́ — городской округ в Синьцзян-Уйгурском автономном районе КНР, место пребывания правительства автономного района.
1529114	Турфан	Турфа́н — городской округ в Синьцзян-Уйгурском автономном районе КНР. Площадь — 69,3 тыс. км². Правительство округа располагается в районе Гаочан.
1529195	Шихэцзы	Шихэцзы́ — городской уезд в Синьцзян-Уйгурском автономном районе КНР. Не входит ни в какие административные единицы, а подчиняется напрямую правительству автономного района.
1529376	Корла	Корла — городской уезд в Баян-Гол-Монгольском автономном округе Синьцзян-Уйгурского автономного района Китая, место пребывания властей автономного округа.
1529401	Карамай	Карама́й — городской округ в Синьцзян-Уйгурском автономном районе КНР. Расположен в 320 км к северо-западу от Урумчи.
1529484	Хами	Хами — городской округ в Синьцзян-Уйгурском автономном районе КНР.
1529531	Дуньхуан	Дуньхуа́н — городской уезд в городском округе Цзюцюань китайской провинции Ганьсу. В древности здешний оазис служил воротами в Китай на Великом шёлковом пути.
1529569	Чанцзи	Чанцзи́ — городской уезд в Синьцзян-Уйгурском автономном районе Китая. Входит в состав Чанцзи-Хуэйского автономного округа.
1529660	Аксу (уезд)	Аксу́ — городской уезд в округе Аксу Синьцзян-Уйгурского автономного района КНР. Является местом пребывания властей округа Аксу.
153209	Моши	Мо́ши — город в Танзании. Является административным центром области Килиманджаро и одноимённых себе городского и сельского округов. Население — 143 799 человек.
153220	Морогоро	Морого́ро — город в Танзании.
1538634	Озёрск (Челябинская область)	Озёрск — город в Челябинской области России, закрытое административно-территориальное образование. Административный центр Озёрского городского округа.
1538636	Новоуральск	Новоура́льск — город в Свердловской области России, административный центр закрытого административно-территориального образования город Новоуральск и Новоуральского городского округа.
1538637	Северск	Се́верск — город в Томской области. Административный центр закрытого административно-территориального образования Северск.
1560349	Йенбай	Йенбай — город в северной части Вьетнама. Административный центр провинции Йенбай.
1562414	Вунгтау	Вунгта́у, ранее — Мыс Сен-Жака — крупнейший город и бывшая столица провинции Бариа-Вунгтау, на юге Вьетнама. В 2013 году указом № 612/QĐ-TTg городу присвоен первый класс.
1562798	Винь	Винь — город на севере центрального побережья Вьетнама, столица провинции Нгеан. Один из девяти городов провинциального подчинения первой категории во Вьетнаме.
1562818	Вьетйен	Вьетйен — один из 9 уездов вьетнамской провинции Бакзянг. Расположен в северо-восточной части страны.
1563281	Туихоа	Туихоа́ — город в центральной части Вьетнама, столица провинции Фуйен.
1565022	Тхузаумот	Тхузаумо́т — город на юге Вьетнама, административный центр провинции Биньзыонг.
1566083	Хошимин	Хошими́н — город на юге Вьетнама; крупнейший город страны. Известен также под аббревиатурой HCMC и под названием Сайго́н, которое было официальным до 1976 года.
1566559	Тэйнинь	Тэйни́нь — город провинциального подчинения в юго-западной части Вьетнама. Административный центр провинции Тэйнинь.
1567788	Шокчанг	Шокча́нг — город в южной части Вьетнама. Административный центр провинции Шокчанг.
1568510	Ратьзя	Ратьзя́ — столица провинции Кьензянг в южном Вьетнаме. Расположен в дельте Меконга, на побережье Сиамского залива и одноименной бухты.
1568574	Куинён	Куинён — административный центр провинции Биньдинь (Bình Định) в центральном Вьетнаме. Разделен на 16 городских и 5 сельских районов общей площадью 286 км².
1568770	Куангнгай	Куангнгай, иногда встречается название Куангнгиа — город провинциального подчинения в центральной части Вьетнама. Административный центр провинции Куангнгай.
1569684	Плейку	Плейку — город в центральной части Вьетнама. Административный центр провинции Зялай.
1571058	Фантхьет	Фантхье́т — город в южной части Вьетнама, административный центр провинции Биньтхуан.
1572151	Нячанг	Няча́нг — столица провинции Кханьхоа в центральном Вьетнаме. Расположен на побережье Южно-Китайского моря, в 1280 км от Ханоя и в 439 км от Хошимина.
1573517	Намдинь	Намди́нь — город в дельте реки Хонгха северного Вьетнама, столица провинции Намдинь. Находится на расстоянии 90 километров к юго-востоку от Ханоя и в 1961 км от Хошимина.
1574023	Мита	Мита — форма принудительного труда в сельских общинах империи инков, а позже в испанских колониях в Америке, при которой выделение людей на работы общественного характера производилось с помощью жеребьёвки. Из нескольких индейцев жребием выбирался один, который должен был отрабатывать миту в течение определённого време…
1576303	Лаокай	Лаока́й — город во Вьетнаме, административный центр одноимённой провинции.
1580240	Хюэ	Хюэ (вьет. Huế, тьы-ном 化) — город центрального подчинения в центральной части Вьетнама. На севере граничит с провинцией Куангчи, на юге — с провинциями Куангнам и Дананг, на западе — с Лаосом, с востока омывается водами Южно-Китайского моря.
158027	Кибаха	Кибаха — город на востоке Танзании, административный центр области Пвани, а также одноимённого округа.
1581047	Хатинь	Хати́нь (вьет. Hà Tĩnh, тьы-ном 河靜) — город провинциального подчинения на севере центрального региона Вьетнама, столица одноимённой провинции Хатинь.
1581052	Хатьен	Хатьен (вьет. Hà Tiên, тьы-ном 河仙) — город во вьетнамской провинции Кьензянг, расположенный в Дельте Меконга.
1581130	Ханой	Хано́й (вьет. Hà Nội, тьы-ном 河內, дословно: «город между реками» или « окружённое рекой») — столица Вьетнама и второй по численности населения город страны. Главный политический, образовательный и культурный центр страны, а также второй по значению промышленный центр.
1581298	Хайфон	Хайфо́н — крупный город на северо-востоке Вьетнама. Один из пяти городов Вьетнама центрального подчинения.
1581326	Хайзыонг	Хайзыо́нг (вьет. Hải Dương, тьы-ном 海陽) — город на севере Вьетнама, столица одноимённой провинции.
158151	Катумба	Кату́мба — город в Австралии в штате Новый Южный Уэльс. Административно является одной из составных частей уезда (city) Блю-Маунтинз.
158214	Касулу	Касулу — город на северо-западе Танзании, на территории области Кигома. Административный центр одноимённого округа.
1582886	Донгхой	Донгхой — город провинциального подчинения во Вьетнаме, административный центр провинции Куангбинь.
1583477	Дьенбьенфу	Дьенбьенфу́ (вьет. Điện Biên Phủ, тьы-ном 奠邊府, «Утверждённая граница»; устаревшее написание: Дьен-Бьен-Фу) — город на северо-западе Вьетнама, столица провинции Дьенбьен.
1583992	Дананг	Дана́нг — один из пяти городов центрального подчинения во Вьетнаме, пятый город по численности населения в стране. Расположен в северной части Южно-Центрального региона.
1584071	Далат	Дала́т — город в центральном нагорье Вьетнама, столица провинции Ламдонг. Расположен на плато Лангбиан (Далат) на уровне примерно 1475 метров над уровнем моря.
1586185	Каобанг	Каобанг — город в северо-восточной части Вьетнама. Административный центр провинции Каобанг.
1586203	Кантхо	Кантхо́ — город центрального подчинения во Вьетнаме, самый крупный город в дельте Меконга. Население административной единицы в составе 5 городских районов и 4 сельских уездов составляет 1 252,4 тыс.
1586350	Камрань	Камра́нь — город в провинции Кханьхоа, имеет статус города провинциального подчинения. Расположен на берегу глубоководного залива Камрань, в 45 км от административного центра провинции — Нячанга.
1586360	Камфа	Камфа́ (вьет. Cẩm Phả, тьы-ном 錦普) — портовый город провинциального подчинения, расположенный во Вьетнаме в провинции Куангнинь. Статус города провинциального подчинения с 21 февраля 2012 года.
1586443	Камау	Кама́у — город в южной части Вьетнама, столица одноимённой провинции Камау, расположенной в дельте реки Меконг.
1588275	Баолок	Баолок (вьет. Bảo Lộc), бывшее название Б’лао (вьет. B'Lao) — город провинциального подчинения, расположенный во Вьетнаме.
159071	Иринга	Иринга — город в Танзании. Является административным центром одноимённых области и округа. Население — 102 208 человек.
1591527	Бакзянг	Бакзянг — город провинциального подчинения в северо-восточной части Вьетнама. Административный центр провинции Бакзянг.
159908	Геита	Геита — город на северо-западе Танзании. Является административным центром области Геита с населением в 2 977 608 человек (2022).
160196	Додома	Додо́ма — столица Танзании, административный центр провинции Додома.
160263	Дар-эс-Салам	Дар-эс-Сала́м — крупнейший город Танзании. Самый богатый город страны и важный экономический центр.
1605239	Удонтхани	Удонтхани — столица одноимённой провинции на северо-востоке Таиланда, население около 250 тыс. человек. Координаты: 17°25′ с.
1605245	Убонратчатхани	Убонратчатхани — город и административный центр одноименной провинции, что на востоке Таиланда.
1606418	Сарабури	Сарабури — город в Таиланде, столица одноимённой провинции.
1607017	Районг	Райо́нг — город в Таиланде, столица одноимённой провинции.
1608133	Нонтхабури	Нонтхабури — город в одноимённой провинции Таиланда. Часть Большого Бангкока.
1608527	Накхонсаван	Накхо́нсава́н или Наконсаван — город в центральной части Таиланда, административный центр одноимённой провинции.
1608529	Накхонратчасима	Накхо̀нратчасима́ — город в одноимённой провинции Таиланда на северо-востоке страны. Расположен в юго-западной части плато Корат на одном из протоков реки Мун.
1608534	Накхонпатхом	Накхонпатхом — город в центральной части Таиланда, административный центр одноимённой провинции.
1609350	Бангкок	Бангко́к, в Таиланде используется название Крунгте́п — столица и самый крупный город Таиланда с населением 5,4 млн чел. (2022). Название, данное городу при основании, попало в Книгу рекордов Гиннесса как самое длинное на планете.
160961	Букоба	Букоба — основанный Эмин-пашой город в северо-западной Танзании на западном берегу озера Виктория, столица области Кагера. Население по оценке на 2011 год составляет 86 022 человека.
1609776	Кхонкэн	Кхонкэ́н — город, центр одноимённой провинции на северо-востоке Таиланда (Исане). Население на май 2006 года составляло около 121 тысяч человек.
1610780	Хатъяй	Хатъяй — крупнейший город провинции Сонгкхла, однако он не является её административным центром, являясь лишь центром ампхе.
1611110	Чонбури	Чонбури — город в Таиланде, столица одноименной провинции. Расположен примерно в 100 км к востоку от Бангкока, на берегу Сиамского залива.
1611269	Чантхабури	Чантхабури — город на востоке Таиланда, административный центр одноимённой провинции.
161290	Багамойо	Багамойо — город в Танзании в составе области Пвани, центр одноимённого района. Багамойо был центром торговли слоновой костью и рабами, а в 1889—1891 годах столицей Германской Восточной Африки.
161312	Бабати	Баба́ти — город на западе Танзании, административный центр области Маньяра, а также одноимённого района.
161325	Аруша	Ару́ша — город на севере Танзании. Является административным центром области Аруша, с населением в 1 288 088 человек, в том числе в округе Аруша проживает 341 155 человек.
1614295	Паттайя	Патта́йя — курортный город на юго-востоке Таиланда, в провинции Чонбури. Город расположен на восточном побережье Сиамского залива, примерно в 165 км к юго-востоку от Бангкока.
161616	Балканабад	Балканабад — город в Туркменистане, административный центр Балканского велаята.
1621177	Джокьякарта	Джокьяка́рта — город на острове Ява в Индонезии. Административный центр Особого округа Джокьякарта.
162183	Ашхабад	Ашхаба́д, или Ашгаба́т — столица и крупнейший город Туркменистана; административно-политический, промышленный, научный и культурный центр государства. Является отдельной административно-территориальной единицей Туркменистана — городом с правами велаята (области).
1622786	Макасар	Мака́сар — столица индонезийской провинции Южный Сулавеси. Крупнейший город, расположенный на острове Сулавеси, и 6-й по величине город Индонезии.
1622846	Убуд	Убуд — населённый пункт на индонезийском острове Бали в одноимённом районе, расположенный среди рисовых полей и крутых ущелий в центральных предгорьях округа Гианьяр. Считается центром искусства и культуры, из отраслей экономики наиболее развит туризм.
1624494	Тегал	Тегал — город в Индонезии, на острове Ява, в провинции Центральная Ява. Территория города выделена в самостоятельную административную единицу — муниципалитет (ко́та).
1624647	Тасикмалая	Тасикмалая — город в индонезийской провинции Западная Ява. Тасикмалая расположена на одной (южной) из двух основных автодорог в Центральной Яве, связывающей центр провинции, Бандунг, и Пурвокерто.
1624863	Танджунгпинанг	Танджунгпинанг — административный центр индонезийской провинции Кепулауан-Риау, второй по величине город провинции. Торговый порт архипелага. Находится в южной части острова Бинтан, связан морскими путями с Батамом, Сингапуром и Джохор-Бару.
1624917	Бандар-Лампунг	Бандар-Лампунг — город в индонезийской провинции Лампунг, на острове Суматра, административный центр провинции. В период голландского колониального господства носил название Остхавен.
1625084	Тангеранг	Тангеранг — один из городов-миллионеров в провинции Бантен, Индонезия. Тангеранг, находящийся по координатам 6°10′42″ ю.
1625822	Сурабая	Сураба́я — второй по величине город Индонезии, административный центр провинции Восточная Ява. Один из основных портов страны, важный экономический и инфраструктурный центр.
1626381	Сукабуми	Сукабу́ми — город на острове Ява (Индонезия). Территория города выделена в самостоятельную административную единицу — муниципалитет (ко́та).
1626542	Соронг	Соронг — портовый город в Индонезии, входит в состав провинции Юго-Западное Папуа. Территория города выделена в самостоятельную административную единицу — муниципалитет.
1626932	Сингараджа	Сингара́джа — населённый пункт на северном побережье острова Бали, Индонезия. Является административным центром округа Булеленг.
1627896	Семаранг	Сема́ранг — портовый город в Индонезии на северном побережье острова Ява.
1629001	Самаринда	Самаринда — административный центр и крупнейший город индонезийской провинции Восточный Калимантан. Город расположен на реке Махакам.
1630789	Понтианак	Понтиа́нак — город в Индонезии, на острове Калимантан. Является административным центром провинции Западный Калимантан.
1631761	Пеканбару	Пеканба́ру, часто также Паканба́ру — город в Индонезии на острове Суматра. Административный центр провинции Риау.
1633070	Палембанг	Палемба́нг — город на острове Суматра на юге Индонезии. Центр провинции Южная Суматра.
1633118	Паланкарая	Паланкара́я — город в Индонезии на острове Калимантан, административный центр провинции Центральный Калимантан. В городе есть аэропорт Чилик-Ривут.
1633419	Паданг	Пада́нг, также Па́данг — город, морской порт в Индонезии.
163345	Тартус	Тарту́с — второй по величине портовый город в Сирии после Латакии, административный центр мухафазы Тартус.
1635283	Метрополитен	Метрополите́н, ме́тро, скоростной транзи́т, подземная железная дорога, или просто «подземка» — вид рельсового скоростного внеуличного электрического пассажирского транспорта в городе или агломерации. При сооружении метрополитена в условиях сложившейся городской застройки наибольшее распространение получили подземные ли…
1635815	Маумере	Маумере — город на северо-востоке острова Флорес, Индонезия. Население — 52 921 человек. Является административным центром округа Сикка в провинции Восточная Нуса-Тенгара.
1636308	Маноквари	Маноквари — населённый пункт в Индонезии на острове Новая Гвинея, административный центр индонезийской провинции Западное Папуа. Не имеет статуса города, с административной точки зрения является районом — дистриком.
1636544	Манадо	Мана́до — столица индонезийской провинции Северный Сулавеси, торговый центр сельскохозяйственного и рыболовецкого района, известный центр дайвинга. Город расположен в гористой местности на берегу одноимённой бухты, имеет в своём составе 9 районов.
1636722	Маланг	Мала́нг — город в индонезийской провинции Восточная Ява. Второй по населению город провинции после Сурабаи.
1636884	Магеланг	Магела́нг — город в Индонезии, расположенный на территории провинции Центральная Ява. Территория города выделена в самостоятельную административную единицу — муниципалитет.
1639500	Котамобагу	Котамобагу — город в Индонезии, в провинции Северный Сулавеси. Население — 112 776 чел. (2014).
1640344	Кендари	Кендари — город в Индонезии. Находится на острове Сулавеси. Столица провинции Юго-Восточный Сулавеси.
1642911	Джакарта	Джака́рта (индон. и яв. Jakarta, бетави Jakarté; до 1527 года — Су́нда Кела́па, до 1619 года — Джаяка́рта, до 1942 года и в январе-ноябре 1946 года — Бата́вия — столица и крупнейший город Индонезии. В административном плане выделена в особый столичный округ, по статусу равный провинции.
1643837	Горонтало	В административном отношении делится на шесть провинций: Горонта́ло — провинция в Индонезии, на острове Сулавеси.
1645457	Дили	Ди́ли — столица и крупнейший город Восточного Тимора. Расположен на северном побережье острова Тимор, самого восточного из Малых Зондских островов.
1645524	Депок	Депок — один из городов-миллионеров провинции Западная Ява, Индонезия. Депок, находящийся по координатам 6°23′24″ ю.
1645528	Денпасар	Денпаса́р — город на юге индонезийского острова Бали, административный центр провинции Бали. Имея население 500 тысяч жителей, Денпасар является самым населённым пунктом острова и единственным населённым пунктом Бали, который в соответствии с современным административно-территориальным делением Индонезии, имеет статус…
1646170	Чиребон	Чиребо́н — портовый город на северном побережье индонезийского острова Ява. Расположен в провинции Западная Ява неподалёку от границы с Центральной Явой, в 297 км к востоку от Джакарты.
1647142	Чианджур	Чианджур — город в одноимённом округе в индонезийской провинции Западная Ява. Один из крупнейших городов Индонезии с населением более двух миллионов жителей по состоянию на 2007 год.
1647866	Букиттинги	Букитти́нги — город в Индонезии, входит в состав провинции Западная Суматра. Территория города выделена в самостоятельную административную единицу — муниципалитет.
1648473	Богор	Бого́р, Бо́гор — город в Индонезии, на острове Ява, в провинции Западная Ява. Территория города выделена в самостоятельную административную единицу — муниципалитет (ко́та).
1648637	Битунг	Битунг — город в провинции Северный Сулавеси, Индонезия. Представляет собой городской муниципалитет.
1649378	Бекаси	Бека́си — один из городов-миллионеров провинции Западная Ява, Индонезия. Бекаси расположен на северо-западе острова Ява.
1650213	Банджармасин	Банджарма́син — крупнейший город и административный центр индонезийской провинции Южный Калимантан. Расположен на острове в дельте реки Барито около впадения в неё притока Мартапура.
1650357	Бандунг	Бандунг — административный центр провинции Западная Ява, Индонезия. Расположен на Яве, является третьим по населению городом в Индонезии после Джакарты и Сурабаи.
1650527	Баликпапан	Баликпапа́н — город и порт в индонезийской провинции Восточный Калимантан. Второй по величине город провинции после её административного центра, Самаринды.
1651531	Амбон (город)	Амбо́н — город в Индонезии, административный центр провинции Малуку. Расположен в южной части острова Амбон.
1651944	Вьентьян	Вьентья́н — столица и крупнейший город Лаоса, расположенный на реке Меконг близ границы с Таиландом, крупнейший экономический центр страны.
1654379	Паксе	Паксе́ — город в Лаосе, административный центр провинции Тямпасак. Население — 119 848 чел..
1665196	Доулю	Доулю — город на Тайване, административный центр уезда Юньлинь. Через город проходит национальная скоростная автодорога 3.
166716	Ярмук	Ярму́к — река на Ближнем Востоке. Крупнейший приток реки Иордан.
1668341	Тайбэй	Тайбэ́й — столица Китайской Республики. Согласно точке зрения руководства КНР Тайбэй — столица провинции Тайвань в составе КНР.
1668355	Тайнань	Тайна́нь — четвёртый по населению город Тайваня после Тайбэя, Гаосюна и Тайчжуна, один из пяти городов центрального подчинения Тайваня. Находится в юго-западной части острова, в тропиках, на побережье Тайваньского пролива.
1668399	Тайчжун	Тайчжу́н — город в центре западного Тайваня, третий по численности населения город на острове после Нового Тайбэя и Гаосюна, один из шести городов центрального подчинения Тайваня.
1670909	Бадэ	Бадэ́ — район города Таоюань.
1671467	Нэйху	Нэйху — один из 12 районов г. Тайбэй, расположенный в восточной части города. «Нэйху» означает «внутреннее озеро».
167357	Манбидж	Ма́нбидж, Ме́мбидж — город на северо-востоке в мухафазе Халеб в Сирии, в 30 километрах к западу от Евфрата. По данным переписи населения 2004 года, его население составляло из почти 100 000 человек.
1673820	Гаосюн	Гаосю́н — город на юго-западе острова Тайвань Китайской Республики. Третий по величине город на острове с населением около 2,77 млн человек.
1674504	Хуалянь	Хуалянь — город на Тайване, столица одноименного уезда Хуалянь. Расположен на берегу Тихого океана на восточном берегу острова.
1675151	Синьчжу	Синьчжу́ — город в северо-западной части Тайваня. Синьчжу называют «Город ветров» за его ветреный климат.
1677112	Чжубэй	Чжубэй — город на Тайване, административный центр уезда Синьчжу.
1679432	Замбоанга	Замбоа́нга — город на Филиппинах, на острове Минданао в регионе Полуостров Замбоанга. Это — третий из «дипломированных» городов на Филиппинах, то есть попадает в разряд крупных городов.
1679802	Вирак	Вира́к — коммуна во Франции, находится в регионе Юг — Пиренеи. Департамент — Тарн. Входит в состав кантона Кармо-2 Валле-дю-Серу.
1680932	Тугегарао	Тугегарао — главный город провинции Кагаян на Филиппинах. Численность населения — 129 539 жителей.
1684308	Тагиг	Тагиг — город на Филиппинах, входящий в Манильскую агломерацию. Население на 2007 год — 613 343 человека.
1684712	Таклобан	Такло́бан — портовый город на острове Лейте на берегу залива Лейте (Филиппины), расположенный примерно в 360 км к юго-востоку от Манилы. В регионе Восточные Висайи он считается первым из высоко-урбанизированных городов.
1685378	Султан-Кударат	Султан-Кударат — провинция Филиппин в регионе Сокксксархен на о. Минданао. Административный центр — город Исулан.
1689395	Сан-Хосе-дель-Монте	Сан-Хосе-дель-Монте — город в провинции Булакан, Филиппины. Население — 439 090 чел.. Входит в состав агломерации Манилы.
1692192	Кесон-Сити	Ке́сон-Си́ти — город на филиппинском острове Лусон. Крупнейший город Национального столичного региона и Филиппин.
1692214	Кесон-Сити	Ке́сон-Си́ти — город на филиппинском острове Лусон. Крупнейший город Национального столичного региона и Филиппин.
169304	Джабла	Джабла, Дже́бла — город на западе Сирии.
169389	Идлиб	И́длиб — город на северо-западе Сирии, административный центр одноимённой мухафазы. Находится недалеко от границы с Турцией.
169577	Хомс	Хомс, также Химс и Хумс, известный в доисламской Сирии как Эмеса — город в центре западной Сирии, административный центр одноимённой мухафазы. Он находится на высоте 501 метров над уровнем моря.
1696710	Пагадиан	Пагадиан — город на Филиппинах на о. Минданао, столица провинии Южная Замбоанга.
170017	Хама	Ха́ма — город на берегу реки Оронт в центральной части Сирии, в 47 км к северу от города Хомса, в 209 км от Дамаска. Главный город одноимённой мухафазы.
170063	Алеппо	Але́ппо, также Ха́леб — крупнейший город Сирии и центр одноимённой, самой населённой мухафазы страны. Расположен в нахии Горы Симеона, района Джебель-Семъан.
1701668	Манила	Мани́ла — столица государства Филиппины, один из 16 городов, формирующих Столичный регион страны (Метро-Манила). Граничит с городами Навотас и Калоокан, Кесон-Сити, Сан-Хуан и Мандалуйонг, Макати и Пасай.
1702540	Малолос	Малолос — город на Филиппинах, административный центр провинции Булакан. В административном отношении делится на 51 барангай.
170654	Дамаск	Дама́ск — столица и второй по величине город в Сирии. Расположен в юго-западной Сирии рядом с восточным предгорьем Восточно-ливанской горной гряды на Восточном плато в нижнем течении реки Ба́рада, где она разделяется на семь рукавов.
1707404	Лаоаг	Лаоа́г — город на Филиппинах.
170794	Дайр-эз-Заур	Дайр-эз-Заур, также Дейр-эз-Зор — город на северо-востоке Сирии, административный центр мухафазы Дайр-эз-Заур (Дейр-эз-Зор).
170905	Даръа	Даръа́ — город на юго-западе Сирии, неподалёку от границы с Иорданией. Административный центр мухафазы Даръа.
1709632	Калибо	Кали́бо — муниципалитет I класса и административный центр провинции Аклан, Филиппины, на северо-западе острова Панай. Главный транспортный узел для посещения курорта Боракай через аэропорт Калибо.
1710914	Имус	Имус — город на Филиппинах, на территории региона Калабарсон. Административный центр провинции Кавите.
1711146	Илаган	Илаган — город на Филиппинах, столица провинции Исабела на острове Лусон. Статус города получил в 1998 году.
1713022	Хенераль-Сантос	Генерал-Сантос — город в провинции Южный Котабато, на острове Минданао, Филиппины. Расположен на берегу залива Сарангани.
1715348	Давао	Дава́о — город на Филиппинах на берегу одноимённого залива, главный порт острова Минданао. Имеется международный аэропорт, деревообрабатывающая и пищевая промышленность, производство абаки.
1716771	Котабато	Котаба́то — провинция Филиппин в центральной части острова Минданао, в Регионе СОККСКСАРХЕН. С провинцией граничат провинции Южный Ланао и Букиднон на севере, Южный Давао на юго-востоке, Магинданао на западе, Султан-Кударат на юго-западе и Давао-Сити на юге.
1717512	Себу	Себу́ — остров в центральной части Филиппинского архипелага. Основной остров провинции Себу.
1720151	Калоокан	Калоо́кан — крупный город Филиппин, экономический, политический, культурный центр, считается одним из городов-миллионеров, фактически — один из районов Большой Манилы.
1720681	Каламба	Каламба — город на Филиппинах, административный центр региона Калабарсон. Входит в состав провинции Лагуна.
172082	Аазаз	Ааза́з, также Аза́з — город в Сирии, в мухафазе Халеб; административный центр района Аазаз. Расположен на севере страны, в 7 км от турецко-сирийской границы.
1721080	Кагаян-де-Оро	Кагая́н-де-О́ро — город на Филиппинах, административный центр провинции Восточный Мисамис. Население — 568 283 чел..
1728930	Багио	Ба́гио — курортный город на Филиппинах, расположенный в северной части острова Лусон на высоте в среднем около 1500 метров, во влажных тропических сосновых лесах. Благодаря прохладному приятному климату известен как летняя столица Филиппин.
1732752	Джохор-Бару	Джохо́р-Ба́ру — город в Малайзии, столица султаната Джохор на юге Малайского полуострова. Это второй по населению город страны после столицы Куала-Лумпура, с населением в полмиллиона в самом городе и около полутора миллионов в агломерации.
1732903	Шах-Алам	Шах-Алам — город в Малайзии. Находится на юго-западе полуострова Малакка. С 1978 административный центр штата Селангор.
1732905	Кланг	Кланг — город в Малайзии, в штате Селангор. Расположен в долине Кланг, в 32 км к западу от Куала-Лумпура и в 6 км к востоку от Порт-Кланга.
1733432	Кота-Кинабалу	Ко́та-Кинаба́лу, до 30 сентября 1968 г. — Джесселтон — город в Малайзии, столица штата Сабах.
173377	Эль-Камышлы	Эль-Камышлы — город на северо-востоке Сирии, находящееся на территории Западного Курдистана на границе с Турцией, вблизи от Ирака.
1734052	Сандакан	Санда́кан — город в восточной части Малайзии, в штате Сабах на северо-востоке острова Калимантан, на побережье моря Сулу. Является центром одноимённой области.
1734199	Тавау	Тавау — город в Малайзии, в штате Сабах. Является административным центром области Тавау.
1734634	Ипох	И́пох — город в Малайзии, столица штата Перак. Ипох стал одним из главных городов страны на рубеже XIX века из-за бурно развивающейся в регионе добычи олова.
1734705	Куала-Тренгану	Куа́ла-Тренга́ну — город в Малайзии, столица штата Тренгану. Название города можно перевести как «устье реки Тренгану», что объясняется расположением города.
1734810	Серембан	Серемба́н — город в Малайзии, столица штата Негери-Сембелан.
1735158	Петалинг-Джая	Петалинг-Джая — город-спутник малайской столицы Куала-Лумпур, расположен в штате Селангор. Занимает площадь в 97,2 км², что делает его крупнейшим городом штата.
1735161	Куала-Лумпур	Куа́ла-Лу́мпур, также встречается вариант ударения Куа́ла-Лумпу́р — столица и самый крупный город Малайзии.
1735227	Куантан	Куа́нтан — город на востоке полуостровной части Малайзии; столица штата Паханг.
1735634	Кучинг	Ку́чинг — город в Восточной Малайзии, на острове Калимантан, столица провинции Саравак. Население состоит из малайцев, даяков, китайцев разного происхождения и индийских народностей.
173576	Латакия	Латаки́я — город и главный порт Сирии на Средиземном море. Административный центр мухафазы Латакия.
1735902	Сибу	Сибу — город в губернаторстве Саравак, столица округа Сибу в одноимённой области, Малайзия. Город занимает площадь 129,5 км2 и расположен на острове Калимантан.
1736309	Алор-Сетар	А́лор-Сета́р, также Алур-Сетар — город в Малайзии, столица штата Кедах и административный центр округа Кота-Сетар. Население — около 300 тыс. чел.
1736376	Кота-Бару	Ко́та-Ба́ру — город в Малайзии, столица штата Келантан. Название города можно перевести с малайского как: «новый город» или «новый замок (форт)».
1738050	Мири	Ми́ри — город в Малайзии, на острове Калимантан. Является центром одноимённых области и округа.
173811	Эль-Хасака	Эль-Ха́сака, Ха́секе — город на северо-востоке Сирии, административный центр одноимённой мухафазы. Второй по населению город мухафазы после Эль-Камышлы.
175499	Нчеленге	Нчеленге — город на севере Замбии.
1783621	Цзуньи	Цзуньи́ — городской округ в провинции Гуйчжоу КНР.
1783633	Цзоучэн	Цзоучэ́н — городской уезд городского округа Цзинин провинции Шаньдун (КНР).
1783683	Цзыян	Цзыя́н — городской округ в провинции Сычуань КНР.
1783763	Чжучжоу	Чжучжо́у — городской округ в провинции Хунань КНР. Находится к юго-востоку от столицы провинции Чанша за рекой Сянцзян.
1783873	Чжумадянь	Чжумадя́нь — городской округ в провинции Хэнань КНР. Название означает «Трактир у места смены лошадей» и связано с существовавшей в этих местах в средневековье почтовой станцией.
1784285	Чжунвэй	Чжунвэ́й — городской округ в Нинся-Хуэйском автономном районе КНР.
178443	Ваджир	Ваджир — город в бывшей Северо-Восточной провинции в Кении. Является центром одноимённого округа.
1784658	Чжэнчжоу	Чжэнчжо́у — городской округ, административный центр провинции Хэнань КНР. Название означает «область Чжэн»; так называлась административная единица, существовавшая в этих местах в Средние века.
1785036	Чжанъе	Чжанъе́ — городской округ в провинции Ганьсу КНР. Название означает «вытянутый в сторону» и является сокращением от «张国臂掖，以通西域».
1785286	Цзыбо	Цзыбо́ — городской округ в китайской провинции Шаньдун. Является важным промышленным центром, входящим в число 50 ведущих индустриальных городов Китая.
1785294	Аньян	Анья́н — городской округ в провинции Хэнань КНР, чуть к северу от средней части бассейна Хуанхэ. На этой территории обнаружено большое количество предметов, которые относят к периоду династии Шан.
1785453	Цзаочжуан	Цзаочжуа́н — городской округ в китайской провинции Шаньдун. Название происходит от существовавшего здесь ранее посёлка Цзаочжуан.
1785623	Куньшань	Куньша́нь — городской уезд городского округа Сучжоу провинции Цзянсу (КНР).
1785738	Юньчэн	Юньчэ́н — городской округ в провинции Шаньси КНР.
1786067	Юаньлинь	Юаньлинь — город на Тайване, расположенный в уезде Чжанхуа. Площадь города — 40,04 км². Население — 124 725 человек.
1786112	Хэюань	Хэюа́нь — городской округ в провинции Гуандун КНР.
1786577	Интань	Инта́нь — городской округ в провинции Цзянси КНР.
1786657	Иньчуань	Иньчуа́нь — городской округ в Китае, место размещения властей Нинся-Хуэйского автономного района.
1786731	Цинчжоу	Цинчжо́у — городской уезд городского округа Вэйфан провинции Шаньдун (КНР).
1786764	Ичан	Ича́н — городской округ в китайской провинции Хубэй.
1786770	Ибинь	Иби́нь — городской округ в провинции Сычуань КНР.
1787093	Яньтай	Яньта́й — городской округ в китайской провинции Шаньдун, на Шаньдунском полуострове.
1787227	Янчжоу	Янчжо́у — городской округ в провинции Цзянсу КНР, в 95 км к северо-востоку от Нанкина, находится недалеко от слияния Великого канала и реки Янцзы.
1787765	Яньань	Яньа́нь — город окружного значения в провинции Шэньси (КНР).
1787858	Шанжао	Шанжа́о — городской округ в провинции Цзянси КНР.
1788450	Синьчжоу	Синьчжо́у — городской округ в провинции Шаньси, Китайская Народная Республика.
1788572	Синьсян	Синься́н — городской округ в провинции Хэнань КНР.
1788852	Синин	Сини́н — городской округ в провинции Цинхай КНР, место пребывания правительства провинции.
1789647	Сичан	Сича́н — городской уезд Ляншань-Ийского автономного округа провинции Сычуань (КНР).
1790396	Сяньнин	Сяньни́н — городской округ в провинции Хубэй КНР.
1790437	Чжухай	Чжуха́й — городской округ на южном берегу китайской провинции Гуандун, на западной стороне эстуария Жемчужной реки.
1790587	Сянъян	Сянъ́ян — городской округ в провинции Хубэй КНР.
1790630	Сиань	Сиа́нь — город субпровинциального значения в провинции Шэньси (КНР), место пребывания правительства провинции.
1790645	Сямынь	Сямы́нь — город субпровинциального значения в провинции Фуцзянь (КНР), крупнейший порт провинции на побережье Тайваньского пролива. Расположен на островах и прилегающем побережье материка между Цюаньчжоу и Чжанчжоу.
1790840	Учжоу	Учжо́у (иер. 梧州, ютпхин: Ng4zau1, кант.-рус.: Ынчау; пиньинь: Wúzhōu; чжуанск. Ngouzcouh) — городской округ в Гуанси-Чжуанском автономном районе КНР.
1790842	Учжун	Учжу́н — городской округ в Нинся-Хуэйском автономном районе КНР.
1790923	Уси	Уси́ — городской округ в китайской провинции Цзянсу, расположенный в низовьях реки Янцзы.
1791121	Чандэ	Чандэ — городской округ в провинции Хунань КНР.
1791236	Уху	Уху́ — городской округ в провинции Аньхой КНР.
1791247	Ухань	Уха́нь — город субпровинциального значения в провинции Хубэй КНР, административный центр этой провинции. Самый густонаселённый город центрального Китая с населением около 12 млн человек, расположенный в месте слияния рек Янцзы и Ханьшуй.
1791388	Вэньчжоу	Вэньчжо́у — городской округ в провинции Чжэцзян КНР.
1791636	Вэйнань	Вэйна́нь — городской округ в провинции Шэньси КНР.
1791673	Вэйхай	Вэйха́й, также известен в прошлом как Вэйхай-Гаррисон или Вэйхайвэй, а также в колониальный период как Порт-Эдвард — городской округ в провинции Шаньдун КНР.
1791681	Вэйфан	Вэйфан — городской округ в Китае, в центральной части провинции Шаньдун. Название означает «квартал у реки Вэйхэ».
1792359	Туньси	Туньси́ — район городского подчинения городского округа Хуаншань провинции Аньхой (КНР).
1792947	Тяньцзинь	Тяньцзи́нь — один из четырёх муниципалитетов центрального подчинения Китайской Народной Республики. Городская зона Тяньцзиня является третьей по величине в континентальном Китае.
1793036	Тэнчжоу	Тэнчжо́у — городской уезд городского округа Цзаочжуан провинции Шаньдун (КНР). Название происходит от названия существовавшей в этих местах в Средние века области.
1793346	Таншань	Танша́нь — городской округ в провинции Хэбэй КНР. Название происходит от горы Дачэншань, ранее называвшейся Таншань.
1793424	Танго	Та́нго — парный танец свободной композиции, исполняемый под характерную музыку. Возник на Южно-Американском континенте в 1880-е годы в Ла-Плата, на границе Уругвая и Аргентины, в бедных портовых городских районах с преимущественно смешанным эмигрантским населением как результат сплава культур выходцев из Европы, Африки…
1793511	Тайюань	Тайюа́нь — городской округ в Китае, административный центр провинции Шаньси, стоит на реке Фэньхэ. Западный и восточный берега реки связывают пять мостов.
1793724	Тайань	Тайа́нь — городской округ в китайской провинции Шаньдун. На его территории находится гора Тайшань.
1793879	Суйчжоу	Суйчжо́у — городской округ в провинции Хубэй КНР.
1794794	Шоугуан	Шоугуа́н — городской уезд городского округа Вэйфан провинции Шаньдун (КНР).
1795196	Тунчуань	Тунчуа́нь — городской округ в провинции Шэньси КНР.
1795270	Шицзячжуан	Шицзячжуа́н — городской округ в провинции Хэбэй КНР, административный центр провинции.
1795565	Шэньчжэнь	Шэньчжэ́нь — город субпровинциального значения в провинции Гуандун на юге Китайской Народной Республики, граничит с Гонконгом. Население по переписи 2000 года составляло 7 008 831 человек, а согласно переписи 2010 года — 10 357 938 человек.
1795855	Шаосин	Шаоси́н — городской округ в провинции Чжэцзян КНР.
1795874	Шаогуань	Шаогуа́нь — городской округ в китайской провинции Гуандун.
1795928	Шаньвэй	Шаньвэ́й — городской округ в провинции Гуандун КНР. В состав городского округа также входит расположенный в Южно-Китайском море необитаемый архипелаг Дунша, который формально относится к посёлку Цзеши городского уезда Луфэн, но фактически не контролируется властями КНР.
1795940	Шаньтоу	Шаньто́у — городской округ в провинции Гуандун КНР.
1796236	Шанхай	Шанха́й — один из четырёх городов центрального подчинения КНР; расположен на востоке страны, в дельте реки Янцзы. Важный культурный центр страны, а также крупнейший в мире морской порт.
1797121	Цзеян	Цзея́н — городской округ в провинции Гуандун КНР.
1797333	Цюйфу	Цюйфу́ — городской уезд городского округа Цзинин провинции Шаньдун (КНР).
1797551	Циньчжоу	Циньчжо́у — городской округ в Гуанси-Чжуанском автономном районе КНР.
1797595	Циньхуандао	Циньхуанда́о — городской округ в провинции Хэбэй КНР.
1797873	Хуайань	Хуайа́нь — городской округ в провинции Цзянсу КНР.
1797929	Циндао	Цинда́о — город субпровинциального значения в Китае на востоке провинции Шаньдун, на берегу Жёлтого моря. Он состоит из 6 районов и 4 городских уездов.
1798449	Путянь	Путя́нь — городской округ в провинции Фуцзянь КНР.
1798524	Пудун (район)	Пуду́н, официальное название Но́вый райо́н Пуду́н — «новый район» города Шанхая (Китай). Ядро Пудуна расположено к востоку от реки Хуанпу, напротив Пуси — исторического центра Шанхая.
1798760	Пинлян	Пинля́н — городской округ в провинции Ганьсу КНР. Название означает «умиротворённая Лян»; оно появилось после того, как в 376 году государство Ранняя Цинь завоевало государство Ранняя Лян и присоединило к себе его территорию.
1798821	Пинду	Пинду́ — городской уезд города субпровинциального значения Циндао провинции Шаньдун (КНР).
1798827	Пиндиншань	Пиндинша́нь — городской округ в провинции Хэнань КНР.
1799397	Нинбо	Нинбо́ — город субпровинциального значения, расположенный на северо-востоке провинции Чжэцзян в Китайской Народной Республике.
1799491	Нэйцзян	Нэйцзя́н — городской округ в провинции Сычуань КНР.
1799629	Наньян	Нанья́н — городской округ в провинции Хэнань КНР.
1799846	Наньпин	Наньпи́н — городской округ в провинции Фуцзянь КНР.
1799869	Наньнин	Наньни́н — городской округ в Гуанси-Чжуанском автономном районе КНР, экономический, административный и культурный центр Гуанси-Чжуанского автономного района, находится в юго-западной части района. Национальные меньшинства составляют 57,85％ от всего населения, в том числе чжуаны — 57,14％.
1799962	Нанкин	Нанки́н — город субпровинциального значения в провинции Цзянсу (КНР), место пребывания властей провинции. Бывшая столица Китая при нескольких императорских династиях, а также столица Китайской республики; порт в низовьях реки Янцзы.
1800146	Наньчун	Наньчу́н (кит. 南充, пиньинь Nánchōng）— городской округ в провинции Сычуань КНР. Название в переводе означает «южнее уезда Чунго».
1800163	Наньчан	Наньча́н — городской округ в КНР, место пребывания властей провинции Цзянси.
1800627	Мяньян	Мянья́н — городской округ в провинции Сычуань КНР.
1800818	Мэйшань	Мэйша́нь — городской округ в провинции Сычуань КНР.
1801180	Маомин	Маоми́н — городской округ в провинции Гуандун КНР.
1801722	Люйшунькоу	Люйшунько́у или Люйшу́нь — район городского подчинения города субпровинциального значения Далянь. Ранее на этом месте находился город, обозначавшийся на русских картах как Люйшу́нь.
1801792	Лоян	Лоя́н — городской округ на западе провинции Хэнань в Китае; на востоке он примыкает к городскому округу Чжэнчжоу, где размещается правительство провинции Хэнань.
1802171	Кандин	Кандин — муниципалитет в Испании, входит в провинцию Леон, в составе автономного сообщества Кастилия и Леон. Муниципалитет находится в составе района (комарки) Эль-Бьерсо.
1802238	Лоуди	Лоуди́ — городской округ в провинции Хунань КНР.
1803245	Лишуй	Лишу́й — городской округ в провинции Чжэцзян КНР.
1803300	Лючжоу	Лючжоу — городской округ в Гуанси-Чжуанском автономном районе КНР.
1803318	Линьи	Линьи — городской округ на востоке Китая, в провинции Шаньдун. Название означает «перед рекой Ихэ».
1803331	Линься	Линься́ — городской уезд Линься-Хуэйского автономного округа провинции Ганьсу (КНР), место размещения властей автономного округа. Название означает «перед рекой Дасяхэ».
1803567	Линьфынь	Линьфы́нь или Линьфэнь — городской округ в провинции Шаньси (КНР). Название означает «перед рекой Фыньхэ».
1803616	Лилин	Лили́н — городской уезд городского округа Чжучжоу провинции Хунань (КНР).
1803834	Ляочэн	Ляочэ́н — городской округ на западе китайской провинции Шаньдун. Название означает «город на реке Ляохэ».
1804430	Ланьчжоу	Ланьчжо́у — городской округ в провинции Ганьсу КНР. Место пребывания властей провинции Ганьсу.
1804591	Лайу	Лайу́ — район городского подчинения города субпровинциального значения Цзинань провинции Шаньдун (КНР). Название происходит от ущелья Лайугу, через которое протекает река Цзышуй.
1804609	Лайбинь	Лайби́нь — городской округ в Гуанси-Чжуанском автономном районе КНР.
1804651	Куньмин	Куньми́н — городской округ в провинции Юньнань на юго-западе Китая, административный центр провинции.
1804879	Кайфын	Кайфы́н, ранее также Бяньлян, Бяньцзин, Далян, также сокращённо Лян — городской округ в провинции Хэнань КНР. Столица Китая во время империи Сун, 960—1127 годы.
1805518	Цзинин	Цзини́н — городской округ в китайской провинции Шаньдун. Название означает «спокойная Цзишуй» и связано с тем, что в Средние века в эти места к реке Цзишуй было перенесено место пребывания правительства области Цзичжоу после того, как прежний административный центр области был смыт наводнением.
1805540	Цзинчжоу	Цзинчжо́у — городской округ в провинции Хубэй КНР.
1805611	Цзинмэнь	Цзинмэ́нь — городской округ в провинции Хубэй КНР.
1805680	Цзиндэчжэнь	Цзиндэчжэ́нь — городской округ в провинции Цзянси КНР.
1805733	Цзиньчан	Цзиньча́н — городской округ в провинции Ганьсу КНР. Название является аббревиатурой от «Цзиньчуань и Юнчан».
1805741	Цзиньчэн	Цзиньчэ́н — городской округ в провинции Шаньси КНР.
1805753	Цзинань	Цзина́нь — город субпровинциального значения в Китае, место пребывания правительства провинции Шаньдун. Расположен в западной части провинции, примерно в 400 км к югу от столицы страны, города Пекина.
1805833	Цзесю	Цзесю́ — городской уезд городского округа Цзиньчжун провинции Шаньси (КНР).
1805987	Цзяоцзо	Цзяоцзо́ — городской округ в провинции Хэнань КНР.
1806299	Цзянмынь	Цзянмэ́нь — городской округ в провинции Гуандун КНР, порт в дельте реки Сицзян.
1806408	Янцзян	Янцзя́н — городской округ в провинции Гуандун КНР.
1806445	Цзиань	Цзиа́нь — городской округ в провинции Цзянси КНР.
1806466	Гуанъюань	Гуанъюа́нь — городской округ в провинции Сычуань КНР.
1806776	Хойчжоу	Хойчжо́у или Хуэйчжоу — городской округ в провинции Гуандун КНР.
1807234	Хуанши	Хуанши́ — городской округ в провинции Хубэй КНР.
1807689	Хуайхуа	Хуайхуа́ — городской округ в провинции Хунань КНР.
1807700	Хуайбэй	Хуайбэ́й — городской округ в провинции Аньхой КНР.
1808198	Хэцзэ	Хэцзэ́ — городской округ в китайской провинции Шаньдун. Название городского округа является сокращением от «гора Хэшань (菏山) и водоём Лэйцзэ (雷泽)».
1808370	Хэнъян	Хэнъян — городской округ в провинции Хунань КНР.
1808392	Хэншуй	Хэншу́й — городской округ в провинции Хэбэй КНР.
1808722	Хэфэй	Хэфэ́й — городской округ в провинции Аньхой КНР, место пребывания властей провинции Аньхой.
1808770	Хэби	Хэби́ — городской округ в провинции Хэнань КНР.
1808857	Ханьчжун	Ханьчжу́н — городской округ в провинции Шэньси КНР. Название означает «среднее течение реки Ханьшуй».
1808926	Ханчжоу	Ханчжо́у — город субпровинциального значения Китайской Народной Республики, столица провинции Чжэцзян.
1808963	Ханьдань	Ханьда́нь — городской округ в провинции Хэбэй КНР.
1809078	Хайкоу	Хайко́у — городской округ на острове Хайнань, место пребывания властей одноимённой провинции Китая. Расположен на севере острова, напротив полуострова Лэйчжоу, от которого его отделяет 15-километровый Хайнаньский пролив.
1809461	Гуйян	Гуйя́н — городской округ в провинции Гуйчжоу КНР.
1809532	Гуйган	Гуйга́н — городской округ в Гуанси-Чжуанском автономном районе КНР.
1809858	Гуанчжоу	Гуанчжо́у — город субпровинциального значения Китайской Народной Республики, столица провинции Гуандун.
181032	Руиру	Руиру — город на юге центральной части Кении, на территории Центральной провинции страны.
1810638	Ганьчжоу	Ганьчжо́у — городской округ в провинции Цзянси КНР.
1810821	Фучжоу	Фучжо́у — городской округ в провинции Фуцзянь КНР, место пребывания властей провинции.
1811720	Эньши	Эньши́ — городской уезд Эньши-Туцзя-Мяоского автономного округа провинции Хубэй (КНР).
1811729	Эньпин	Эньпи́н — городской уезд городского округа Цзянмэнь провинции Гуандун (КНР).
1812256	Дуншэн	Дуншэ́н — район городского подчинения городского округа Ордос автономного района Внутренняя Монголия (КНР).
1812545	Дунгуань	Дунгуа́нь — городской округ в Китае в центре провинции Гуандун. По итогам 2021 года вошёл в престижный Клуб городов-триллионников.
1812955	Дэчжоу	Дэчжо́у — городской округ в китайской провинции Шаньдун.
1812961	Дэян	Дэя́н — городской округ в провинции Сычуань КНР.
1812988	Пэнлай	Пэнла́й — район городского подчинения городского округа Яньтай провинции Шаньдун.
1813171	Чжанцзяцзе	Чжанцзяцзе́ — городской округ в провинции Хунань, КНР. Название означает «рубеж семьи Чжан» и связано с тем, что после основания империи Хань здесь жил в уединении поспособствовавший созданию империи стратег Чжан Лян.
1813253	Лицзян	Лицзя́н — городской округ в южнокитайской провинции Юньнань, на берегу реки Юйлунхэ.
1814087	Далянь	Даля́нь — город субпровинциального значения в провинции Ляонин в северо-восточной части Китая, порт в заливе Даляньвань Жёлтого моря на южной оконечности полуострова Ляодун — Квантунском полуострове. Второй по величине город провинции Ляонин.
1814906	Чунцин	Чунци́н — муниципалитет центрального подчинения в центральной части Китая, крупнейший по площади из четырёх китайских административных единиц этой категории. Согласно переписи 2020 года, в Чунцине проживало 32,05 млн человек; при этом значительная часть проживает в сельской местности за пределами городского центра.
1815286	Чэнду	Чэнду́ — город субпровинциального значения в юго-западном Китае, в долине реки Миньцзян, место пребывания властей провинции Сычуань.
1815395	Чаочжоу	Чаочжо́у — городской округ в провинции Гуандун КНР.
1815577	Чанша	Чанша́ — городской округ в провинции Хунань КНР, административный центр провинции. Расположен на реке Сянцзян. Входит в исторический «Золотой Треугольник Чанчжутань».
1816234	Бочжоу	Бочжо́у — городской округ в провинции Аньхой КНР.
1816373	Бицзе	Бицзе́ — городской округ в провинции Гуйчжоу КНР.
1816440	Бэнбу	Бэнбу́ — городской округ в провинции Аньхой КНР.
1816670	Пекин	Пеки́н — столица и один из городов центрального подчинения Китайской Народной Республики. Пекин с трёх сторон окружён провинцией Хэбэй и граничит с Тяньцзинем на юго-востоке.
1816920	Шаоян	Шаоя́н — городской округ в провинции Хунань КНР.
1816971	Баодин	Баоди́н — городской округ в провинции Хэбэй КНР, в 140 километрах от Пекина.
1817240	Байинь	Байи́нь — городской округ в провинции Ганьсу КНР. Название означает «белое серебро» и связано с тем, что в этих краях с давних времён добывают различные цветные металлы.
1817993	Аньцин	Аньци́н — городской округ в провинции Аньхой КНР.
1818446	Тхюньмунь	Тхюньмунь? — один из 18 округов Гонконга. Расположен в западной части Новых Территорий.
1819609	Цзюлун	Цзюлу́н, также Коулу́н — полуостровная часть городской зоны Гонконга. Состоит из полуострова Цзюлун и Нового Цзюлуна.
1819729	Гонконг	Гонко́нг, полное официальное название — Специа́льный администрати́вный райо́н Гонко́нг — специальный административный район Китайской Народной Республики, один из ведущих глобальных городов и финансовых центров мира. Гонконг занимает первое место по ожидаемой продолжительности жизни и первое место среди городов мира по…
1821274	Макао	Мака́о, полное официальное название — Специа́льный администрати́вный райо́н Мака́о — специальный административный район Китайской Народной Республики, самый густонаселённый регион в мире.
1821306	Пномпень	Пномпе́нь — столица Камбоджи, город центрального подчинения, располагается на реке Тонлесап.
182701	Ньери	Ньери — город в Кении, столица провинции Центральная. В городе находится бывший дом Роберта Бадена-Пауэлла, основателя скаутского движения, который провёл последние годы жизни в этом городе.
1830194	Пойпет	Пойпе́т — город на западе Камбоджи, в провинции Бантеаймеантьей, на границе с Таиландом, и является одним из наиболее важных пунктов пограничного сообщения между двумя странами. Со стороны Таиланда находится город Араньяпратхет.
1831142	Кампонгсаом	Сиануквиль или Кампонгса́ом — провинция (кхет) в юго-западной Камбодже на берегу Сиамского залива. Провинциальный центр — Сиануквиль — главный морской порт страны и развивающийся пляжный курорт.
1831167	Кампонгчнанг	Кампонгчна́нг — провинция (кхет) в центральной части Камбоджи. Площадь составляет 5521 км²; население по данным на 2008 год — 471 616 человек.
1831797	Баттамбанг	Баттамба́нг — провинция (кхет) в северо-западной части Камбоджи. Площадь составляет 11 702 км²; население, по данным на 2008 год — 1 024 663 человека.
1832828	Янсан	Янса́н — город в провинции Кёнсан-Намдо, Южная Корея.
1832847	Янджу	Янджу́ — город в провинции Кёнгидо, Южная Корея.
1833105	Вонджу	Вонджу́ — город в провинции Канвондо, Южная Корея. Расположен приблизительно в 140 километрах к востоку от Сеула.
1833747	Ульсан	Ульса́н — город-метрополия в юго-восточной части Корейского полуострова, расположенный на берегу Японского моря в устье реки Тхэхваган, в 70 километрах к северу от Пусана. Крупнейший промышленный город страны, известный как «Столица экономики Республики Корея» или «Столица промышленности Республики Корея».
1835235	Тэджон	Тэджо́н — город прямого подчинения в центре Южной Кореи, административный центр провинции Чхунчхон-Намдо. Официальное название города — Город-метрополия Тэджон.
1835329	Тэгу	Тэгу́ — четвёртый по величине город в Южной Корее. Официально он называется Город-метрополия Тэгу, был столицей провинции Кёнсан-Пукто до 2016 года.
1835553	Сувон	Суво́н — город в Республике Корея, столица и крупнейший город провинции Кёнгидо. Расположен на 30 километров южнее Сеула.
1835848	Сеул	Сеу́л — столица и крупнейший город Республики Корея. Расположен на северо-западе страны вблизи Жёлтого моря, на равнине в окружении гор, в 24 км от границы с КНДР.
1835895	Сосан	Соса́н — город в провинции Чхунчхон-Намдо, Южная Корея.
1836553	Сокчхо	Сокчхо́ — город в провинции Канвондо, Южная Корея. Расположен в северо-восточной части страны на берегу Восточного моря.
1837706	Санджу	Санджу́ — город в провинции Кёнсан-Пукто, Южная Корея.
1838524	Пусан	Пуса́н — город в Республике Корея. Является городом-метрополией.
1839652	Осан	Оса́н — город в провинции Кёнгидо, Южная Корея.
1840379	Намвон	Намво́н — город в провинции Чолла-Пукто, Южная Корея. Город находится в 45 минутах езды от центра провинции города Чонджу и в трех часах езды от Сеула.
1840886	Мунгён	Мунгён — город в провинции Кёнсан-Пукто, Южная Корея.
1841603	Кёнджу	Кёнджу́ — город, один из основных туристических центров Южной Кореи. Расположен в юго-восточной части провинции Кёнсан-Пукто на берегу Японского моря.
1841811	Кванджу	Кванджу́ — бывший город в Республике Корея, находился в 295 км от Сеула. До 2005 года здесь располагалось правительство провинции Чолла-Намдо.
1842025	Кунсан	Кунса́н — город в Республике Корея, в провинции Чолла-Пукто. Расположен на южном берегу реки Кымган, недалеко от её впадения в Жёлтое море.
1842225	Куми	Ку́ми — город в провинции Кёнсан-Пукто, Южная Корея. Крупный промышленный центр. Расположен на главной автомагистрали страны — автодороге Сеул-Пусан.
1842616	Конджу	Конджу́ — город в провинции Чхунчхон-Намдо, Республика Корея. Расположен на месте древнего города Унджин, столицы древнекорейского государства Пэкче.
1842943	Кимхэ	Кимхэ, Кимхэ́-си — город в провинции Кёнсан-Намдо, Республика Корея. Кимхэ является родным городом клана Кимов, аристократической линии, ведущей своё начало от правящей элиты раннекорейского государства Кымгван Кая.
1842944	Кимчхон	Кимчхо́н — город в провинции Кёнсан-Пукто, Южная Корея. Расположен на главной магистрали страны — автодороге Сеул-Пусан.
1843137	Каннын	Канны́н — город в провинции Канвондо Южной Кореи. Каннын считается экономическим центром региона Йондон.
1843491	Иксан	Икса́н — город в провинции Чолла-Пукто, Южная Корея.
1843564	Инчхон	Инчхо́н — город и порт на Корейском полуострове в Республике Корея. Аванпорт Сеула в заливе Канхваман Жёлтого моря.
184433	Наньюки	Нанью́ки — город в провинции Рифт-Валли, Кения. Административный центр округа Лайкипиа.
1845136	Чхунчхон (город)	Чхунчхо́н — столица провинции Канвондо, Южная Корея. Город расположен на северо-востоке страны в бассейне рек Соянган и Ханган.
1845604	Чхунджу	Чхунджу́ — город в провинции Чхунчхон-Пукто, Южная Корея. Чхунджу является родным городом для 8-го Генерального секретаря ООН, Пан Ги Муна.
1845759	Чхонан	Чхона́н — город в провинции Чхунчхон-Намдо, Южная Корея. Расположен в 80 километрах к югу от Сеула.
1846052	Чинджу	Чинджу́ — город в провинции Кёнсан-Намдо, Южная Корея. До 1925 года был столицей провинции.
184622	Накуру	Наку́ру — город на западе Кении.
1846326	Чханвон	Чханво́н — город в Южной Корее, столица провинции Кёнсан-Намдо. Город расположен примерно в 40 километрах к западу от Пусана.
1846912	Ансон	Ансо́н — город в провинции Кёнгидо, Южная Корея, в 80 км южнее Сеула.
1846986	Андон	Андо́н, Андон-си — город (си) в Южной Корее, столица провинции Кёнсан-пукто. Крупнейший город северной части провинции.
184707	Найваша	Найваша — пресноводное озеро в Кении. Находится к северо-западу от Найроби, вблизи города Найваша.
184745	Найроби	Найро́би — столица Кении, город вблизи экватора, самый большой город в Восточной Африке. Население Найроби по переписи 2019 года составляло 4,39 млн человек.
1847963	Ацуги	А́цуги (яп. 厚木市 Ацуги-си) — особый город Японии, расположенный в префектуре Канагава. Площадь города составляет 93,83 км², население — 225 131 человек, плотность населения — 2399,35 чел./км².
1848087	Юкухаси	Юкуха́си (яп. 行橋市 Юкухаси-си) — город в Японии, находящийся в префектуре Фукуока. Площадь города составляет 69,83 км², население — 70 724 человека, плотность населения — 1012,80 чел./км².
1848277	Йонаго	Йона́го (яп. 米子市 Ёнаго-си) — город в Японии, находящийся в префектуре Тоттори. Площадь города составляет 132,21 км², население — 147 943 человека, плотность населения — 1119,00 чел./км².
1848313	Йокосука	Йоко́сука (яп. 横須賀市 Ёкосука-си) — центральный город и порт в Японии, на острове Хонсю, на полуострове Миура. Расположен на берегу Токийского и Сагамского заливов, в префектуре Канагава, в регионе Канто, в 16 километрах к югу от Иокогамы, в 70 километрах к югу от Токио.
1848354	Иокогама	Иокога́ма, Йокоха́ма (яп. 横浜市 Ёкохама-си) — крупнейший портовый город Японии, административный центр префектуры Канагава. Площадь города составляет 437,38 км², население — 3 709 686 человек, плотность населения — 8481,61 чел./км².
1848439	Явата	Ява́та (яп. 八幡市 Явата-си) — город в Японии, находящийся в префектуре Киото. Площадь города составляет 24,35 км², население — 70 479 человек, плотность населения — 2894,41 чел./км².
1848774	Яидзу	Яи́дзу (яп. 焼津市 Яидзу-си, «город Горящая гавань») — портовый город в префектуре Сидзуока (Япония). Стоит на западном берегу залива Суруга.
1849186	Ураясу	Ураясу (яп. 浦安市 Ураясу-си) — город в Японии, находящийся в префектуре Тиба. По состоянию на 1 ноября 2020 года население составляет 170,533 человек, объединенных в 81,136 домохозяйств.
1849372	Удзи	У́дзи (яп. 宇治市 Удзи-си) — город в префектуре Киото, Япония, фактически — южный пригород города Киото. Расположен на реке Удзи, вытекающей из озера Бива.
1849498	Убе	Убе́ (яп. 宇部市 Убэ-си) — город в Японии, находящийся в префектуре Ямагути. Площадь города составляет 287,71 км², население — 170 211 человек, плотность населения — 591,61 чел./км².
1849519	Цуяма	Цуя́ма (яп. 津山市 Цуяма-си) — город в Японии, находящийся в префектуре Окаяма. Площадь города составляет 506,36 км², население — 103 434 человека, плотность населения — 204,27 чел./км².
1849563	Цуруока	Цуруо́ка (яп. 鶴岡市 Цуруока-си) — город на северо-западе Японии. Относится к префектуре Ямагата.
1849592	Цуруга	Цуру́га (яп. 敦賀市 Цуруга-си) — японский город, расположенный в префектуре Фукуи. Имеет статус города с 1 апреля 1937 года, но само поселение и порт Цуруга существовали задолго до начала XX века.
1849796	Цу	Цу (яп. 津市 Цу-си) — город в Японии, административный центр префектуры Миэ. Расположен на берегу залива Исе.
1849814	Toyota	Toyota Motor Corporation (яп. トヨタ自動車株式会社 тоёта дзидо:ся кабусики-гайся), кратко: Toyota [тоёта], на русском пишется Тойота — японская автомобилестроительная корпорация, также предоставляющая финансовые услуги и имеющая несколько дополнительных направлений бизнеса. Главный офис компании находится в городе Тоёта.
1849831	Тоёока	Тоёо́ка (яп. 豊岡市 Тоёока-си) — японский город на острове Хонсю на побережье Японского моря, расположенный в префектуре Хиого, севернее города Тоттори. Морской порт. Образован 1 апреля 1950 года в результате слияния трёх сёл в город.
1849876	Тояма (город)	Тоя́ма (яп. 富山市 Тояма-си) — центральный город Японии, административный центр префектуры Тояма. Расположен на берегу Японского моря на острове Хонсю, в 300 км северо-западнее Токио.
1849904	Тосу	Тосу (яп. 鳥栖市 Тосу-си) — город в Японии, находящийся в префектуре Сага. Площадь города составляет 71,73 км², население — 72 125 человек, плотность населения — 1005,51 чел./км².
1850147	Токио	То́кио — столица и крупнейший город Японии, её административный, финансовый, промышленный и политический центр. Крупнейшая городская экономика мира.
1850181	Токородзава	То́кородзава (яп. 所沢市 Токородзава-си) — особый город в Японии, находящийся в префектуре Сайтама. Площадь города составляет 71,99 км², население — 342 164 человека, плотность населения — 4752,94 чел./км².
1850396	Тэнри	Тэнри (яп. 天理市 Тэнри-си) — город в префектуре Нара, Япония. Площадь города составляет 86,37 км², население — 67 756 человек, плотность населения — 784,49 чел./км².
1850708	Танабе (город)	Танабэ (яп. 田辺市 Танабэ-си) — город в префектуре Вакаяма, Япония.
1850742	Тамано	Тама́но (яп. 玉野市 Тамано-си) — город в Японии, находящийся в префектуре Окаяма. Площадь города составляет 103,63 км², население — 61 557 человек, плотность населения — 594,01 чел./км².
1851002	Такасаки	Такаса́ки (яп. 高崎市 Такасаки-си) — Центральный город Японии, расположенный в южно-западной части префектуры Гумма региона Канто. Площадь города составляет 459,41 км², население — 375 022 человека, плотность населения — 816,31 чел./км².
1851100	Такамацу	Такама́цу (яп. 高松市 Такамацу-си) — центральный город Японии, административный центр префектуры Кагава на острове Сикоку, крупный порт на Внутреннем японском море. 26 сентября 2005 года и 10 января 2006 года Такамацу был расширен за счёт присоединения посёлков Сионоэ, Мурэ, Адзи, Кагава, Конан и Кокубундзи.
1851193	Тадзими	Тадзими (яп. 多治見市 Тадзими-си) — город в Японии, находящийся в префектуре Гифу. Площадь города составляет 91,24 км², население — 110 549 человек, плотность населения — 1211,63 чел./км².
1852225	Симоносеки	Симоносе́ки (яп. 下関市 Симоносэки-си) — центральный город Японии на юго-западной оконечности острова Хонсю, самый крупный город префектуры Ямагути. Площадь города составляет 716,17 км², население — 271 072 человека, плотность населения — 378,50 чел./км².
1852472	Симада	Сима́да (яп. 島田市 Симада-си) — город в Японии, находящийся в префектуре Сидзуока. Площадь города составляет 315,88 км², население — 98 182 человека, плотность населения — 310,82 чел./км².
1852502	Сики	Сики (яп. 志木市 Сики-си) — город в Японии, находящийся в префектуре Сайтама. Площадь города составляет 9,06 км², население — 71 859 человек, плотность населения — 7931,46 чел./км².
1852595	Сибукава	Сибукава (яп. 渋川市 Сибукава-си) — японский город в центре префектуры Гумма. Основан 1 апреля 1954 года путём слияния сёл Сибукава, Канедзима, Фурумаки и Тоёаки.
1852663	Сету	Се́ту — малочисленная финно-угорская этническая группа, проживающая в юго-восточной части Эстонии, Печорском районе Псковской области России и прилегающих районах. Историческая область проживания народа сету носит название Сетумаа или Сетукезия.
1852984	Сандзё	Сандзё (яп. 三条市 Сандзё-си) — город в Японии, расположенный в центральной части префектуры Ниигата. Основан 1 января 1934 года путём назначения статуса города посёлку Сандзё уезда Минамикамбара.
1853237	Саики	Саи́ки (яп. 佐伯市 Саики-си) — город в Японии, находящийся в префектуре Оита. Площадь города составляет 903,53 км², население — 73 352 человека, плотность населения — 81,18 чел./км².
1853574	Оцу	О́цу (яп. 大津市 О:цу-си) — центральный город Японии, административный центр префектуры Сига. Примыкает непосредственно к Киото и связан с ним единой системой метро.
1853909	Осака	О́сака (яп. 大阪市 ) — третий по населению город Японии, который находится в южной части острова Хонсю, близ устья реки Йодо в заливе Осака. Центр одноимённой префектуры. С 1956 года имеет статус города, определённого указом правительства.
1854703	Огаки	О́гаки (яп. 大垣市 О:гаки-си) — город в Японии, находящийся в префектуре Гифу. Площадь города составляет 206,52 км², население — 159 841 человек, плотность населения — 773,97 чел./км².
1854747	Одавара	Одава́ра (яп. 小田原市 Одавара-си) — особый город в Японии, находящийся в префектуре Канагава. Площадь города составляет 114,09 км², население — 195 299 человек, плотность населения — 1711,80 чел./км².
1854902	Нумадзу	Нума́дзу (яп. 沼津市 Нумадзу-си) — Особый город в Японии, находящийся в префектуре Сидзуока. Площадь города составляет 187,12 км², население — 194 143 человека, плотность населения — 1037,53 чел./км².
1855095	Нобеока	Нобео́ка (яп. 延岡市 Нобэока-си) — город в Японии, находящийся в префектуре Миядзаки. Площадь города составляет 868,00 км², население — 127 070 человек, плотность населения — 146,39 чел./км².
1855189	Нисио	Нисио (яп. 西尾市 Нисио-си) — город в Японии, расположенный в южной части префектуры Айти на берегу нижнего течения реки Яхаги, которая впадает в тихоокеанский залив Микава. Основан 15 декабря 1953 года путём слияния посёлков Нисио и Хирасака уезда Хадзу.
1855395	Никко	Никко́ (яп. 日光 Никко:, букв. «солнечный свет») — город в Японии, в префектуре Тотиги. Расположен в 115 км к северу от Токио.
1855431	Ниигата (город)	Ниига́та (яп. 新潟市 Ниигата-си, букв. «Новая лагуна») — город, определённый указом правительства Японии, административный центр префектуры Ниигата.
1855612	Нара (город)	На́ра (яп. 奈良市 Нара-си) — центральный город Японии, административный центр префектуры Нара, знаменит своей историей. Со старых времён в городе остались многочисленные храмы, кумирни и другие сооружения.
1855753	Накацугава	Накацугава (яп. 中津川市 Накацугава-си) — город в Японии, находящийся в префектуре Гифу. Площадь города составляет 676,38 км², население — 78 897 человек, плотность населения — 116,65 чел./км².
1855757	Накацу	Накацу (яп. 中津市 Накацу-си) — город в Японии, находящийся в префектуре Оита. Площадь города составляет 491,17 км², население — 84 082 человека, плотность населения — 171,19 чел./км².
1856035	Наха	На́ха (яп. 那覇市 Наха-си) — центральный город, административный центр и крупнейший город префектуры Окинава Японии. Расположен в южной части острова Окинава, на побережье Восточно-Китайского моря.
1856057	Нагоя	Наго́я (яп. 名古屋市 Нагоя-си, букв. «именной старый дом») — город, определённый указом правительства, четвёртый по количеству населения город в Японии.
1856177	Нагасаки	Нагаса́ки (яп. 長崎市, букв. «длинный мыс») — центральный город в Японии, расположенный на западе острова Кюсю возле залива Нагасаки. Является административным центром префектуры Нагасаки.
1856184	Нагареяма	Нагарея́ма (яп. 流山市 Нагарэяма-си) — город в Японии, находящийся в префектуре Тиба. Площадь города составляет 35,28 км², население — 171 253 человека, плотность населения — 4854,11 чел./км².
1856199	Нагаока	Нагао́ка (яп. 長岡市 нагаока-си) — особый город Японии на острове Хонсю, в префектуре Ниигата. Площадь города составляет 890,91 км², население — 276 483 человека, плотность населения — 310,34 чел./км².
1856215	Нагано	Нага́но (яп. 長野市 нагано-си) — центральный город Японии на острове Хонсю. Является административным центром префектуры Нагано.
1856367	Мусасино	Муса́сино (яп. 武蔵野市 Мусасино-си) — город в Японии, находящийся в префектуре Токио. Площадь города составляет 10,73 км², население — 150 102 человека, плотность населения — 13 989,00 чел./км².
1856569	Морияма	Морияма (яп. 守山市 Морияма-си) — город в Японии, находящийся в префектуре Сига. Площадь города составляет 55,73 км², население — 79 341 человек, плотность населения — 1423,67 чел./км².
1856584	Моригути	Моригу́ти (яп. 守口市 Моригути-си) — город в Японии, находящийся в префектуре Осака. Площадь города составляет 12,73 км², население — 144 410 человек, плотность населения — 11 344,07 чел./км².
1856775	Мияконодзё	Мия́конодзё (яп. 都城市 Мияконодзё:-си) — город в Японии, находящийся в префектуре Миядзаки. Площадь города составляет 653,31 км², население — 166 427 человек, плотность населения — 254,74 чел./км².
1857553	Мацудо	Мацу́до (яп. 松戸市 Мацудо-си) — город в Японии, находящийся в префектуре Тиба. Площадь города составляет 61,33 км², население — 481 209 человек, плотность населения — 7846,23 чел./км².
1857766	Майдзуру	Ма́йдзуру (яп. 舞鶴市 Майдзуру-си) — город в северной части префектуры Киото на берегу Японского моря, Япония. Площадь города составляет 342,12 км², население — 80 383 человека, плотность населения — 234,96 чел./км².
1857910	Киото	Кио́то (яп. 京都市 ) — японский город, столица префектуры Киото в регионе Кансай. Имеет особый административный статус города, определённого указом правительства.
1858088	Куруме	Куруме́ (яп. 久留米市 Курумэ-си) — центральный город Японии, расположенный в префектуре Фукуока на северо-западе острова Кюсю. Площадь города составляет 229,84 км², население — 302 644 человека, плотность населения — 1316,76 чел./км².
1858428	Кумагая	Кумага́я, или Кума́гая (яп. 熊谷市 Кумагая-си) — Особый город в Японии, находящийся в префектуре Сайтама. Площадь города составляет 159,88 км², население — 199 656 человек, плотность населения — 1248,79 чел./км².
1858729	Косигая	Косига́я (яп. 越谷市 Косигая-си) — Центральный город в Японии, находящийся в префектуре Сайтама. Площадь города составляет 60,31 км², население — 332 305 человек, плотность населения — 5509,95 чел./км².
1858836	Конан	Ко́нан — воин-варвар из Киммерии, придуманный Робертом Ирвином Говардом в цикле повестей о Хайборийской эре, написанных в жанре фэнтези и издававшихся в журнале Weird Tales. Персонаж книг, комиксов, кинофильмов и компьютерных игр, один из наиболее популярных фантастических персонажей XX века.
1858910	Комацу	Кома́цу (яп. 小松市 Комацу-си) — город в префектуре Исикава, Япония. Площадь города составляет 371,13 км², население — 106 870 человек, плотность населения — 287,96 чел./км².
1858926	Комаки	Кома́ки (яп. 小牧市 Комаки-си) — город в Японии, расположенный в северной части префектуры Айти. Основан 1 января 1955 года путём слияния посёлка Комаки и сёл Адзиока и Синоока уезда Хигасикасугаи.
1859171	Кобе	Ко́бе (яп. 神戸市 Ко:бэ-си) — город, определённый указом правительства Японии, расположенный на острове Хонсю, административный центр префектуры Хиого. C VIII века Кобе является одним из главных портов Японии и центром международной торговли.
1859307	Китакюсю	Китакю́сю (яп. 北九州市 Китакю:сю:-си, букв. «Северное Кюсю») — город, определённый указом правительства Японии, находящийся на севере острова Кюсю и прилегающий к проливу Симоносеки.
1859393	Кисарадзу	Кисара́дзу (яп. 木更津市 Кисарадзу-си) — город в Японии, находящийся в префектуре Тиба. Площадь города составляет 138,73 км², население — 131 825 человек, плотность населения — 950,23 чел./км².
1859586	Кадзо	Кадзо (яп. 加須市 Кадзо-си) — город в Японии, находящийся в префектуре Сайтама. Площадь города составляет 133,47 км², население — 112 631 человек, плотность населения — 843,87 чел./км².
1859642	Кавасаки (город)	Каваса́ки (яп. 川崎市 Кавасаки-си) — город, определённый указом правительства Японии, расположенный на северо-востоке префектуры Канагава. Площадь города составляет 142,70 км², население — 1 459 796 человек, плотность населения — 10 229,82 чел./км².
1859924	Касива	Каси́ва (яп. 柏市 Касива-си) — центральный город на юго-востоке Японии. Относится к префектуре Тиба. Площадь составляет 114,90 км², население — 407 762 человека, плотность населения — 3548,84 чел./км².
1860063	Карацу	Карацу (яп. 唐津市 Карацу-си) — город в Японии, находящийся в префектуре Сага. Площадь города составляет 487,48 км², население — 123 605 человек, плотность населения — 253,56 чел./км².
1860112	Каноя	Каноя (яп. 鹿屋市 Каноя-си) — город в Японии, находящийся в префектуре Кагосима. Площадь города составляет 448,33 км², население — 103 875 человек, плотность населения — 231,69 чел./км².
1860243	Канадзава	Канадза́ва (яп. 金沢市 Канадзава-си) — центральный город Японии, центр префектуры Исикава. Площадь города составляет 467,77 км², население — 464 420 человек, плотность населения — 992,84 чел./км².
1860672	Камакура	Камакура (яп. 鎌倉市 Камакура-си) — один из древних городов Японии, основан в 1192 году. Расположен в префектуре Канагава, на острове Хонсю.
1860728	Какегава	Какегава (яп. 掛川市 Какэгава-си) — город в Японии, находящийся в префектуре Сидзуока. Площадь города составляет 265,63 км², население — 114 263 человека, плотность населения — 430,16 чел./км².
1861091	Идзумисано	Идзумисано (яп. 泉佐野市 Идзумисано-си) — город в Японии, находящийся в префектуре Осака. Площадь города составляет 55,03 км², население — 99 549 человек, плотность населения — 1809,00 чел./км².
1861212	Ивакуни	Ива́куни (яп. 岩国市 Ивакуни-си) — город в Японии, находящийся в префектуре Ямагути. Площадь города составляет 873,85 км², население — 138 216 человек, плотность населения — 158,17 чел./км².
1861310	Итами	Ита́ми (яп. 伊丹市 Итами-си) — город в Японии, находящийся в префектуре Хиого. Площадь города составляет 24,97 км², население — 197 692 человека, плотность населения — 7917,18 чел./км².
1861464	Исахая	Исахая (яп. 諫早市 Исахая-си) — город в Японии, находящийся в префектуре Нагасаки. Площадь города составляет 321,26 км², население — 138 556 человек, плотность населения — 431,29 чел./км².
1861949	Итиномия	Итиномия (яп. 一宮市 Итиномия-си) — особый город Японии, расположенный в северо-западной центральной части префектуры Айти. Основан 1 сентября 1921 года путём предоставления посёлку Инадзава статуса города.
1862033	Ибараки	Ибара́ки (яп. 茨城県 Ибараки-кэн) — префектура, расположенная в регионе Канто на острове Хонсю, Япония. Площадь префектуры составляет 6,094 км², население — 2 857 387 человека, плотность населения — 469 чел./км².
1862198	Хондзё	Хондзё (яп. 本庄市 Хондзё:-си) — город в Японии, находящийся в префектуре Сайтама. Площадь города составляет 89,71 км², население — 79 841 человек, плотность населения — 889,99 чел./км².
1862415	Хиросима	Хироси́ма, официально Хиро́сима (яп. 広島市 Хиросима-си) — город в Японии, самый крупный город региона Тюгоку на юго-западе острова Хонсю, административный центр префектуры Хиросима.
1862462	Хирацука	Хира́цука — особый город на юго-востоке Японии. Относится к префектуре Канагава.
1862627	Замок Химэдзи	Замок Химэдзи (яп. 姫路城 Химэдзидзё:), также «Замок Белой Цапли» — один из древнейших сохранившихся японских замков и самый популярный среди туристов. Был основан Акамацу Саданори и Икэдой Тэрумаса.
186301	Момбаса	Момбаса — город на юге Кении, административный центр Прибрежной провинции, второй по числу жителей город страны после Найроби.
1863018	Хацукаити	Хацукаити (яп. 廿日市市 Хацукаити-си) — город в Японии, находящийся в префектуре Хиросима. Площадь города составляет 489,36 км², население — 112 752 человека, плотность населения — 230,41 чел./км².
1863183	Ханно	Ханно (яп. 飯能市 Ханно:-си) — город в Японии, находящийся в префектуре Сайтама. Площадь города составляет 193,18 км², население — 81 616 человек, плотность населения — 422,49 чел./км².
1863289	Хамамацу	Хамама́цу (яп. 浜松市 Хамамацу-си, «Сосновый берег») — город в Японии в префектуре Сидзуока на острове Хонсю. С 2007 года имеет статус города, определённого указом правительства.
1863431	Хадано	Хада́но (яп. 秦野市 Хадано-си) — город в Японии, находящийся в префектуре Канагава. Площадь города составляет 103,61 км², население — 168 899 человек, плотность населения — 1630,14 чел./км².
1863440	Хатиодзи	Хатио́дзи (яп. 八王子市 Хатио:дзи-си) — центральный город, расположенный в столичном округе Токио в районе Канто в 40 километрах к западу от центра Большого Токио.
1863451	Омихатиман	Омихатиман (яп. 近江八幡市 О:михатиман-си) — город в Японии, находящийся в префектуре Сига. Площадь города составляет 177,39 км², население — 82 363 человека, плотность населения — 464,30 чел./км².
1863693	Гамагори	Гамаго́ри (яп. 蒲郡市 Гамаго:ри-си) — город в Японии, расположен в центральной части префектуры Айти на берегу тихоокеанской бухты Микава. Основан 1 апреля 1954 года путём слияния посёлков Гамагори, Санъя и села Сиоцу уезда Хои.
1863905	Фунабаси	Фунаба́си (яп. 船橋市 Фунабаси-си) — Центральный город, находящийся в префектуре Тиба. Площадь города составляет 85,64 км², население — 618 879 человек, плотность населения — 7226,52 чел./км².
1863945	Фукурои	Фукурои (яп. 袋井市 Фукурои-си) — город в Японии, находящийся в префектуре Сидзуока. Площадь города составляет 108,56 км², население — 85 069 человек, плотность населения — 783,61 чел./км².
1863967	Фукуока	Фукуо́ка (яп. 福岡市 Фукуока-си) — город, определённый указом правительства Японии и крупный порт на юго-западе Японии; административный центр префектуры Фукуока. Значимый индустриальный центр.
1864009	Фукутияма	Фукутия́ма (яп. 福知山市 Фукутияма-си) — город в Японии, находящийся в префектуре Киото. Площадь города составляет 552,54 км², население — 77 349 человек, плотность населения — 139,99 чел./км².
1864105	Фудзиномия	Фудзиноми́я (яп. 富士宮市 Фудзиномия-си) — город в Японии, находящийся в префектуре Сидзуока. Площадь города составляет 388,99 км², население — 131 435 человек, плотность населения — 337,89 чел./км².
1864132	Фудзиэда	Фудзиэ́да (яп. 藤枝市 Фудзиэда-си) — город в Японии, находящийся в префектуре Сидзуока. Площадь города составляет 194,03 км², население — 143 597 человек, плотность населения — 740,08 чел./км².
1864624	Тигасаки	Тигаса́ки (яп. 茅ヶ崎市 Тигасаки-си) — Особый город в Японии, находящийся в префектуре Канагава. Площадь города составляет 35,71 км², население — 237 604 человека, плотность населения — 6653,71 чел./км².
1865005	Асикага	Асика́га (яп. 足利市 Асикага-си) — город в Японии, находящийся в префектуре Тотиги. Площадь города составляет 177,82 км², население — 150 207 человек, плотность населения — 844,71 чел./км².
1865294	Андзё	Андзё (яп. 安城市 Андзё:-си) — город в Японии, расположенный в центральной части префектуры Айти. Основан 5 мая 1952 года путём присвоения посёлку статуса города.
1866923	Вонсан	Вонса́н — город и порт на юго-востоке КНДР, административный центр провинции Канвондо.
186827	Меры	Меры — деревня в городском округе Истра Московской области России, до 2017 года входила в состав сельского поселения Костровское Истринского района. Население — 2 чел. (2016), зарегистрировано 11 садоводческих товариществ.
1871859	Пхеньян	Пхенья́н — столица и крупнейший город КНДР. Является административным, культурным и историческим центром страны.
1873757	Нампхо	Нампхо́ — город с особым статусом в КНДР. Аванпорт Пхеньяна на Жёлтом море.
1876373	Кэсон	Кэсо́н — город в провинции Хванхэ-Пукто на юге КНДР, бывший город с особым статусом прямого подчинения и столица Кореи в эпоху династии Корё.
1877449	Хамхын	Хамхы́н — второй по величине город в КНДР, административный центр провинции Хамгён-Намдо на востоке КНДР.
1877615	Хэджу	Хэджу́, Хэчжу — город и порт в КНДР, административный центр провинции Хванхэ-Намдо.
187968	Малинди	Мали́нди — портовый город на юго-востоке Кении, административный центр района Малинди.
1880252	Сингапур	Сингапу́р, официальное название — Респу́блика Сингапу́р — город-государство, расположенный на островах в Юго-Восточной Азии, отделённых от южной оконечности Малаккского полуострова узким Джохорским проливом. Граничит со штатом Малайзии Джохор и с провинцией Индонезии Острова Риау.
1884138	Йосу	Йосу́ — город в провинции Чолла-Намдо, Южная Корея. Расположен на юге Корейского полуострова на побережье Корейского пролива.
1886760	Сучжоу	Сучжо́у — город окружного значения в провинции Цзянсу КНР, расположенный в низовьях реки Янцзы близ озера Тайху. Занимает пятое место в Китае по ВВП на душу населения.
189280	Лодвар	Ло́двар, Лодуар — город на северо-западе Кении, в провинции Рифт-Валли. Административный центр округа Туркана.
1894616	Окинава	Окина́ва — самый крупный остров японского архипелага Рюкю, расположенный приблизительно посередине между Кюсю и Тайванем. Площадь острова равна 1207 км².
1897122	Намянджу	Намянджу́ — город в провинции Кёнгидо, Южная Корея.
1907307	Кимицу	Кимицу (яп. 君津市 Кимицу-си) — город в Японии, находящийся в префектуре Тиба. Площадь города составляет 318,83 км², население — 86 963 человека, плотность населения — 272,76 чел./км².
191220	Китале	Китале — город в Кении, в провинции Рифт-Валли. Расположен недалеко от границы с Угандой, вблизи горы Элгон, на высоте около 2100 м над уровнем моря.
191245	Кисуму	Кису́му — главный город на западе Кении, третий по величине город страны.
192067	Килифи	Килифи — город в Кении, в Прибрежной провинции. Административный центр одноимённого округа.
1926099	Мацуяма	Мацуяма (яп. 松山市 Мацуяма-си) — центральный город Японии, административный центр префектуры Эхиме на острове Сикоку. Площадь города составляет 429,05 км², население — 516 320 человек, плотность населения — 1203,40 чел./км².
1927639	Юэян	Юэя́н — городской округ на крайнем северо-востоке китайской провинции Хунань.
196231	Исиоло	Исиоло — город в Восточной провинции Кении, на небольшой одноимённой реке, правом притоке Эвасо-Нгиро, основной водной артерии региона.
197745	Гарисса	Гарисса — город на востоке Кении, столица бывшей Северо-Восточной провинции. Является административным центром одноимённого округа.
198629	Эльдорет	Эльдоре́т — город на западе Кении, в округе Уасин-Гишу, является его центром.
2013159	Якутск	Яку́тск — город в России, столица Республики Саха (Якутия). Портовый город на берегу реки Лена, находящийся в долине Туймаада.
2013348	Владивосток	Владивосто́к — крупный город и порт на юге Дальнего Востока России; политический, культурный, научно-образовательный и экономический центр региона; административный центр Приморского края, Владивостокского городского округа, а также с 13 декабря 2018 года центр Дальневосточного федерального округа. Расположен на полуос…
2013952	Усть-Илимск	Усть-Или́мск — город в России на северо-западе Иркутской области на реке Ангаре. Административный центр Усть-Илимского района, в состав которого не входит.
2014006	Уссурийск	Уссури́йск — город в России, административный центр Уссурийского городского округа Приморского края.
2014022	Усолье-Сибирское	Усо́лье-Сиби́рское — город в Иркутской области России. Образует Городской округ город Усолье-Сибирское.
2014407	Улан-Удэ	Ула́н-Удэ́ — столица и крупнейший город Республики Бурятии Российской Федерации. Наряду с Северобайкальском является городом республиканского значения.
201521	Рухенгери	Рухенгери, с 2006 года официально называется Мусанзе — город в Руанде, располагается в Северной провинции.
2019309	Нерюнгри	Не́рюнгри — город в России, административный центр Нерюнгринского района Республики Саха (Якутия), образует городское поселение город Нерюнгри. Второй по численности населения город Якутии.
2019528	Находка	Нахо́дка — город в Приморском крае России. Административно входит в Находкинский городской округ.
202061	Кигали	Кига́ли (руанда , англ. , фр. и суахили Kigali; ранее также Кига́ри — столица и крупнейший город Руанды. Население городской территории — 1 745 555 человек по переписи на 2022 год.
2021851	Комсомольск-на-Амуре	Комсомо́льск-на-Аму́ре — город в Хабаровском крае России. Административный центр Комсомольского муниципального района, в состав которого не входит.
2022890	Хабаровск	Хаба́ровск — город в России, административный центр Хабаровского края. Один из политических, образовательных и культурных центров Дальнего Востока России.
2023469	Иркутск	Ирку́тск — город в России, административный центр Иркутской области, образует городской округ Иркутск.
2025339	Чита	Чита́ — город в России. Административный центр Забайкальского края и Читинского района. Образует муниципальное образование городской округ город Чита как единственный населённый пункт в его составе.
2026609	Благовещенск	Благове́щенск — город в России на границе с Китаем. Административный центр Амурской области и Благовещенского района, образует городской округ город Благовещенск.
2026643	Биробиджан	Биробиджа́н (идиш ביראָבידזשאַן‎), ранее Биро-Биджан — город на Дальнем Востоке России, административный центр Еврейской автономной области.
2027667	Ангарск	Анга́рск — город в Иркутской области, с прилегающими населёнными пунктами образует Ангарский городской округ. Население города — 216 973 (2025) человек.
2028462	Улан-Батор	Ула́н-Ба́тор — столица Монголии и крупнейший по численности населения город страны — 1 405 000 человек, выделенный в самостоятельную административную единицу.
202905	Гисеньи	Гисеньи, с 2006 года официально называется Рубаву — город в районе Рубаву в Западной провинции Руанды.
2031405	Эрдэнэт	Эрдэнэ́т — второй по величине город в Монголии, прежде административная единица центрального подчинения, а с 1992 года центр Орхонского аймака, в который, помимо собственно города, входит только один сомон.
2031964	Дархан	Да́рхан — третий по величине город Монголии, административный центр аймака Дархан-Уул.
2033147	Чжаочжоу	Чжаочжо́у — уезд городского округа Дацин провинции Хэйлунцзян (КНР).
2033196	Чжанцзякоу	Чжанцзяко́у, прежде известный как Калга́н, — городской округ в провинции Хэбэй КНР на реке Янхэ.
2033225	Чжаланьтунь	Чжаланьтунь — городской уезд городского округа Хулун-Буир, который находится на северо-востоке автономного района Внутренняя Монголия (КНР).
2033370	Инкоу	Инко́у — городской округ провинции Ляонин на северо-востоке Китая.
2033536	Якэши	Якэши или Якши — городской уезд городского округа Хулун-Буир, который находится на северо-востоке автономного района Внутренняя Монголия (КНР), в исторической Маньчжурии.
2033675	Синьминь	Синьми́нь — городской уезд города субпровинциального значения Шэньян (КНР).
2033766	Синчэн	Синчэ́н — городской уезд городского округа Хулудао провинции Ляонин (КНР).
2034340	Тюменский	Тюме́нский — посёлок в Туапсинском районе Краснодарского края. Входит в состав муниципального образования «Небугское сельское поселение».
2034400	Тунляо	Тунляо — городской округ в Автономном районе Внутренняя Монголия (КНР). Название городского округа происходит от ранее существовавшего здесь уезда Тунляо, название которого в свою очередь было аббревиатурой фразы «тунда Ляодун».
2034439	Телин	Тели́н — один из культурных очагов чжурчжэней-маньчжур. Ныне — городской округ в провинции Ляонин КНР.
2034497	Таонань	Таона́нь — городской уезд городского округа Байчэн провинции Гирин (КНР). Название городского уезда в переводе означает «к югу от реки Таоэрхэ».
2034714	Сыпин	Сыпи́н — городской округ в провинции Гирин КНР.
2034761	Шулань	Шула́нь — городской уезд городского округа Гирин провинции Гирин (КНР). Маньчжурское слово «шулань» в переводе означает «плоды».
2034786	Шуанъяшань	Шуанъяшань — городской округ в провинции Хэйлунцзян КНР. Название округа переводится как «пара утиных гор» и связано с горой в форме утки, находящейся в его северной части.
2034937	Шэньян	Шэнья́н — один из крупнейших городов в северо-восточной части Китая, административный центр провинции Ляонин, город субпровинциального значения.
2034996	Шаньхайгуань	Шаньхайгуа́нь — район городского подчинения городского округа Циньхуандао провинции Хэбэй (КНР). Название района связано с тем, что на его территории находится входящий в список Всемирного наследия ЮНЕСКО Шаньхайгуаньский проход в Великой стене.
2035265	Цицикар	Цицика́р — городской округ в провинции Хэйлунцзян КНР. Второй по значению городской округ провинции Хэйлунцзян.
2035399	Сунъюань	Сунъюа́нь — городской округ в провинции Гирин КНР.
2035715	Муданьцзян	Муданьцзян — городской округ в провинции Хэйлунцзян КНР на реке Муданьцзян. Расположен в 381 км от Владивостока.
2036033	Люхэ	Люхэ́ — уезд городского округа Тунхуа провинции Гирин (КНР). Название уезда происходит от местной речки Люшухэцзы.
2036109	Ляоюань	Ляоюань — городской округ в провинции Гирин КНР. Название означает «исток Ляо», и связано с тем, что на территории городского округа находится исток реки Дунляохэ.
2036389	Цзиси	Цзиси́ — городской округ в провинции Хэйлунцзян КНР.
2036427	Цзиньчжоу	Цзиньчжо́у — городской округ в провинции Ляонин КНР.
2036536	Цзяохэ	Цзяохэ́ — городской уезд городского округа Гирин провинции Гирин (КНР). Название уезда происходит от названия реки Цзяохэ.
2036653	Хуньчунь	Хуньчунь — городской уезд Яньбянь-Корейского автономного округа китайской провинции Гирин, расположенный на правом берегу реки Хуньчуньхэ, на стыке государственной границы с Россией и КНДР (Хамгён-Пукто). На чжурчжэньском языке слово «хуньчунь» означает «приграничье».
2036892	Хух-Хото	Хух-Хо́то — городской округ в автономном районе Внутренняя Монголия (КНР); административный, экономический и культурный центр Внутренней Монголии.
2036973	Хэйхэ	Хэйхэ́ — городской округ в провинции Хэйлунцзян (КНР). Исторический город на месте современного Хэйхэ носил маньчжурское название Сахалян.
2037013	Харбин	Харби́н — город субпровинциального значения в северо-восточном Китае, место пребывания властей провинции Хэйлунцзян.
2037075	Хайлин	Хайли́н — район городского подчинения городского округа Тайчжоу провинции Цзянсу (КНР).
2037222	Гунчжулин	Гунчжули́н — городской уезд города субпровинциального значения Чанчунь провинции Гирин (КНР).
2037355	Фушунь	Фушу́нь — городской округ в провинции Ляонин, в 45 км к востоку от Шэньяна.
2037534	Дуньхуа	Дуньхуа́ — городской уезд Яньбянь-Корейского автономного округа провинции Гирин (КНР).
2037799	Датун	Датун — городской округ в северной части провинции Шаньси КНР, на лёссовом нагорье у заставы Великой Китайской стены, отделяющей Внутренний Китай от Внутренней Монголии.
2037860	Дацин	Дацин — городской округ в провинции Хэйлунцзян Китайской народной республики. Название Дацин буквально переводится как «великое празднество».
2037886	Даньдун	Даньду́н — городской округ в китайской провинции Ляонин на берегу реки Ялуцзян.
2038067	Чифын	Чифын или Улан-Хад, в букв. переводе «Красная скала» — городской округ в Автономном районе Внутренняя Монголия (КНР).
2038087	Чэндэ	Чэндэ́ — городской округ в провинции Хэбэй (КНР). Название означает «передавать добродетель».
2038120	Чаоян	Чаоя́н — городской округ в провинции Ляонин КНР.
2038139	Чанту	Чанту́ — уезд городского округа Телин провинции Ляонин (КНР).
2038180	Чанчунь	Чанчу́нь — город субпровинциального значения в провинции Гирин КНР, место пребывания властей провинции.
2038300	Бэньси	Бэньси́ — городской округ в провинции Ляонин КНР.
2038432	Баотоу	Баото́у — городской округ в автономном районе Внутренняя Монголия (КНР).
2038584	Байшань	Байша́нь — городской округ в провинции Гирин КНР; назван в честь горы Пэктусан.
2038632	Аньшань	Аньша́нь — городской округ в провинции Ляонин КНР.
2043572	Канге	Канге́ — город в провинции Чагандо, КНДР.
204405	Увира	Увира — город в провинции Южное Киву Демократической Республики Конго. Расположен на берегу озера Танганьика, на высоте 746 м над уровнем моря.
204953	Чикапа	Чикапа — город в провинции Касаи Демократической Республики Конго.
2051523	Братск	Братск — город в Иркутской области России. Административный центр Братского района.
2057087	Купанг	Ку́панг — город в Индонезии, на Западном Тиморе, административный центр провинции Восточная Нуса-Тенгара. Оживленные транспортные, торговые и административные связи с соседними островами.
206047	Рутшуру	Рутшуру — город в Демократической Республике Конго, в провинции Северное Киву. Административный центр одноименного района.
2063523	Перт	Перт — крупнейший город и столица штата Западная Австралия, расположен на юго-западе Австралии на берегу Индийского океана. Население города составляет 2 039 200 человек (2015).
2073124	Дарвин (город)	Да́рвин — город в Австралии, столица Северной территории. Население в 127 500 человек делает его наиболее населённым городом в малонаселённой Северной Территории, но наименее населённым из всех австралийских столиц.
207596	Мвека	Мвека — город в провинции Касаи Демократической Республики Конго.
2078025	Аделаида	Аделаи́да — город в Австралии, административный центр и самый большой город штата Южная Австралия, пятый по величине город страны, с населением 1 225 265 человек в 2011. Город расположен на берегу залива Сент-Винсент, на Аделаидских равнинах, к северу от полуострова Флёрьё, у подножия хребта Маунт-Лофти.
2082539	Мерауке	Мерауке — населённый пункт в Индонезии, на территории острова Новая Гвинея. Административный центр провинции Южное Папуа.
2082600	Джаяпура	Джаяпу́ра — город в Индонезии на северном побережье острова Новая Гвинея. Административный центр провинции Папуа.
2088122	Порт-Морсби	Порт-Мо́рсби — столица Папуа — Новой Гвинеи.
209228	Мбужи-Майи	Мбу́жи-Ма́йи — город в ДР Конго. Административный центр провинции Восточное Касаи.
2110579	Ятимата	Ятимата (яп. 八街市 Ятимата-си) — город в Японии, находящийся в префектуре Тиба. Площадь города составляет 74,87 км², население — 70 688 человек, плотность населения — 944,14 чел./км².
2110681	Цукуба	Цуку́ба (яп. つくば市 Цукуба-си) — особый город Японии, расположенный на юге префектуры Ибараки. Площадь города составляет 284,07 км², население — 220 566 человек, плотность населения — 776,45 чел./км².
2111149	Сендай	Сенда́й (яп. 仙台市 Сэндай-си) — японский город с особым административно-правовым статусом, административный центр префектуры Мияги. Площадь города составляет 785,85 км², население — 1 052 147 человек, плотность населения — 1338,86 чел./км².
2111831	Мория	Мо́рия — в легендариуме Дж. Р. Р. Толкина огромный подземный город-государство в Мглистых горах Средиземья.
2111834	Мориока	Морио́ка (яп. 盛岡市, Мориока-си) — центральный город и административный центр японской префектуры Иватэ, самой большой из шести префектур региона Тохоку. Площадь города составляет 886,47 км², население — 300 064 человека, плотность населения — 338,49 чел./км².
2111836	Моока	Моока (яп. 真岡市 Моока-си) — город в Японии, находящийся в префектуре Тотиги. Площадь города составляет 167,21 км², население — 78 335 человек, плотность населения — 468,48 чел./км².
2111855	Мобара	Мобара (яп. 茂原市 Мобара-си) — город в Японии, находящийся в префектуре Тиба. Площадь города составляет 100,01 км², население — 90 324 человека, плотность населения — 903,15 чел./км².
2112141	Корияма	Кория́ма (яп. 郡山市 Корияма-си) — центральный город Японии, расположенный на востоке острова Хонсю в префектуре Фукусима. Площадь города составляет 757,06 км², население — 328 698 человек, плотность населения — 434,18 чел./км².
2112227	Китаками	Кита́ками (яп. 北上市 Китаками-си) — город в Японии, находящийся в южной части префектуры Иватэ. Площадь города составляет 437,55 км², население — 93 344 человека, плотность населения — 213,33 чел./км².
2112576	Исиномаки	Исинома́ки (яп. 石巻市 Исиномаки-си) — город в Японии, находящийся в префектуре Мияги. Площадь города составляет 555,78 км², население — 150 304 человека, плотность населения — 270,44 чел./км².
2112656	Итиносеки	Итиносеки (яп. 一関市 Итиносэки-си) — город в Японии, находящийся в префектуре Иватэ. Площадь города составляет 1256,25 км², население — 122 283 человека, плотность населения — 97,34 чел./км².
2112823	Ханамаки	Ханамаки (яп. 花巻市 Ханамаки-си) — город в Японии, находящийся в префектуре Иватэ. Площадь города составляет 908,32 км², население — 98 511 человек, плотность населения — 108,45 чел./км².
2119441	Южно-Сахалинск	Ю́жно-Сахали́нск — город-курорт на Дальнем Востоке России, в южной части острова Сахалин. Административный центр Сахалинской области.
2122104	Петропавловск-Камчатский	Петропа́вловск-Камча́тский — город в России, административный центр Камчатского края. Составляет административно-территориальную единицу, в границах которой образован Петропавловск-Камчатский городской округ.
2123628	Магадан	Магада́н — город-порт на северо-востоке России. Административный центр Магаданской области и одноимённого городского округа.
212730	Кисангани	Кисанга́ни — город на северо-востоке Конго, административный центр провинции Чопо.
2128295	Саппоро	Са́ппоро (яп. 札幌市 Саппоро-си, ) — пятый по величине город Японии, важнейший экономический, промышленный, образовательный и культурный центр Хоккайдо, город государственного значения Японии, административный центр губернаторства Хоккайдо. Площадь города составляет 1121,12 км², население — 1 933 787 человек, плотность на…
2128574	Отару	Ота́ру (яп. 小樽市 Отару-си) — портовый город, расположенный в округе Сирибэси на юго-западе японского острова Хоккайдо. Город расположен на берегу залива Исикари и долгое время являлся крупнейшим портом залива.
2128815	Обихиро	Оби́хиро (яп. 帯広市 Обихиро-си) — город в Японии, находящийся в округе Токати губернаторства Хоккайдо. Площадь города составляет 618,94 км², население — 168 818 человек, плотность населения — 272,75 чел./км².
2129376	Кусиро	Куси́ро (яп. 釧路市 Кусиро-си) — портовый город, расположенный в округе Кусиро на юго-восточном побережье японского острова Хоккайдо. Крупнейший по численности населения и экономическому значению город на востоке Хоккайдо, важнейший незамерзающий порт.
2129870	Ивамидзава	Ивамидзава (яп. 岩見沢市 Ивамидзава-си) — город на севере Японии, на острове Хоккайдо, юго-западнее города Асахикава и северо-восточнее Саппоро. Административный центр округа Сорати.
2130057	Хиросаки	Хиро́саки (яп. 弘前市 Хиросаки-си) — город в Японии, находящийся в префектуре Аомори. Площадь города составляет 524,12 км², население — 178 565 человек, плотность населения — 340,69 чел./км².
2130452	Титосе	Тито́се (яп. 千歳市 Титосэ-си) — город, расположенный на острове Хоккайдо, Япония. Площадь города составляет 594,95 км², население — 95 559 человек, плотность населения — 160,62 чел./км².
2130629	Асахикава	Асахика́ва (яп. 旭川市 Асахикава-си) — центральный город Японии, административный центр округа Камикава. Является вторым по величине в Хоккайдо после Саппоро.
2130658	Аомори	Ао́мори, также Аомо́ри (яп. 青森市 Аомори-си) — центральный город и порт в Японии, расположенный на севере острова Хонсю в одноимённой бухте. Административный центр префектуры Аомори.
213940	Касонго	Касонго — город в провинции Маниема Демократической Республики Конго.
2139521	Нумеа	Нуме́а — столица острова Новая Каледония. Порт на берегу Тихого океана. Население — 94 285 человек, включая пригороды — 182 341.
2145936	Таггеранонг	Таггеранонг, англ. Tuggeranong — округ Канберры, столицы Австралии, объединяет 19 районов. В округе насчитывается 31 819 частных домовладений, население 87 119 человек.
2146142	Таунсвилл	Та́унсвилл — город в северо-восточной части австралийского штата Квинсленд, центр одноимённого района местного самоуправления. Население города по оценкам на 2006 год составляло примерно 143 тысячи человек, а население всего района — 175,5 тысяч человек.
2146268	Тувумба	Туву́мба — город в юго-восточной части австралийского штата Квинсленд, центр одноимённого района местного самоуправления. Население города по оценкам на 2006 год составляло примерно 114,5 тысяч человек, а население всего района — 155 тысяч человек.
2147714	Сидней	Си́дне́й — старейший, наибольший по населению и второй по площади город Австралии площадью 12 144,6 км², население которого по переписи 2020 года составляло 5 367 206 человек. Сидней является столицей штата Новый Южный Уэльс.
214974	Калемие	Калемие — город на востоке Демократической Республике Конго, в провинции Катанга. Во время бельгийского колониального управления назывался Альбервиль, основал его Альфонс Жак де Диксмёйде.
215771	Исиро	Иси́ро — город на северо-востоке Демократической Республики Конго. Административный центр провинции Верхнее Уэле.
2158177	Мельбурн	Ме́льбурн — второй по величине город Австралии после Сиднея, столица штата Виктория, расположившаяся вокруг залива Порт-Филлип. Численность населения с пригородами составляет около 5 159 211 человек .
216281	Гома	Гома́ — конголезский город на границе с Руандой, административный центр провинции Северное Киву.
2163355	Хобарт	Хо́барт — столица австралийского штата Тасмания. Основан в 1804 году — второй по старшинству город Австралии.
216404	Гбадолите	Гбадолите — деревня, позднее — город на севере Демократической Республики Конго на границе с ЦАР. Административный центр провинции Северное Убанги.
2165798	Джелонг	Джело́нг — портовый город в австралийском штате Виктория, расположенный в бухте Корио на месте впадания в неё реки Баруон. С населением 191 440 человек (2016) является вторым по величине городом штата и расположен в 75 километрах к юго-западу от его столицы Мельбурна.
2171085	Кофс-Харбор	Кофс-Харбор — город в Новом Южном Уэльсе, Австралия. Расположен в 540 км к северу от Сиднея, и в 390 км от Брисбена.
2171507	Вуллонгонг	Ву́ллонгонг или Уо́ллонгонг — город на побережье Тасманова моря в штате Новый Южный Уэльс, Австралия.
2172517	Канберра	Канбе́рра — столица Австралии, один из крупнейших городов страны. Население Канберры составляет 410 301 человек (2024), а с городом-спутником Куинбиан как городской агломерации Канберра — Куинбиан достигает 462 213 человек (2021).
2173323	Бандаберг	Бандаберг — город в австралийском штате Квинсленд, расположенный на восточном побережье примерно в 380 км на север от Брисбена.
2174003	Брисбен	Бри́сбен — 3-й по населению город в Австралии. Столица штата Квинсленд. Образует муниципальное образование «город Брисбен».
217562	Бутембо	Бутембо — город в провинции Северное Киву Демократической Республики Конго.
217695	Буниа	Буниа — город в Демократической Республике Конго, административный центр провинции Итури. Население Буниа составляют 327 837 человек.
2177091	Балларат	Ба́лларат — город в штате Виктория в Австралии, расположенный в предгорье Большого Водораздельного хребта примерно в 105 километрах к северо-западу от столицы штата Мельбурна. По оценкам 2014 года, население городского района составляет 98 543 человек.
217745	Бумба	Бумба — город на севере Демократической Республики Конго в провинции Монгала, порт на реке Конго.
2179537	Веллингтон	Ве́ллингтон — столица Новой Зеландии, расположенная на юго-западной оконечности острова Северный, у пролива Кука.
2185018	Палмерстон-Норт	Па́лмерстон-Норт — город на Острове Северный в Новой Зеландии.
2185964	Норт-Шор	Норт Шор — пригород Большого Окленда, в настоящее время часть его городской агломерации.
2186313	Нейпир	Не́йпир — город на Острове Северный Новой Зеландии, центр региона Хокс-Бей.
2188164	Лоуэр-Хатт	Лоуэр-Хатт — седьмой по численности населения город Новой Зеландии, расположен в регионе Веллингтон на Северном острове.
2191562	Данидин	Дани́дин — второй по величине город на Южном острове в Новой Зеландии, административный центр региона Отаго.
2192362	Крайстчерч	Кра́йстчерч — город на Южном острове Новой Зеландии. Административный центр региона Кентербери.
2198148	Сува	Су́ва — столица Фиджи. Является административным центром Центрального округа. Образует столичную агломерацию с населением около 180 тыс.
2208032	Тауранга	Таура́нга — город на Острове Северный в Новой Зеландии, центр региона Бей-оф-Пленти.
2208485	Злитен	Злитен — город в Ливии, муниципалитет Мисурата. Расположен на берегу Средиземного моря к западу от залива Сидра.
2210247	Триполи	Три́поли — столица Ливии, административный центр одноимённого муниципалитета. Город расположен на северо-западе страны, на берегу бухты Средиземного моря.
2214846	Мисурата	Мисра́та, ранее — Мисура́та — город на северо-западе Ливии, столица одноимённого муниципалитета. Третий по величине после Триполи и Бенгази город страны.
2218970	Эз-Завия	Эз-Зави́я — город в Ливии.
2220957	Яунде	Я́унде — столица Камеруна, административный центр Центрального региона и департамента Мфунди.
2222230	Сангмелима	Сангмелима — город в Камеруне, административный центр департамента Джа и Лобо Южного региона.
2223763	Нконгсамба	Нконгса́мба — город на юге Камеруна, в Прибрежном регионе, центр департамента Мунго. Население 115 тыс. человек.
2224827	Нгаундере	Нгаунде́ре — город в Камеруне. Является административным центром провинции Адамава и департамента Вина. Население — 262 747 чел..
2228079	Мбальмайо	Мбальма́йо — город на юге Центрального региона Камеруна, центр департамента Ньонг и Соо. Население 65,4 тыс. человек.
2228373	Маруа	Ма́руа — город на севере Камеруна. Является административным центром Крайнесеверного региона и департамента Диамаре.
2229411	Лимбе	Лимбе́ ― город на юго-западе Камеруна, популярный морской курорт, порт международного значения в бухте Амбас залива Биафра. Административный центр департамента Фако.
2229761	Криби	Кри́би — город на юге Камеруна, морской курорт, центр департамента Осеан. Население 60 тыс. человек.
2231506	Фумбан	Фумба́н — город в департаменте Нун Западного региона Камеруна. Расположен в 225 км к северо-западу от Яунде.
2232239	Эдеа	Эде́а — промышленный город на юге Камеруна, в Прибрежном регионе, центр департамента Санага-Маритим. Население 122,3 тыс. человек.
2232283	Эболова	Эболо́ва — город на юге Камеруна, столица Южного региона, центр департамента Мвила. Население 79,5 тыс. человек.
2232444	Джанг	Джханг — город в провинции Пенджаб, Пакистан, центр одноимённого округа. Население — 293 366 чел.. Расположен на восточном берегу реки Чинаб.
2233410	Буэа	Буэ́а — город на юго-западе Камеруна, столица Юго-Западного региона и, с 2017 года, непризнанного государства Амбазония. Население 47,3 тыс. человек, вместе с прилегающими посёлками — 150 тыс.
2234359	Бертуа	Бе́ртуа (Бе́ртва) — быстрорастущий город на востоке Камеруна, столица Восточного региона, центр департамента Лом и Джерем. Население 173 тыс. человек.
2236568	Уиже	Уи́же — провинция в Анголе. Площадь провинции равна 58 698 км². Численность населения составляет 1 426 354 человека.
2236967	Сойо	Сойо, раннее — Санту-Антониу-ду-Зайри, Санту-Антониу, — город в Анголе, расположен в провинции Заире.
223817	Джибути (город)	Джибу́ти — столица государства Джибути. Является самостоятельной административной единицей наряду с регионами Джибути.
2239069	Негаге	Негаге — город и муниципалитет провинции Уиже на севере Анголы. Расположен на реке Кауа.
2239076	Ндалатандо	Ндалата́ндо, Далата́ндо — город в Анголе, столица провинции Северная Кванза. До 1975 года носил название Салазар, Вила-Салазар.
2239520	Мбанза-Конго	Мба́нза-Ко́нго — город на северо-западе Анголы, административный центр провинции Заире. Приблизительно с 1390 года Мбанза-Конго являлся столицей королевства Конго.
2239862	Маланже	Мала́нже — провинция в Анголе. Площадь 97 602 км², население 968 135 человек. Административный центр — город Маланже.
2240449	Луанда	Луа́нда — столица Анголы, крупнейший политический, культурный и финансово-промышленный центр государства. Один из старейших колониальных городов Африки.
2243271	Кабинда	Каби́нда — провинция в республике Ангола, имеющая полуэксклавное положение. Бывшая португальская колония Португальское Конго.
2243940	Зигиншор (город)	Зигиншо́р — город в южной части Сенегала, административный центр одноимённой области. Является также центром департамента Зигиншор и всего южного региона Казаманс.
2244991	Тамбакунда	Тамбаку́нда — город на востоке Сенегала, административный центр области Тамбакунда.
2246512	Рюфиск	Рюфи́ск — город области Дакар в Сенегале, расположенный на полуострове Зелёный мыс, на побережье Атлантического океана в 25 км на юго-восток от Дакара.
2248698	Мбаке	Мба́ке — город в центральной части Сенегала в одноимённом департаменте области Диурбель.
2249222	Луга	Лу́га — город в России на одноимённой реке; административный центр Лужского городского поселения и Лужского муниципального района Ленинградской области, город воинской славы России.
2249782	Колда	Ко́лда или Ко́льда — город на юге Сенегала.
2253354	Дакар	Дака́р — столица, крупный морской порт и крупнейший город Сенегала, расположенный на полуострове Кап-Вер, на побережье Атлантического океана. Дакар является самым западным городом материковой Африки.
2255414	Пуэнт-Нуар	Пуэ́нт-Нуа́р — город в Республике Конго, второй по величине после Браззавиля, порт на Атлантическом океане, через который проходит почти весь внешнеторговый оборот страны. До 2004 года был центром департамента Куилу, затем выделен в отдельный департамент.
2258261	Долизи	Долизи́, с 1975 года до 1991 года — Лубо́мо — город на юге Республики Конго. Административный центр департамента Ниари.
2260535	Браззавиль	Браззави́ль — столица и самый густонаселённый город Республики Конго. Расположен на правом берегу реки Конго, напротив Киншасы.
2262963	Сетубал	Сету́бал — город и морской порт в Португалии, центр одноимённого муниципалитета и округа Сетубал. Численность населения — 89,3 тыс.
2264268	Келуш	Келуш — район (фрегезия) в Португалии, входит в округ Лиссабон. Является составной частью муниципалитета Синтра.
2267057	Лиссабон	Лиссабо́н — столица, крупнейший город и главный порт Португалии с населением 544 851 человек (2021). Самая западная столица материковой Европы и единственная на Атлантическом побережье.
2267095	Лейрия	Лейри́я — город в Португалии, центр одноимённого муниципалитета в составе округа Лейрия. Численность населения — 42,8 тыс.
2267827	Фуншал	Фунша́л — главный город и морской порт острова Мадейра (Португалия), с населением около 112 тыс. человек. Является столицей Автономного региона Мадейры площадью 801 км².
2268339	Фару	Фа́ру — город и морской порт на юге Португалии, центр одноимённого округа и муниципалитета, центр исторической провинции Алгарве. Численность населения — 118 000 жителей (муниципалитет).
2271772	Амадора	Амадо́ра — город в Португалии. Численность населения — 175 135 жителей. Город и муниципалитет входит в Лиссабонский регион и субрегион Большой Лиссабон.
2274895	Монровия	Монро́вия — столица Либерии. Находится на территории округа Монтсеррадо, порт на побережье Атлантического океана, расположен в искусственной бухте в устье реки Сент-Пол. Население 1 010 970 чел. (2008).
2279755	Ямусукро	Ямусу́кро — административная столица Кот-д’Ивуара. На 2014 год население оценивается как 355 573 жителя.
2286304	Корого	Корого́ — город на севере Кот-д’Ивуара. Административный центр области Саван, а также одноимённого департамента.
2288829	Ганьоа	Ганьоа́ — город на юге Кот-д’Ивуара. Административный центр области Фромаже, а также одноимённого департамента.
2289049	Феркеседугу	Феркесседугу́ — город на севере Кот-д’Ивуара, на территории области Саван. Административный центр одноимённого департамента.
2289983	Димбокро	Димбокро́ — город на западе Кот-д’Ивуара, административный центр области Нзи-Комоэ, а также одноимённого департамента.
2290462	Данане	Данане́ — город на западе Кот-д’Ивуара, на территории области Монтань.
2290486	Далоа	Да́лоа — город в Кот-д'Ивуаре. Является административным центром области О-Сассандра, а также департамента Далоа. Население — 215 100 человек. Расположен в 318 км к северо-западу от крупнейшего города страны — Абиджана, на высоте 299 м над уровнем моря.
2290956	Буаке	Буа́ке́ — город в Кот-д’Ивуаре. Город является административным центром области Валле-дю-Бандама и департамента Буаке.
2291136	Бондуку	Бондуку́ — город на северо-востоке Кот-д’Ивуара, административный центр области Занзан, а также одноимённого департамента.
229268	Мбарара	Мбарара — город в Уганде, расположен в Западной области и является административным центром одноимённого округа.
229278	Мбале	Мбале — город в Уганде, расположен в Восточной области и является муниципальным, административным и коммерческим центром одноимённого округа и окружающего региона.
2293342	Адзопе	Адзопе́ — город в Кот-д'Ивуаре, центр региона Ля-Ме в округе Лагюн. Население — 61 884 чел. (2004).
2293538	Абиджан	Абиджа́н — крупнейший город западноафриканской страны Кот-д’Ивуар, экономический и культурный центр страны; второй по численности населения франкоязычный город в мире и второй по числу носителей языка. Административный центр департамента Абиджан, входящего в состав области Лагюн.
2293549	Абенгуру	Абенгу́ру — город в Кот-д’Ивуаре, административный центр области Средняя Комоэ и одновременно входящего в её состав департамента Абенгуру. Город Абенгуру населён преимущественно этнической группой Агни, ветвью народности Акан, мигрировавшей в регион из Ганы.
229380	Масаки	Масаки (яп. 松前町 Масаки-тё:) — посёлок в Японии, находящийся в уезде Иё префектуры Эхимэ. Площадь посёлка составляет 20,32 км², население — 30 053 человека, плотность населения — 1478,99 чел./км².
2294877	Тамале	Тама́ле — административный центр Северной области Ганы с населением в 360 579 человек (2007), преимущественно мусульман. Находится в 600 км к северу от Аккры.
2295458	Секонди-Такоради	Се́конди-Такора́ди — город в Гане, двоеградье, состоящее из городов Се́конди (Sekondi) и Такора́ди (Takoradi), на побережье Гвинейского залива, административный центр Западной области. На 2010 год население города составляло более 539 тысяч жителей, что делало его третьим по величине городом Ганы после столицы страны А…
2296606	Обуаси	Обуа́си — город на юге Ганы, на территории региона Ашанти. Административный центр одноимённого района.
2298890	Кумаси	Кума́си — город в Гане, второй по величине после столицы страны Аккры. Население — 1 989 062 человек (2012), с пригородами — 2,5 млн (2005).
2299522	Кофоридуа	Кофориду́а — город на юго-востоке Ганы, административный центр Восточной области. Расположен на левом берегу верхнего течения реки Денсу, у юго-западного подножья плато Кваху.
2302357	Кейп-Кост	Кейп-Кост — город в Гане, административный центр Центральной области, а также главный город народа фанти. Город расположен в 165 км к западу от Аккры на побережье Гвинейского залива.
2304121	Ашаиман	Ашаиман — город в Гане, на побережье Гвинейского залива восточнее столицы страны — Аккры, в области Большая Аккра. Население — 284,5 тыс. жителей (2012).
2306104	Аккра	А́ккра, вариант ударения Аккра́ — столица Республики Ганы и центр округа Аккра, крупнейший город страны, являющийся также её культурным и индустриальным центром. Слово Аккра является производным от слова Nkran — муравьи.
2309527	Малабо	Мала́бо — бывшая столица Экваториальной Гвинеи, самый старый город страны. Расположена в северной части острова Биоко у подножья вулкана.
2312888	Мбанза-Нгунгу	Мбанза-Нгунгу — город в провинции Центральное Конго Демократической Республики Конго. Расположен в 154 км к юго-западу от Киншасы и в 234 км к северо-востоку от Матади, на высоте 604 м над уровнем моря.
2312895	Мбандака	Мбанда́ка (другое название - Экуатервилль) — город в Демократической Республике Конго, административный центр Экваториальной провинции.
2313002	Матади	Мата́ди — главный морской порт Демократической Республики Конго и административный центр провинции Центральное Конго. Население по оценочным данным на 2012 год составляет 306 053 человека.
2314302	Киншаса	Кинша́са — столица и наиболее крупный город Демократической Республики Конго. Расположен на левом берегу реки Конго, напротив города Браззавиль, столицы Республики Конго.
2316702	Бома	Бома — город на западе Демократической Республики Конго, в эстуарии реки Конго, в 75 км от впадения Конго в Атлантический океан.
2317397	Бандунду	Банду́нду, ранее Баннингвиль — город в провинции Маи-Ндомбе Демократической Республики Конго.
2318123	Енагоа	Енагоа — район местного управления и город в Нигерии. Административный центр штата Байэлса.
2319133	Варри	Ва́рри — город в Нигерии, основной центр нефтяной промышленности в штате Дельта. Население составляет около 1 млн человек.
2319480	Уйо	Уйо — город на юго-востоке Нигерии. Административный центр штата Аква-Ибом.
2319668	Уроми	Уроми — город в Нигерии, в штате Эдо, в районе местного управления Северо-Восточный Эсан. В городе Уроми находится кафедра епархии Уроми Католической церкви.
2320576	Умуахиа	Умуахиа — город в Нигерии. Расположен в штате Абия, административным центром которого он является.
232066	Касесе	Касесе — город в Уганде, расположен в Западной области и является административным центром одноимённого округа.
232422	Кампала	Кампа́ла — столица Уганды, близ северного побережья озера Виктория, административный центр Центральной области и одноимённого себе округа.
2324774	Порт-Харкорт	Порт-Харкорт — столица штата Риверс, Нигерия, расположен по реке Бонни в дельте Нигера. Население города — около 1 млн жителей (2006), городская агломерация Порт-Харкорта насчитывает около 2,3 миллиона жителей (2015).
2325330	Оверри	Ове́рри — город в Нигерии, в штате Имо.
2326016	Онича	Они́ча — город в Нигерии, штат Анамбра. Стоит на берегу реки Нигер. Население — 561 066 чел..
2326171	Ондо	Ондо — город в Нигерии, административный центр одноимённого штата.
2328684	Нсукка	Нсукка — крупный город и район местного управления Нигерии, в штате Энугу. Расположен в центральной части Нигерии, к югу от Энугу-Эзике и к северу от Аку и Энугу.
2329821	Муби	Муби — город на северо-востоке Нигерии, на территории штата Адамава. Входит в состав района местного управления Северное Муби.
233114	Джинджа	Джи́нджа — город в Уганде, расположен в Восточной области и является административным центром округа Джинджа.
2331140	Макурди	Маку́рди — город и район местного управления на юго-востоке Нигерии, административный центр штата Бенуэ.
2331447	Майдугури	Майду́гури — город на северо-востоке Нигерии, административный центр федерального штата Борно.
2332459	Лагос	Ла́гос — портовый город на юго-западе Нигерии. Имея население более 13 миллионов человек и около 21 млн в агломерации, Лагос является крупнейшим городом страны и Африки.
233275	Иганга	Иганга — город на юге Уганды, на территории Восточной области. Административный центр одноимённого округа
233312	Хоима	Хои́ма — город на западе Уганды, на территории Западной области. Административный центр одноимённого округа.
233508	Энтеббе	Энте́ббе — город в Уганде, речной порт. Служил резиденцией для временного правительства страны вплоть до обретения независимости в 1962 году.
2335727	Кадуна	Каду́на — город в северной части центральной Нигерии, административный центр одноимённого штата. Город расположен на реке Кадуна, является торговым центром и перевалочным пунктом для соседних сельскохозяйственных районов благодаря расположенным в городе узлам железных и автомобильных дорог.
2336589	Джалинго	Джалинго — город на востоке Нигерии, административный центр штата Тараба.
2337639	Илорин	Ило́рин — город на западе Нигерии, на правом притоке Нигера. Один из крупнейших городов в Нигерии, столица штата Квара.
2338313	Икеджа	Икеджа — район местного управления в штате Лагос, Нигерия. Икеджа — административный центр штата Лагос и одновременно часть городской территории г.
2339354	Ибадан	Иба́дан — город на юго-западе Нигерии. Административный центр штата Ойо.
2339937	Гусау	Гусау — город и район местного управления на северо-западе Нигерии. Административный центр штата Замфара.
2340451	Гомбе	Гомбе — штат на северо-востоке Нигерии. 21 по площади и 31 по населению штат Нигерии.
2343279	Энугу	Эну́гу — город в Нигерии, административный центр одноимённого штата, столица частично признанного государства Биафра. Название Энугу происходит от двух слов языка Игбо Énú Ụ́gwụ́, означающих «вершина холма».
2346229	Калабар	Калаба́р или Ка́лабар — город в Нигерии.
2347283	Бенин-Сити	Бени́н-Си́ти — город в южной Нигерии, примерно в 40 км к северу от реки Бенин, в 330 км к востоку от Лагоса. Расположен в штате Эдо и является его столицей.
2347470	Баучи	Ба́учи — город в Нигерии. Является административным центром одноимённых штата и муниципалитета. Население — 316 149 чел..
2348773	Авка	Авка или Ока — город и район местного управления в юго-восточной части Нигерии, административный центр штата Анамбра.
235039	Аруа	Аруа — город в Уганде, центр одноимённого округа в Северной области. Население — 59 400 чел. (2011).
2350841	Акуре	Аку́ре — город в нигерийском штате Ондо.
2351979	Агбор	Агбор — город на юге Нигерии, на территории штата Дельта. Входит в состав района местного управления Южная Ика.
2352778	Абуджа	Абу́джа — столица Нигерии с 12 декабря 1991 года. До этого столицей был город Лагос.
2352947	Абеокута	Абео́кута — административный центр штата Огун на юго-западе Нигерии.
2353099	Абакалики	Абакалики — город в юго-восточной части Нигерии, административный центр штата Эбоньи.
2353151	Аба (Нигерия)	Аба́ — город в Нигерии, в штате Абия. Расположен на реке Аба, в месте пересечения дорог из Порт-Харкорта, Оверри, Умуахиа, Икот-Экпене и Икот-Абаси.
2357043	Вахигуя	Вахигуя — город и городская коммуна в Буркина-Фасо.
2357048	Уагадугу	Уагаду́гу — столица Буркина-Фасо, в междуречье Красной и Белой Вольты, является административным, экономическим, транспортным и культурным центром страны.
2358946	Кудугу	Куду́гу — город и городская коммуна в Буркина-Фасо.
2360886	Фада-Нгурма	Фада Нгурма — город и городская коммуна в Буркина-Фасо. Расположен в 219 км от Уагадугу.
2362344	Бобо-Диуласо	Бо́бо-Диула́со — город в Буркина-Фасо, департамент в провинции Уэ области Верхние Бассейны.
2364104	Сокоде	Соко́де — город в Того, административный центр Центрального региона. Является вторым крупнейшим городом страны после столицы.
2365267	Ломе	Ломе́ — столица Того, административный и промышленный центр и главный порт страны. В городе имеется народный дом, основанный в конце XVIII века, конференц-зал.
2367886	Атакпаме	Атакпа́ме — город в Того. Является административным центром области Плато и префектуры Огоу.
2374775	Бисау	Биса́у — столица Республики Гвинеи-Бисау, административный центр автономного сектора Бисау. Население — 492 004 жителей (2015).
2377450	Нуакшот	Нуакшо́т — столица Мавритании. Население — 1,3 млн. чел., тогда как в конце 1960-х население было около 20 тыс.
2377457	Нуадибу	Нуади́бу, ранее Порт-Этье́нн — город на северо-западе Мавритании. Административный центр области Дахлет-Нуадибу.
2389086	Берберати	Берберати — город префектуры Мамбере-Кадеи в Центральноафриканской Республики. Население — 76 918 чел., 103 713.
2389853	Банги	Банги́ — столица и крупнейший город Центральноафриканской Республики. Большинство населения страны проживает в западных районах республики вблизи Банги.
2392087	Порто-Ново	По́рто-Но́во — официальная столица государства Бенин. Европейское присутствие с XVI века, современное название получил при португальцах в 1730-е годы.
2392204	Параку	Параку — город в Бенине. Административный центр департамента Боргу. Расположен на востоке центральной части страны, на высоте 324 м над уровнем моря.
2394560	Джугу	Джугу — крупнейший город на северо-западе Бенина. Административный центр департамента Донга.
2394819	Котону	Котону́ — финансовая столица и крупнейший город Бенина. По официальным данным, на 2013 год население насчитывало 679 012 жителей, однако, некоторые предварительные подсчёты показывают, что численность горожан может достигать 1,2 миллиона.
2395915	Абомей	Абоме́й — город в Бенине, административный центр департамента Зу.
2396518	Порт-Жантиль	Порт-Жантиль — второй по величине город Габона, административный центр провинции Огове-Маритим и департамента Бендже.
2399697	Либревиль	Либреви́ль — столица Габона, административный центр провинции Эстуарий и одноимённого департамента. Город расположен на северном берегу реки Мбе — от её португальского названия Gabão происходят названия государства Габон и образующейся в устье Габонской бухты.
2400555	Франсвиль	Франсви́ль — город на востоке Габона, административный центр провинции Верхнее Огове и департамента Мпаса. Является третьим крупнейшим городом в стране.
240604	Бамбари	Бамба́ри — город префектуры Уака в Центральноафриканской Республике. Город расположен близ реки Уака.
2406407	Макени	Маке́ни — город в Северной провинции Сьерра-Леоне Административный и экономический центр Северной провинции, в городе расположены органы самоуправления округа Бомбали. Пятый по численности населения город Сьерра-Леоне, здесь проживает 85 116 жителей.
2407656	Сефаду	Сефаду́, также известный как Коиду́ — город в Восточной провинции Сьерра-Леоне. Административный центр округа Коно.
2409306	Фритаун	Фри́таун — столица и крупнейший город Сьерра-Леоне, расположенный в западной части страны. Является крупным портовым городом на Атлантическом океане.
2416969	Нзерекоре	Нзереко́ре — крупнейший город региона Guinée Forestière на юго-востоке Гвинеи. Административный центр провинции Нзерекоре и второй по величине город в стране.
2419472	Кисидугу	Кисиду́гу — город на юге Гвинеи. Является административным центром префектуры Кисидугу.
2419533	Киндиа	Ки́ндиа или Киндия — третий по величине город в Гвинее. Расположен в 136 км к северо-востоку от столицы страны, города Конакри.
2419992	Канкан	Канка́н — энергичный и откровенный эротический французский танец с демонстрацией нижнего женского белья. Поначалу во Франции танец не пользовался популярностью и подвергался резкой критике, поскольку для своего времени он считался крайне непристойным.
2422465	Конакри	Конакри́ или Ко́накри — столица Гвинеи с 1958 года и административный центр одноимённого административного региона. Порт на побережье Атлантического океана.
2425791	Сарх	Сарх, раннее — Форт-Аршамбо́ — третий по величине город в Чаде, после Нджамены и Мунду. Административный центр региона Среднее Шари и департамента Бар-Кох.
2426240	Пала	Пала — империя, правившая на территории Индийского субконтинента в классический период. Пала зародилась в Бенгалии, на территории современных Бангладеш и Западной Бенгалии.
2427123	Нджамена	Нджаме́на, до 1973 года Форт-Лами́ — столица Чада, административный центр префектуры Шари-Багирми. Город Нджамена также является одним из 22 регионов Чада и административно как регион подразделяется на 10 городских районов.
2427455	Мунду	Му́нду — второй по величине город в Чаде, административный центр региона Западный Логон. Население по данным на 2008 год составляет 142 462 человека.
2433437	Доба	Доба — город в Чаде, административный центр региона Восточный Логон.
2437732	Бирнин-Конни	Би́рнин-Ко́нни — город в юго-западной части Нигера, на территории региона Тахуа. Административный центр департамента Бконни.
2440485	Ниамей	Ниаме́й — столица Нигера, административный центр департамента Ниамей. В 1926—1960 являлся административным центром французского владения Нигер, с 1960 — столица Нигера.
2441291	Маради	Маради — город в южной части Нигера.
2449067	Томбукту	Томбукту́ — город на севере центральной части Мали, расположенный в 13 км к северу от реки Нигер. Столица самопровозглашённого государства Азавад (2012—2013).
2451185	Сикасо	Сика́со — город в южной части Мали. Является административным центром одноименного региона и вторым городом в Мали по численности населения, которое по данным на 2012 год составляет 213 977 человек.
2453348	Мопти	Мопти — город в центральной части Мали.
245338	Ам-Тиман	Ам-Тима́н — город на юго-востоке Чада. Является административным центром региона Саламат и департамента Бар-Азум.
2454268	Кутиала	Кутиала — город на юго-западе Мали, в области Сикасо.
2455518	Каес	Кае́с, Ка́ес — город на крайнем западе Мали.
2457163	Гао	Га́о — город на северо-востоке центральной части Мали, на территории самопровозглашённого государства Азавад, административный центр одноимённой провинции, а также крупнейшим городом и фактической столицей Азавада — местом пребывания его властей и руководства Национального движения за освобождение Азавада.
245785	Абеше	Абеше́ — город на востоке Чада. Административный центр региона Ваддай.
2460596	Бамако	Бамако́ — столица Мали. Население составляет 1 809 106 человек (2009). Город расположен на берегах реки Нигер, в юго-западной части страны.
2462881	Эль-Аюн	Эль-Аю́н — крупнейший город Западной Сахары, территории со спорным статусом на северо-западе Африки. Находится под контролем марокканской администрации.
2464915	Сус	Сус — богатый историческими памятниками город-порт на средиземноморском побережье Туниса, административный центр одноимённого вилайета, главный центр 675-тысячной собственной агломерации и 1,5-миллионной полицентрической конурбации Сус—Монастир—Махдия, третий по величине город страны. Популярный морской курорт. Населен…
2467815	Радес	Радес — город и морской порт в тунисской провинции Бен-Арус, расположен в 9 км от тунисской столицы и к югу от порта Ла-Гулет.
2469140	Мсакен	Мса́кен — город в Тунисе.
2470384	Хумт-Сук	Хумт-Сук или Хумет-Эсук — крупнейший город на тунисском острове Джерба. Расположен на северном побережье острова, в 20 км от города Аджим.
2472706	Бизерта	Бизе́рта — портовый город на севере Туниса. Население в 2014 году составляло 136 917 жителей.
2473493	Монастир	Монасти́р — город в Тунисе, административный центр одноимённого вилайета, центр 549-тысячной собственной агломерации и второй центр 1,5-миллионной полицентрической конурбации Сус—Монастир—Махдия. Рыболовный порт, морской курорт, родной город первого президента Туниса Хабиба Бургибы.
2473744	Хаммамет	Хаммаме́т — курортный город в Тунисе, расположенный в одноимённом заливе Средиземного моря в вилайете Набуль.
2475475	Туггурт	Туггурт — город на северо-востоке центральной части Алжира, на территории вилайета Уаргла. Туггурт является центром одноимённого округа.
2475687	Тлемсен	Тлемсе́н — город на северо-западе Алжира, административный центр одноимённого вилайета.
2475744	Тизи-Узу	Тизи́-Узу́ — город в Алжире, административный центр одноимённого вилайета.
2475860	Тисемсильт	Тисемсильт — город на севере Алжира, административный центр одноимённого вилайета.
2476897	Тиарет	Тиаре́т — город на северо-западе Алжира, административный центр одноимённых вилайета и округа. Расположен к юго-западу от города Алжир, в горном районе Телль-Атлас, примерно в 150 км от побережья Средиземного моря.
2477461	Тебесса	Тебе́сса — город на северо-востоке Алжира, в 20 км от границы с Тунисом, административный центр одноимённых вилайета и округа. Население — 170 000 человек.
2479215	Сук-Ахрас	Сук-Ахра́с — город на северо-востоке Алжира, административный центр одноимённого вилайета.
2479536	Скикда	Ски́кда — город на северо-востоке Алжира, административный центр одноимённых вилайета и округа. Население по данным на 2008 год составляет 163 618 человек.
2481007	Сиди-Бель-Аббес	Си́ди-Бель-Аббе́с — город на северо-западе Алжира, административный центр одноимённых вилайета и округа. Население — 200 000 чел..
2481700	Сетиф	Сети́ф — город на северо-востоке Алжира, административный центр одноимённого вилайета, расположенный на высоте порядка 1096 м над уровнем моря.
2483668	Гализан	Гализан, Релиза́н, ранее — Иги́ль-Иза́н — город на северо-западе Алжира, административный центр одноимённого вилайета.
248370	Мадаба	Мадаба — город в Иордании, примерно в 35 км южнее Аммана. Население 70338 человек (2004).
24851	Нурабад	Нурабад — город областного подчинения, административный центр Нурабадского района Самаркандской области Узбекистана.
2485801	Уаргла	Уа́ргла — город на севере центральной части Алжира, административный центр одноимённых вилайета и округа. Часть жителей говорит на языке уаргла.
2485926	Оран	Ора́н — город-порт на средиземноморском побережье Алжира, один из крупнейших портов в Северной Африке. Расположен в северо-западной части страны, примерно в 432 км от столицы страны, города Алжир.
2486690	Мсила	Мсила — провинция на севере Алжира, административный центр одноимённого вилайета, считается частью города Уле Сиди Браим, также известного как Улед Сиди Брахим.
2487134	Мостаганем	Мостагане́м — город в Алжире, административный центр одноимённого вилайета.
2487772	Мессад	Месса́д — город на севере центральной части Алжира, на территории вилайета Джельфа. Административный центр одноимённого округа.
248946	Ирбид	И́рбид — город в Иордании. Административный центр мухафазы Ирбид. Третий по величине город страны после Аммана и Эз-Зарки и вторая по величине агломерация, население которой насчитывает около 660 000 человек.
2490098	Маскара	Ма́скара — город на северо-западе Алжира, административный центр одноимённого вилайета. Расположен на реке Хобра.
2491191	Лагуат	Лагуа́т — город на севере центральной части Алжира, административный центр одноимённого вилайета.
2492913	Джиджель	Джи́джель, Джидже́ль — город на северо-востоке Алжира, административный центр одноимённого вилайета.
2495662	Гельма	Гельма́ — город на северо-востоке Алжира. Административный центр одноимённого вилайета.
2496049	Гардая	Гарда́я — город на севере центральной части Алжира, административный центр одноимённых вилайета и округа. Население — 120 000 чел..
2497411	Эль-Уэд	Эль-Уэ́д — город на востоке Алжира, административный центр одноимённых вилайета и округа. Население по данным на 2008 год составляет 134 699 человек; по данным на 1998 год оно насчитывало 105 256 человек.
2498611	Эш-Шелифф	Эш-Шели́фф, ранее — Эль-Асна́м, до 1962 г. — Орлеанвиль или Орлеансвиль — город в Алжире, административный центр вилайета Эш-Шелифф.
250090	Эз-Зарка	Эз-Зарка́ — город в Иордании, административный центр мухафазы Эз-Зарка. С арабского название города переводится как «синий».
250258	Эс-Салт	Эс-Салт (ранее Эс-Сальт — город на северо-западе Иордании, построенный на трёх близко расположенных холмах в нагорье Балка. Административный центр мухафазы Эль-Балка.
2502958	Буира	Буира — город на севере Алжира, административный центр одноимённого вилайета.
2503701	Бордж-Бу-Арреридж	Бордж-Бу-Арреридж — город на севере Алжира. Представляет собой городской округ в составе одноимённого вилайета.
2503769	Блида (город)	Бли́да — город на севере Алжира, административный центр одноимённого вилайета. Расположен примерно в 45 км к юго-западу от столицы страны — города Алжир, у подножья хребта Телль-Атлас, на высоте 260 м над уровнем моря.
2503826	Бискра (город)	Би́скра — город на севере Алжира, административный центр одноимённых вилайета и округа. Расположен примерно в 400 км к юго-востоку от города Алжир, в 115 км к юго-западу от города Батна и в 222 км к северу от города Туггурт.
250441	Амман	Амма́н — столица и крупнейший город Иордании. В древности назывался Раббат-Аммон, в эллинистическо-римскую эпоху — Филадельфия.
2505329	Беджая	Беджа́я — город-порт на севере Алжира, административный центр одноимённого вилайета. Население по данным на 2008 год составляет 177 988 человек.
2505629	Барика	Барика — город на северо-востоке Алжира, на вилайета Батна. Административный центр одноимённого округа.
2506999	Аннаба	Анна́ба, в 1830—1963 годах ранее известный также как Бо́н, Бо́на — крупнейший город северо-восточного Алжира, административный центр одноимённого вилайета, крупный порт на побережье Бонского залива Средиземного моря. Расположен в 152 км к северо-востоку от города Константины и в 80 км к западу от границы с Тунисом.
2507480	Алжир (город)	Алжи́р — столица и крупнейший город государства Алжир. Название города происходит от «аль-Джазаир», что в переводе с арабского обозначает «острова», так как раньше рядом с городом находились 4 острова, которые стали частью материка в 1525 году.
250774	Акаба	Ака́ба — город в Иордании, являющийся её единственным морским портом, а также единственным морским курортом. Расположен на северном побережье Акабского залива Красного моря рядом с израильским городом Эйлат.
250799	Аджлун	Аджлу́н — город на северо-западе Иордании, административный центр одноимённой мухафазы.
2510253	Торревьеха	Торревьеха — город и муниципалитет в Испании, входит в провинцию Аликанте в составе автономного сообщества Валенсия. Муниципалитет находится в составе района (комарки) Вега-Баха-дель-Сегура.
2510542	Тельде	Тельде — город и муниципалитет в Испании, входит в провинцию Лас-Пальмас в составе автономного сообщества Канарские острова. Находится на острове Гран-Канария.
2510693	Талавера-де-ла-Рейна	Талаве́ра-де-ла-Ре́йна — второй по величине город испанской провинции Толедо, расположенный у впадения реки Альберче в Тахо. С давних пор известен производством изделий из фаянса, включая плитку азулежу, которой украшены городские здания.
2510911	Севилья	Севи́лья — город на юге Испании с населением около 700 тысяч жителей. Расположена на обоих берегах реки Гвадалквивир.
2511174	Санта-Крус-де-Тенерифе	Са́нта-Крус-де-Тенери́фе — столица одноимённой провинции Испании, острова Тенерифе, и одна из двух столиц автономного сообщества Канарские острова, место пребывания автономного парламента.
2511306	Санлукар-де-Баррамеда	Санлу́кар-де-Барраме́да — город и муниципалитет в Испании, входит в провинцию Кадис, в составе автономного сообщества Андалусия. Муниципалитет находится в составе района (комарки) Коста-Нороэсте-де-Кадис.
2511401	Сан-Кристобаль-де-ла-Лагуна	Сан-Кристобаль-де-ла-Лагуна — город и муниципалитет в Испании, входит в провинцию Санта-Крус-де-Тенерифе в составе автономного сообщества Канарские острова. Считается культурной столицей Канарских островов.
2511619	Сагунт	Сагу́нт — город эдетанов, или седетанов, в Тарраконской Испании, лежавший на возвышенности между Сукроном и Тарраконом, на реке Паллантии, недалеко от морского берега.
2511716	Рокетас-де-Мар	Рокетас-де-Мар — населённый пункт и муниципалитет в Испании, входит в провинцию Альмерия, в составе автономного сообщества Андалусия. Муниципалитет находится в составе района (комарки) Поньенте-Альмерьенсе.
2513076	Ориуэла	Ориуэла — город и муниципалитет в Испании, входит в провинцию Аликанте в составе автономного сообщества Валенсия. Муниципалитет находится в составе района (комарки) Вега-Баха-дель-Сегура.
2513416	Мурсия	Му́рсия — город на юго-востоке Испании, административный центр автономного сообщества Мурсия и одноимённой провинции. На 1 января 2012 года население Мурсии составило 441 354 человека, что ставит город на 7-е место среди испанских городов.
2513882	Михас	Ми́хас — город и муниципалитет в Испании, входит в провинцию Малага, в составе автономного сообщества Андалусия. Муниципалитет находится в составе района (комарки) Коста-дель-Соль-Оксиденталь.
2513947	Мелилья	Мели́лья — испанский город и порт на средиземноморском побережье Африки. Имеет статус автономного города Испании.
2514169	Марбелья	Марбе́лья — город и муниципалитет в Испании, входит в провинцию Малага, в составе автономного сообщества Андалусия. Муниципалитет находится в составе района (комарки) Коста-дель-Соль-Оксиденталь.
2514256	Малага	Ма́лага — город и порт на юге Испании, в Андалусии. Административный центр провинции Малага, шестой по величине город страны.
2514891	Лорка (город)	Ло́рка — город на юго-востоке Испании, в области и провинции Мурсия. Муниципалитет находится в составе района (комарки) Альто-Гвадалентин.
2515270	Лас-Пальмас	Лас-Пальмас, полное название — Лас-Па́льмас-де-Гран-Кана́рия — город в Испании, административный центр провинции Лас-Пальмас на острове Гран-Канария в составе архипелага Канарские острова, в 210 км от северо-западного побережья Африки. Одна из двух столиц автономного сообщества Канарские острова.
2516326	Херес-де-ла-Фронтера	Хере́с-де-ла-Фронте́ра — город и муниципалитет в Испании, входит в провинцию Кадис, в составе автономного сообщества Андалусия. Муниципалитет находится в составе района (комарки) Кампинья-де-Херес.
2516395	Хаэн	Хаэ́н — город в Испании, административный центр одноимённой провинции Хаэн, в составе автономного сообщества Андалусия. Муниципалитет находится в составе района (комарки) Большой Хаэн.
2516548	Уэльва	Уэльва — город и муниципалитет в Испании, центр провинции Уэльва, в составе автономного сообщества Андалусия. Муниципалитет находится в составе района (комарки) Большая Уэльва.
2517117	Гранада	Грана́да — город и муниципалитет в Испании, столица провинции Гранада в составе автономного сообщества Андалусия. Муниципалитет находится в составе района (комарки) Вега-де-Гранада.
2517367	Гандия	Ганди́я — муниципалитет в Испании, входит в провинцию Валенсия в составе автономного сообщества Валенсия. Муниципалитет находится в составе района (комарки) Сафор.
2517816	Эстепона	Эстепона — муниципалитет в Испании, входит в провинцию Малага, в составе автономного сообщества Андалусия. Муниципалитет находится в составе района (комарки) Коста-дель-Соль-Оксиденталь.
2518207	Эль-Пуэрто-де-Санта-Мария	Эль-Пуэрто-де-Санта-Мария — портовый город и муниципалитет в Испании, входит в провинцию Кадис, в составе автономного сообщества Андалусия. Муниципалитет находится в составе района (комарки) Баия-де-Кадис.
2518494	Эль-Эхидо	Эль-Эхидо — населённый пункт и муниципалитет в Испании, входит в провинцию Альмерия, в составе автономного сообщества Андалусия. Муниципалитет находится в составе района (комарки) Поньенте-Альмерьенсе.
2518559	Эльче	Э́льче — город и муниципалитет в Испании, входит в провинцию Аликанте в составе автономного сообщества Валенсия. Муниципалитет находится в составе района (комарки) Бахо-Виналопо.
2518794	Дос-Эрманас	Дос-Эрма́нас — город и муниципалитет в Испании, входит в провинцию Севилья, в составе автономного сообщества Андалусия. Муниципалитет находится в составе района (комарки) Большая Севилья.
2519402	Сьюдад-Реаль	Сьюда́д-Реа́ль — город в Испании, центр одноимённой провинции. Расположен в автономном сообществе Кастилия-Ла-Манча, муниципалитет находится в составе района (комарки) Кампо-де-Калатрава.
2519513	Чиклана-де-ла-Фронтера	Чиклана-де-ла-Фронтера — город и муниципалитет в Испании, входит в провинцию Кадис, в составе автономного сообщества Андалусия. Муниципалитет находится в составе района (комарки) Баия-де-Кадис.
2519752	Кастельон-де-ла-Плана	Кастельо́н-де-ла-Пла́на — город и муниципалитет в Испании, в автономном сообществе Валенсия, административный центр провинции Кастельон. Муниципалитет находится в составе района (комарки) Плана-Альта.
2520600	Кадис	Ка́дис, в дореволюционных текстах Ка́дикс — город на юго-западе Испании в составе автономного сообщества Андалусия. Муниципалитет входит в район (комарку) Баия-де-Кадис.
2520611	Касерес (город)	Ка́серес — город и муниципалитет в Испании, административный центр одноименной провинции в составе автономного сообщества Эстремадура. Муниципалитет находится в составе района (комарки) Льянос-де-Касерес.
2521088	Бенидорм	Бенидо́рм — город и муниципалитет в Испании, входит в провинцию Аликанте в составе автономного сообщества Валенсия. Муниципалитет находится в составе района (комарки) Марина-Баха.
2521420	Бадахос	Бадахо́с — город в Испании, в составе автономного сообщества Эстремадура, центр одноимённой провинции. Муниципалитет находится в составе района (комарки) Бадахос.
2521886	Альмерия	Альмери́я — город на юго-востоке Испании и столица одноимённой провинции. Население — 198 533 человек . В 1522 году Альмерия была разрушена землетрясением, и восстановление не начиналось до XIX века.
2521978	Аликанте	Алика́нте (Алакан) — город в Испании в составе автономного сообщества Валенсия, центр одноимённой провинции. Город расположен на побережье Средиземного моря.
2522013	Альхесирас	Альхеси́рас — город и муниципалитет в Испании, входит в провинцию Кадис, в составе автономного сообщества Андалусия.
2522258	Альбасете	Альбасе́те — город на юго-востоке Испании, административный центр провинции Альбасете. Население — 159,5 тыс. (2005).
2522876	Трапани	Тра́пани — коммуна в Италии, административный центр одноимённой провинции области Сицилия.
2523083	Сиракузы	Сираку́зы — итальянский город на восточном берегу острова Сицилия, в 53 км южнее Катании, административный центр провинции Сиракуза. Один из крупных портов Ионического моря.
2523630	Реджо-ди-Калабрия	Ре́джо-ди-Кала́брия — город в Италии, в области Калабрия, административный центр одноимённой территориальной единицы, приравненной к провинции. Ядро агломерации Реджо-ди-Калабрия.
2523650	Рагуза (Сицилия)	Рагу́за — город в итальянском регионе Сицилия, административный центр одноимённой провинции. Считается самым динамичным городом итальянского юга.
2523920	Палермо	Пале́рмо — город в Италии, на острове Сицилия.
2524170	Мессина	Месси́на — город в итальянской области Сицилия, административный центр одноимённой территориальной единицы, приравненной к провинции. Третий по величине город на острове Сицилия.
2525059	Катандзаро	Катандза́ро — коммуна в Италии, в области Калабрия, является её столицей. Главный город провинции Катандзаро.
2525068	Катания	Ката́ния — город-порт в итальянском регионе Сицилия, административный центр одноимённой территориальной единицы, приравненной к провинции. Город расположен на восточном побережье острова Сицилия у подножья вулкана Этна.
2525473	Кальяри	Ка́льяри — город в Италии, расположенный на острове Сардиния. Административный центр области Сардиния и одноимённой территориальной единицы, приравненной к провинции.
2527089	Тизнит	Тизнит — город в Марокко, расположен на расстоянии 690 километров от Рабата.
2528910	Тетуан	Тетуа́н — город на севере Марокко в берберском племенном регионе Риф. В 1912—1956 гг. Тетуан — столица протектората Испанское Марокко.
2529317	Таза	Та́за ‎ — город на северо-востоке Марокко, административный центр одноимённой провинции и области Таза-Эль-Хосейма-Таунат в 100 километрах к востоку от Феса.
2529649	Тарудант	Таруда́нт — город в Марокко, расположен в долине реки Сус, на юге страны.
2530241	Тан-Тан	Тан-Тан — небольшой город в Марокко, в провинции Тан-Тан, которая входит в состав региона Гулимим-Эс-Смара. Со всех сторон окружён пустыней.
2530335	Танжер	Танже́р — крупный портовый город на севере Марокко, у побережья Гибралтарского пролива.
2537406	Сеттат	Сеттат — марокканский город, расположенный между столицей страны Рабатом и городом Марракеш. Сеттат находится в сердце страны, к югу от Касабланки.
2537763	Сале	Сале́ — четвёртый[уточнить] по величине город Марокко. Вместе с Рабатом образует столичную агломерацию с населением около 2,5 млн человек.
2538475	Рабат	Раба́т — столица Марокко, её культурный и индустриальный центр. Непосредственно к Рабату примыкает город Сале, отделённый от него рекой Бу-Регрег и составляющий вместе с ним столичную агломерацию.
2540483	Уджда	У́джда — город на северо-востоке Марокко. Административный центр Восточной области Марокко.
2540850	Варзазат	Варзаза́т — город в Марокко в области Сус-Масса-Драа, административный центр одноимённой провинции. Население около 38 тыс. человек.
2542051	Мохаммедия	Мохаммеди́я — портовый город и префектура в Марокко, расположенная в 25 км к северо-востоку от Касабланки по пути на Рабат.
2542715	Мекнес	Мекне́с — один из четырёх имперских городов Марокко, памятник Всемирного наследия.
2542997	Марракеш	Марра́кеш, Марраке́ш — один из четырёх имперских городов Марокко. Ныне административный центр области Марракеш — Сафи, в составе которой образует одноимённую префектуру.
2544333	Хенифра	Хенифра — город в Марокко, расположен в области Мекнес-Тафилалет.
2544571	Кенитра	Кени́тра — город на северо-западе Марокко, порт на реке Себу, в 12 километрах от побережья Атлантического океана и в 40 км к северу от столицы Рабата. Административный центр области Гарб-Шрарда-Бени-Хсен.
2546917	Ифран	Ифра́н — город в Среднем Атласе Марокко, административный центр провинции Ифран области Фес — Мекнес. Является горнолыжным курортом и университетским городком.
2548526	Гулимин	Гулимин — марокканский город, расположенный на юге Марокко, часто называемый вратами пустыни. Население города составляет 117 998 человек.
2548885	Фес	Фес — старейший из четырёх имперских городов Марокко и крупнейший на севере Африки центр исламской культуры и образования. Административный центр области Фес — Мекнес, в составе которой образует префектуру Фес.
2550078	Эль-Джадида	Эль-Джадида — портовый город на атлантическом побережье Марокко, столица одноимённой провинции страны. Старая португальская крепость — памятник Всемирного наследия ЮНЕСКО.
255274	Пирей	Пире́й — четвёртый по величине город в Греции, на северо-восточном побережье залива Сароникос Эгейского моря. Узел железных дорог Пирей — Салоники — Афины — Салоники, Пирей — Патры и Пирей — Афины — Коринф — Патры.
2553604	Касабланка	Касабла́нка — крупнейший город в Марокко. Крупный порт на берегу Атлантического океана, в 70 км к югу от столицы Рабат.
2555467	Беркан	Беркан — марокканский город, расположенный в Трифе, находится на северо-востоке Марокко. На севере граничит со Средиземным морем, с Кисс-Уэд и с вилайетом Уджда на востоке, с вилайетом Надор — на западе и с вилайетом Таурирт — на юге.
2555745	Бени-Меллаль	Бе́ни-Мелла́ль — марокканский город, расположенный 160 км южнее Касабланки. Это столица области Тадла-Азилал, с населением 928 000 человек.
2561668	Агадир	Агади́р — город на юго-западе Марокко, исторический центр региона Сус.
258576	Лариса (город)	Ла́риса — один из самых старых городов в Греции. Является административным центром одноимённой общины (димоса), одноимённой периферийной единицы и периферии Фессалии.
2615876	Оденсе	О́денсе — третий по величине город Дании, главный город острова Фюн.
261745	Ираклион	Ира́клион, Гера́клион — город в Греции, на острове Крит. Административный центр периферии Крит и общины (дима) Ираклион.
2618425	Копенгаген	Копенга́ген — столица и крупнейший город Датского королевства (Дании). Располагается на островах Зеландия, Слотсхольмен и Амагер.
2622447	Эсбьерг	Э́сбьерг — город в Дании, важный порт и транспортный узел на западном побережье полуострова Ютландия. Административный центр коммуны Эсбьерг.
2624652	Орхус	О́рхус — второй по величине город Дании. Расположен на востоке полуострова Ютландия, на берегу пролива Каттегат, в Орхусском заливе, примерно в 187 км к северо-западу от Копенгагена.
2624886	Ольборг	О́льборг — портовый город в Дании, в центре Северной Ютландии. Население 118 871 человек (2021).
2633352	Йорк	Йорк — один из важнейших городов Англии, главный город и унитарная административная единица со статусом «сити» в юго-восточной части церемониального графства Норт-Йоркшир, при впадении реки Фос в реку Уз. В городе расположена резиденция архиепископа провинции Йорк.
2633485	Рексем	Ре́ксем — крупнейший город на севере Уэльса. Является административным центром графства Рексем.
2633521	Уэртинг	Уэ́ртинг — крупный приморский город со статусом боро в Западном Суссексе, в историческом графстве Суссекс.
2633866	Уимблдон	Уимблдо́н, ист. Wymbeldon (XIII в.), Wimbleton (XIV в.), Wymelton (XVI в.) — юго-западный район (дистрикт) Лондона. Входит в состав административного района (боро) Мертон и расположен в 11,3 км от Чаринг-Кроссa.
2633948	Уиган	Уи́ган — город в Великобритании, в метропольном графстве Большой Манчестер, на реке Дуглас и канале Лидс — Ливерпуль в 24 км на юг от Престона, в 26,5 км на запад-северо-запад от Манчестера и в 28 км на восток-северо-восток от Ливерпуля.
2634491	Уэст-Бромидж	Уэст-Бромидж — город в английском графстве Уэст-Мидлендс, входит в состав района Сандуэлл.
2634677	Уотфорд	Уо́тфорд — город и район со статусом боро в графстве Хартфордшир, Англия.
2634739	Уоррингтон	Уоррингтон — город и унитарная единица на севере церемониального графства Чешир. Население города Уоррингтон — 208800 человек.
2634838	Уолтемстоу	Уолтемстоу — район в лондонском боро Уолтем-Форест, расположенный 10,3 км к северо-востоку от Чаринг-Кросса. На севере Уолтемстоу граничит с Чингфордом, на юге — с Лейтоном и Лейтонстоуном, на востоке — с южной частью леса Эппинг, на западе — с Тоттенемом и долиной реки Ли.
2634853	Уолсолл	Уолсолл — город в Великобритании, расположенный к северо-востоку от Бирмингема и к востоку от Вулверхэмптона. Исторически Уолсолл был частью церемониального графства Стаффордшир.
2636389	Суиндон	Суи́ндон — город в английском церемониальном графстве Уилтшир на юго-западе Англии, административный центр унитарной единицы Суиндон.
2636432	Суонси	Суо́нси — прибрежный город и графство в Уэльсе.
2636486	Саттон-Колдфилд	Саттон-Колдфилд, официально Королевский город Саттон-Колдфилд, англ. The Royal Town of Sutton Coldfield, — город и община, с 1972 года часть метрополитенского ареала Бирмингема.
2636531	Сандерленд	Са́ндерленд — город в английском графстве Тайн-энд-Уир, центр административного района Сити-оф-Сандерленд. Население — 174 286 человек (2011).
2636841	Сток-он-Трент	Сток-он-Трент — город и унитарная единица со статусом сити в Англии, в церемониальном графстве Стаффордшир.
2636882	Стокпорт	Стокпорт — крупный город в английском графстве Большой Манчестер. Расположен в 9,8 км южнее Манчестера.
2637142	Стаффорд	Стаффорд — город в Великобритании, административный центр графства Стаффордшир. Входит в состав автономного района Стаффорд, который включает в себя ещё и сельские поселения, а также коммуну Стоун.
2637343	Саутпорт	Саутпорт — город в графстве Мерсисайд Великобритании, один из двух административных центров метрополитенского района (боро) Сефтон.
2637433	Саутенд-он-Си	Сауте́нд-он-Си́ — город и унитарная единица на юге церемониального графства Эссекс. Население 159,3 тыс. человек (2006).
2637487	Саутгемптон	Саутге́мптон — город и унитарная единица в церемониальном графстве Хэмпшир Англии, на южном побережье Великобритании. Расположен у слияния рек Итчен и Тест, на берегу пролива Те-Солент.
2637546	Солихалл	Со́лихалл — город в графстве Уэст-Мидлендс Великобритании, административный центр района Солихалл.
2637627	Слау	Сла́у — город (town) и унитарная единица на востоке церемониального графства Беркшир, в Англии.
2637891	Шрусбери	Шру́сбери — город в Англии, главный город графства Шропшир, на судоходной реке Северн. Второй по величине город церемониального графства Шропшир.
2638077	Шеффилд	Ше́ффилд — город в Англии, в графстве Саут-Йоркшир. Исторически является частью Восточного райдинга Йоркшира.
2638671	Солфорд	Со́лфорд — город в Великобритании, расположенный на северо-западе Англии в составе графства Большой Манчестер. Лежит в излучине реки Эруэлл, которая является восточной границей Солфорда, отделяя его от самого Манчестера.
2638785	Сент-Хеленс	Сент-Хе́ленс — активный стратовулкан, расположенный в округе Скамания штата Вашингтон, США, в 154 километрах к югу от Сиэтла и в 85 километрах к северу от города Портленд (Орегон). Назван в честь британского дипломата лорда Сент-Хеленса, друга исследователя Джорджа Ванкувера, который проводил топографические работы в э…
2638867	Сент-Олбанс (Англия)	Сент-О́лбанс — город в южной части английского графства Хартфордшир, примерно в 30 км севернее Лондона на реке Вер. Население 129 тыс. жителей.
2638978	Рагби	Ра́гби — город в графстве Уорикшир Англии, административный центр района (боро) Рагби.
2639093	Ротерем	Ро́терем — город в графстве Саут-Йоркшир (Англия), административный центр района Ротерем.
2639272	Рочдейл	Ро́чдейл — город в Великобритании, в графстве Большой Манчестер. Административный центр одноименного метрополитенского района (боро).
2639557	Реддитч	Реддитч — город в Великобритании, на северо-востоке графства Вустершир, Англия, к югу от границы Уэст-Мидлендс, примерно в 15 милях от Бирмингема. Население района — 79 216 человек.
2639577	Рединг	Ре́динг — город в Англии, выделен в унитарную единицу в центральной части церемониального графства Беркшир. Город стоит на реке Кеннет, притоке Темзы.
2639835	Патни	Патни — престижный жилой и исторический район на берегу реки Темзы в юго-западном Лондоне, в боро Уондсуэрт. Он расположен примерно в 8 км.
2639912	Престон	Пре́стон — территория на северном берегу реки Риббл в графстве Ланкашир (Великобритания), которая сама по себе не имеет юридического статуса города, но рассматривается как город, так как на этой территории расположен Сити-оф-Престон, административный центр графства Ланкашир.
2639996	Портсмут	По́ртсмут — город и унитарная единица в британском церемониальном графстве Гэмпшир на берегу пролива Те-Солент, отделяющего Англию от острова Уайт. Основная часть городского населения сосредоточена на острове Портси.
2640194	Плимут (Англия)	Пли́мут — город в Англии, выделенный в унитарную единицу со статусом «сити», на юго-западе церемониального графства Девон. В нем расположены военные судоверфи и крупнейшая в Западной Европе военно-морская база.
2640677	Пейсли	Пе́йсли или Пейзли — город в Шотландии, административный центр области Ренфрушир.
2640729	Оксфорд	О́ксфорд — город в Великобритании, столица графства Оксфордшир. Оксфорд известен благодаря старейшему в англоязычных странах и одному из старейших в Европе высших учебных заведений — Оксфордскому университету.
2641022	Олдем	О́лдем — крупный город в графстве Большой Манчестер (Англия), административный центр метрополитенского района (боро) Олдем.
2641170	Ноттингем	Но́ттингем — город и унитарная единица в Великобритании, столица церемониального графства Ноттингемшир (Англия). Расположен на реке Трент. Население — 328 513 человек (2022).
2641181	Норидж	Но́ридж, Но́рвич — город (сити) на реке Уэнсум в Восточной Англии, расположенный приблизительно в 165 км к северо-востоку от Лондона. Является региональным административным центром Восточной Англии и главным городом графства Норфолк.
2641430	Нортгемптон	Нортге́мптон — город в Великобритании, административный центр английского графства Нортгемптоншир. Население — 225 146 человек (2018).
2641598	Ньюпорт	Нью́порт — третий по величине город Уэльса после Кардиффа и Суонси.
2642465	Милтон-Кинс	Милтон-Кинс — город на юго-востоке Великобритании в графстве Бакингемшир, находящийся в 72 км на северо-запад от Лондона. Административный центр унитарной единицы Милтон-Кинс.
2642607	Мидлсбро	Ми́длсбро — город, расположенный на южном берегу реки Тиса в графстве Северный Йоркшир, на северо-востоке Англии, крупный промышленный центр. Местной унитарной властью является Мидлсброский Городской совет.
2643123	Манчестер	Ма́нчестер — город и метрополитенский район в Северо-Западной Англии, графство Большой Манчестер. Более чем полумиллионный город имеет крупнейшую в регионе 2,8-миллионную агломерацию Большой Манчестер.
2643179	Мейдстон	Мейдстон — город в Великобритании, административный, промышленный и торговый центр графства Кент и одноимённого района. Население — 113 тыс. человек.
2643186	Мейденхед	Мейденхе́д — город в Великобритании.
2643339	Лутон	Лу́тон — город в Англии, выделенный в унитарную единицу, в южной части церемониального графства Бедфордшир.
2643490	Лоустофт	Ло́устофт — город в английском графстве Суффолк, административный центр района Уэвени, укрепленный морской порт на Северном море.
2643567	Лафборо	Ла́фборо — город в графстве Лестершир (Англия), административный центр района Чарнвуд. В 2004 году его население составляло 57 600 человек.
264371	Афины	Афи́ны — столица Греции. Располагается в исторической области Аттика и является экономическим, культурным и административным центром страны. Город назван в честь богини войны и мудрости Афины, которая была покровителем древнего полиса.
2643736	Лондондерри	Лондонде́рри, также Де́рри — город в северо-западной части Ольстера, административный центр одноимённого графства, крупный экономический центр и морской порт. Второй по населению город в Северной Ирландии после Белфаста и 5-й по населению на всём острове Ирландия.
2643743	Лондон	Ло́ндон — столица и крупнейший город Англии и Великобритании. Административно образует регион Англии Большой Лондон, разделённый на 33 самоуправляемых территории.
2644210	Ливерпуль	Ливерпу́ль, Ли́верпуль, также Ли́верпул — город в Великобритании в графстве Мерсисайд, порт на северо-западном побережье Англии, в устье реки Мерси.
2644411	Лисберн	Ли́сберн или Ли́збёрн — — город (city) в Северной Ирландии, расположен к юго-западу от Белфаста. Получил статус города наряду с городом Ньюри в 2002 году в честь Золотого юбилея пребывания королевы Елизаветы II на троне.
2644668	Лестер	Ле́стер — город и унитарная единица со статусом сити Сити-оф-Лестер в Великобритании, административный центр графства Лестершир. Расположен в регионе Восточный Мидленд.
2644688	Лидс	Лидс — город в Йоркшире, на реке Эр; третий по величине город Великобритании; 757,7 тыс. жителей, проживающих внутри городской черты, общее количество жителей в конурбации Уэст-Йоркшира составляет более двух миллионов человек.
2645425	Кингстон-апон-Халл	Ки́нгстон-апо́н-Халл или просто Халл — город и унитарная единица в Англии, в церемониальном графстве Ист-Райдинг-оф-Йоркшир.
2646003	Ислингтон	И́слингтон — район Большого Лондона. Является центральным районом в лондонском боро Ислингтон.
2646277	Илфорд	И́лфорд — пригородный район Лондона, административный центр округа Редбридж, расположенный в 9 милях к северо-востоку от Чаринг-кросса и играющий ключевую роль в разработанном в 2004 году плане развития Большого Лондона.
2646458	Хаддерсфилд	Ха́ддерсфилд — город в округе Керклис на западе графства Уэст-Йоркшир в Англии, неподалёку от слияния рек Кольн и Холм, в 310 километрах от Лондона и в 16,6 километра от Брадфорда, ближайшего крупного населённого пункта.
2646504	Хов	Хов или Хо́ув — город в Великобритании, в графстве Восточный Суссекс. Приморский курорт к западу от Брайтона, на берегу пролива Ла-Манш.
2646914	Хай-Уиком	Хай-Уиком — город на юго-востоке Англии, в графстве Бакингемшир, на расстоянии 47 км западнее Лондона. Является административным центром района Уиком.
2647138	Хемел-Хемпстед	Хемел-Хемпстед — город в графстве Хартфордшир, Англия. Часть агломерации Большого Лондона.
2647356	Гастингс	Гастингс, Хейстингс — город в графстве Восточный Суссекс Великобритании, образует одноимённый административный район (боро).
2647428	Харрогит	Харрогит, устар. Харрогейт, Харрогет — курортный город в Северном Йоркшире, Англия. Исторически город является туристическим центром, среди его достопримечательностей свои лечебные спа-воды и RHS Harlow Carr gardens.
2647461	Харлоу	Харлоу — город и одноимённый административный район в западной части графства Эссекс, на границе с графством Хартфордшир. Население — 77,5 тыс. человек (2004).
2647793	Гилфорд	Ги́лфорд — город в Юго-Восточной Англии, административный центр графства Суррей и одноимённого административного района (боро).
2648272	Госпорт	Го́спорт — город и порт в графстве Гэмпшир Великобритании, образует административный район (боро).
2648579	Глазго	Гла́зго — крупнейший город Шотландии и четвёртый по численности населения в Великобритании. Является административным центром округа Глазго-Сити.
2648773	Гейтсхед	Ге́йтсхед — город в графстве Тайн-энд-Уир на северо-востоке Англии, на южном берегу реки Тайн, является также главным городом метрополитенского района Гейтсхед. Находится напротив города Ньюкасл-апон-Тайн, с которым Гейтсхед связывают десять мостов, в том числе Мост Миллениум (Гейтсхед).
2648997	Фулем	Фу́лем — район Лондона, расположенный вдоль северного берега Темзы между Челси и Хаммерсмитом. Вместе с последним образует городской район Хаммерсмит и Фулем.
2649258	Фолкстон	Фолкстон — город и порт в Великобритании, в английском графстве Кент. Административный центр района Фолкстон-энд-Хайт.
2649808	Эксетер	Э́ксетер — главный город графства Девоншир в Юго-Западной Англии. Расположен на судоходной реке Экс, в 15 км выше её впадения в Ла-Манш.
2650225	Эдинбург	Эдинбу́рг — столица Шотландии и второй по величине её город.
2650497	Истборн	И́стборн — город в Англии в графстве Восточный Суссекс на побережье Ла-Манша, образует административный район (боро).
2650752	Данди	Данди́ — четвёртый по величине город в Шотландии. Административный центр округа Данди-Сити.
2650839	Дадли (Англия)	Да́дли — большой город в Англии, в графстве Уэст-Мидлендс, расположен в 6 милях к югу от города Вулверхэмптон и 8 милях к северо-западу от города Бирмингем, а также административный и финансовый центр Столичного округа Дадли.
2651123	Донкастер	До́нкастер — город в графстве Саут-Йоркшир северной Англии, административный центр района Донкастер. Население — 67 977 жителей.
2651347	Дерби (Англия)	Де́рби — город в Англии, выделенный в унитарную единицу со статусом «сити» в южной части церемониального графства Дербишир.
2651513	Дарлингтон	Да́рлингтон — город в Великобритании к юго-западу от города Мидлсбро.
2652221	Ковентри	Ко́вентри — город на востоке английского графства Уэст-Мидлендс, образует особый район со статусом сити Сити-оф-Ковентри.
2652381	Корби	Ко́рби — промышленный город и административный район в английском графстве Нортгемптоншир.
2652618	Колчестер	Ко́лчестер — город и одноимённый район в английском графстве Эссекс, на реке Колн, на вершине возвышенности, на которой и теперь ещё сохранились стены римского города Камулодунума и остатки старинных зданий. Считается древнейшим городом на Британских островах.
2653228	Честер	Че́стер — город со статусом сити в Англии, центр унитарной единицы Западный Чешир и Честер, в западной части церемониального графства Чешир, в 25 км к юго-юго-востоку от Ливерпуля; узловая станция многих железных дорог, недалеко от устья реки Ди у границы с Уэльсом. Окружён тремя километрами средневековых каменных стен…
2653261	Челтнем	Че́лтнем — крупный курорт и боро в графстве Глостершир, Англия, недалеко от Глостера и Сайренсестера. Население — 118 836 чел. (2021).
2653266	Челмсфорд	Че́лмсфорд — город в Англии, административный центр церемониального неметропольного графства Эссекс и одноимённого района со статусом сити.
2653305	Чатем (Англия)	Чатем — крупный город в Великобритании в графстве Кент, выросший вокруг важной верфи на реке Медуэй в 1568 году. Вместе с Джиллингемом и Рочестером, Чатем является частью агломерации Медуэй.
2653822	Кардифф	Карди́фф — крупнейший город и столица Уэльса. Является унитарной административной единицей со статусом сити, который был получен в 1905 году благодаря бурному росту промышленности в регионе и использованию Кардиффа в качестве главного порта для транспортировки угля из Уэльса.
2653941	Кембридж	Ке́мбридж — город в Великобритании, административный центр Восточной Англии и графства Кембриджшир, выделенный в отдельный район со статусом «сити» в южной части неметропольного графства Кембриджшир, один из старейших университетских центров Европы. В городе находится один из лучших университетов мира, с которым связан…
2654200	Бертон-апон-Трент	Бе́ртон-апон-Трент — город в Великобритании в центральной Англии, на крайнем востоке графства Стаффордшир, на реке Трент. Административный центр округа Ист-Стаффордшир.
2654264	Бернли	Бернли — город в графстве Ланкашир (Англия), административный центр района Бернли.
2654675	Бристоль	Бристо́ль или Бри́столь — город в Англии, унитарная единица со статусом «сити» и церемониальное графство. Крупный порт в Юго-Западной Англии в Великобритании, расположенный на реке Эйвон, недалеко от её впадения в Бристольский залив Атлантического океана.
2654710	Брайтон	Бра́йтон — город на южном побережье Англии в графстве Восточный Суссекс, на берегу пролива Ла-Манш. Удалён на 50 миль по железной дороге от Лондона.
2654993	Брадфорд	Бра́дфорд — город в Англии, в графстве Уэст-Йоркшир. Расположен в 14 километрах к западу от Лидса, и в 26 километрах к северо-западу от Уэйкфилд.
2655095	Борнмут	Бо́рнмут — город в графстве Дорсет, популярный среди англичан курорт на берегу Ла-Манша, на западе соседствующий с Пулом. Название переводится как «устье Борна».
2655459	Блэкпул	Блэ́кпул — город и унитарная единица на территории церемониального графства Ланкашира в регионе Северо-Западной Англии, на побережье Ирландского моря. Население — около 240 тыс. человек.
2655524	Блэкберн	Блэ́кберн — город в графстве Ланкашир в Северо-Западной Англии, административный центр унитарной единицы Блэкберн-уит-Даруэн.
2655603	Бирмингем	Би́рмингем — второй по населению город Великобритании, центр Средней Англии, выделенный в отдельный район со статусом «сити», в центре церемониального и метрополитенского графства Уэст-Мидлендс.
2655613	Беркенхед	Бе́ркенхед Биркенхед — город в графстве Мерсисайд Великобритании, входит в состав метрополитенского района (боро) Уиррел.
2655984	Белфаст	Бе́лфаст — город в Соединённом Королевстве, столица Северной Ирландии. Расположен на Ирландском море у устья реки Лаган.
2656046	Бедфорд	Бе́дфорд — город в Великобритании. Расположен на реке Грейт-Уз в Англии.
2656194	Базилдон	Ба́зилдон — город в графстве Эссекс, Англия. Центр одноименного района неметропольного графства.
2656719	Эйлсбери	Эйлсбери — город в Англии, главный город графства Бакингемшир и района Эйлсбери-Вейл.
2657832	Абердин	Аберди́н — главный морской и рыболовецкий порт Шотландии и её третий по величине город. Административный и культурный центр округа Абердин-Сити.
2657896	Цюрих	Цю́рих — город на севере Швейцарии. Столица немецкоязычного кантона Цюрих и административный центр одноимённого округа.
2657970	Винтертур	Ви́нтерту́р — город в северной части Швейцарии, окружной центр, находится в кантоне Цюрих. Входит в состав округа Винтертур.
2658822	Санкт-Галлен	Санкт-Га́ллен — город в восточной части Швейцарии, столица кантона Санкт-Галлен. Город расположен недалеко от Боденского озера на высоте примерно 700 метров над уровнем моря и является одним из самых высокогорных городов Швейцарии.
2659811	Люцерн	Люце́рн — город в Швейцарии, в центре Швейцарского плато, столица одноимённого немецкоязычного кантона Люцерн. Город находится на берегу озера Люцерн, у подножия горы Пилатус.
2659994	Лозанна	Лоза́нна — город на юго-западе Швейцарии, в её франкоязычной части, столица кантона Во и административный центр округа Лозанна.
266045	Захла	За́хла — административный центр мухафазы Бекаа в Ливане. Население около 100 000 жителей (2006)., это третий по величине город в Ливане после Бейрута и Триполи.
2660646	Женева	Жене́ва — город на юго-западе Швейцарии. Столица одноимённого франкоязычного кантона и административный центр одноимённой коммуны.
2661552	Берн	Берн — город федерального значения, де-факто столица Швейцарии и её второго по численности населения кантона Берн. Административный центр округа Берн-Миттельланд, официально именуемый «федеральным городом».
2661604	Базель	Ба́зель — город на северо-западе Швейцарии. Столица немецкоязычного полукантона Базель-Штадт и административный центр одноимённой коммуны.
2663536	Векшё	Ве́кшё — город на юге Швеции, расположенный в исторической провинции Смоланд. Административный центр лена Крунуберг.
2664454	Вестерос	Вестеро́с — город в Швеции, административный центр лена Вестманланд и одноименной коммуны. Расположен на берегу озера Меларен в устье реки Свартон.
2666199	Уппсала	У́ппсала (Упсала) — старинный город в Швеции, административный центр одноимённых лена и коммуны. Расположен в исторической провинции Уппланд в 70 км к северу от Стокгольма.
2673730	Стокгольм	Стокго́льм — столица и крупнейший город Швеции. Расположен на протоках, соединяющих озеро Меларен с Балтийским морем.
2676176	Сёдертелье	Сёдертелье — город в Швеции, фактически пригород Стокгольма.
268064	Сайда (город)	Са́йда — третий по величине город Ливана. Расположен на побережье Средиземного моря, в 40 км к северу от Тира и в 48 км к югу от Бейрута, столицы Ливана.
2686657	Эребру	Э́ребру, или Эребру́ , — город в Швеции, административный центр лена Эребру и коммуны Эребру. Расположен в исторической провинции Нерке, у западной оконечности озера Ельмарен.
2688368	Норрчёпинг	Но́ррчёпинг или Но́рчёпинг — город в Швеции, крупный промышленный центр в 170 км к югу от Стокгольма, в лене Эстергётланд. Центр одноимённой коммуны. Рост города пришёлся на период индустриализации в XIX веке, за что Норрчёпинг получил прозвище «шведский Манчестер».
2692969	Мальмё	Ма́льмё — третий по численности населения город Швеции. Расположен в её южном административном регионе — Сконе, административным центром которого он является.
2693678	Лунд	Лунд — город на юге Швеции, в лене Сконе, центр одноимённой коммуны. Название города переводится на русский язык как «роща».
2694762	Линчёпинг	Ли́нчёпинг — город в Швеции. Административный центр лена Эстергётланд и одноимённой коммуны.
2702979	Йёнчёпинг	Йёнчёпинг — город в южной части Швеции, на южной оконечности озера Веттерн. Является административным центром одноименного лена (округа) Йёнчёпинг.
2706767	Хельсингборг	Хельсингборг — город на юге Швеции в лене Сконе, центр одноимённой коммуны. Население на 2010 год — 97 122 жителя.
2708365	Хальмстад	Ха́льмстад — портовый, университетский, промышленный город в устье реки Ниссан, административный центр лена Халланд на юго-западе Швеции. Население города составляет 94 000 в 2016 году, с пригородами — более 90,000.
2711537	Гётеборг	Гётеборг, Йётеборг — город на юго-западе Швеции в лене Вестра-Гёталанд. Является вторым по населению городом в Швеции после Стокгольма и крупнейшим по площади.
2712414	Евле	Е́вле — город на востоке центральной Швеции, на берегу Ботнического залива Балтийского моря. Население — 93 509 (2009). Центр муниципалитета Евле и лена Евлеборг.
2715953	Эскильстуна	Эскильсту́на — город в центральной Швеции, центр одноимённой коммуны. Эскильстуна обрела статус города в 1659 году.
2720501	Бурос	Буро́с или Боро́с в старом написании — город на западе Швеции, в лене Вестра-Гёталанд, центр одноимённой коммуны. Расположен на реке Вискан бассейна Каттегата.
273140	Джуния	Джуния — портовый и курортный город в Ливане, на территории провинции Горный Ливан. Административный центр района Кесерван.
2732265	Визеу	Визе́у — город в Португалии, центр одноимённого округа и муниципалитета. Центр исторической провинции Бейра-Алта.
2732544	Вила-Нова-ди-Гая	Ви́ла-Но́ва-ди-Га́я — второй по величине город в Португалии, в составе округа Порту. Численность населения — 301,4 тыс.
2735943	Порту	По́рту — третий по величине город в Португалии, центр одноимённого округа и муниципалитета. Является центром крупной городской агломерации Большой Порту.
2740637	Коимбра	Кои́мбра — город в Португалии, центр одноимённого округа и муниципалитета, центр исторической провинции Бейра-Литорал.
2742032	Брага (город)	Бра́га — город в Португалии, центр одноимённого округа и муниципалитета. Находится в составе крупной городской агломерации Большое Минью.
2742611	Авейру	Аве́йру — город в Португалии, центр одноимённого округа и муниципалитета. Численность населения — 57 тыс.
2743477	Зволле	Зво́лле — город и община в Нидерландах, столица провинции Оверэйссел. В прошлом — ганзейский город. Лежит на реках Зварте Ватер и Эйссел.
2744118	Зандам	Зандам — город на западе Нидерландов, в провинции Северная Голландия, административный центр общины Занстад. Входит в агломерацию Рандстад.
2745641	Венло	Ве́нло — город в Нидерландах, центр одноимённой общины в провинции Лимбург.
2745912	Утрехт	У́трехт — город и община в центре Нидерландов, столица одноимённой провинции. Утрехт — крупнейший железнодорожный узел Нидерландов.
2746301	Тилбург	Тилбург — город и община в Нидерландах, в провинции Северный Брабант. Один из научных и образовательных центров страны.
2747351	Хертогенбос	Хе́ртогенбос — город и община в Нидерландах, административный центр провинции Северный Брабант, порт на канале Зёйд-Виллемсварт. Согласно данным на июнь 2008 года, численность населения составляет 137 777 человек.
2747373	Гаага	Гаа́га — город и община на западе Нидерландов, у берега Северного моря, резиденция нидерландского правительства и парламента, столица Южной Голландии и местопребывание королевского двора. В Гааге расположены крупные международные правовые органы: Международный суд ООН, Международный уголовный суд, Постоянная палата тре…
2747596	Схидам	Схидам — город и община в Нидерландах.
2747891	Роттердам	Роттерда́м — город и община в Нидерландах. Расположен в провинции Южная Голландия при впадении реки Ньиве-Маас в Северное море.
2747930	Розендаль	Розендаль — община в Германии, в земле Северный Рейн-Вестфалия.
2748413	Пюрмеренд	Пюрмере́нд — община и город в нидерландской провинции Северная Голландия. Расположена к северу от Амстердама.
2749234	Осс	Осс — город и община в нидерландской провинции Северный Брабант.
2750053	Неймеген	Не́ймеген, ранее Нимвеген — город в восточной части Нидерландов, в провинции Гелдерланд, на реке Ваал. Население — 179 тыс. жителей (2022).
2751283	Маастрихт	Маа́стрихт — город на юго-востоке Нидерландов, административный центр провинции Лимбург и общины Маастрихт. Население — 121 050 человек. Основан одновременно со строительством и у моста через реку Маас в I веке н.
2751738	Лелистад	Ле́листад — город и община в центральной части Нидерландов, столица провинции Флеволанд.
2751773	Лейден	Ле́йден — город и община в нидерландской провинции Южная Голландия на реке Старый Рейн. По состоянию на 2026 год, население города Лейден составляло 130 302 жителя.
2751792	Леуварден	Ле́уварден — город в Нидерландах, столица провинции Фрисландия, центр одноименной общины.
2753638	Хорн (Нидерланды)	Хорн (нид. ) — община и город в Нидерландах. Расположен в провинции Северная Голландия.
2754064	Хилверсюм	Хи́лверсюм — община и город в Нидерландах, на востоке провинции Северная Голландия, в местности Эт-Хой. На территории общины находится первая телевизионная станция страны — Nederland 1.
2754447	Хелмонд	Хелмонд — город и община в провинции Северный Брабант, Нидерланды. Население общины на 31 декабря 2010 года составляло 88 598 человек.
2754652	Херлен	Херлен — город и община в Нидерландах.
2755003	Харлем	Ха́рлем — город и община на западе Нидерландов, столица провинции Северная Голландия и часть конурбации Рандстад.
2755251	Гронинген	Гро́нинген — крупнейший город на севере Нидерландов, административный центр одноимённой провинции и одноимённой общины. Население — 243 833 человек. Гронинген — университетский город, в нём проживает около 50 000 студентов.
2755420	Гауда	Га́уда — исторический город и община в нидерландской провинции Южная Голландия, расположенный при слиянии рек Холландсе-Эйссел и Гауве. Население: 71 195 человек.
2756071	Энсхеде	Э́нсхеде, ранее — Энсхеде́ — город и община в Нидерландах в провинции Оверэйссел, находится в самой восточной части страны на границе с Германией. Община состояла из одного города до 1934 года, когда была присоединена община Лоннекер.
2756253	Эйндховен	Э́йндховен — город и община на юге Нидерландов. Крупнейший город провинции Северный Брабант и пятый по численности населения в Нидерландах.
2756987	Девентер	Де́вентер или Демтер — город и община в Нидерландах, на реке Эйссел; бывший ганзейский город.
2757345	Делфт	Делфт — город и община в Нидерландах, в провинции Южная Голландия, на полпути между Роттердамом и Гаагой. Расположен на реке Схи. Население по состоянию на декабрь 2017 года составляло 102 280 человек.
2758012	Капелле-ан-ден-Эйссел	Капелле-ан-ден-Эйссел — город и община в провинции Южная Голландия (Нидерланды).
2758401	Бреда	Бреда́ — город и община в Нидерландах, в провинции Северный Брабант со 170 491 жителем.
2759145	Берген-оп-Зом	Берген-оп-Зом — город и община на юго-западе Нидерландов, в провинции Северный Брабант, на речке Зом неподалёку от её пересечения каналом Остерсхельде. Площадь общины составляет 93,13 км², из них 13,04 км² — это водная поверхность, а 80,09 км² — суша.
2759633	Ассен	А́ссен — город и община в Нидерландах, административный центр провинции Дренте. Расположен в 23 км к югу от Гронингена.
2759661	Арнем	А́рнем — община и город на востоке Нидерландов. Является столицей провинции Гелдерланд и расположен на обоих берегах рек Недер-Рейн и Синт-Янсбек, которые были источником развития города.
2759706	Апелдорн	А́пелдорн — община в провинции Гелдерланд (Нидерланды). Административный центр — Апелдорн.
2759794	Амстердам	Амстерда́м — столица и крупнейший город Нидерландов. Согласно конституции Нидерландов, с 1814 года является столицей королевства, при этом правительство, парламент и верховный суд располагаются в Гааге.
2759821	Амерсфорт	А́мерсфорт — город и община в Нидерландах, в провинции Утрехт.
2759899	Алкмар	А́лкмар (нид. ) — община и город в Нидерландах, в провинции Северная Голландия. Расположен на канале Нордхолланд.
2761369	Вена	Ве́на — федеральная столица Австрии и одновременно одна из девяти федеральных земель Австрии, расположенная внутри другой земли, Нижней Австрии. Расположена в восточной части страны.
2766824	Зальцбург	За́льцбург — город в западной Австрии, столица федеральной земли Зальцбург. Четвёртый по величине город Австрии после Вены, Граца и Линца.
276781	Бейрут	Бейру́т — столица и крупнейший город Ливана. Расположенный на полуострове, в середине ливанского побережья Средиземного моря, он является крупнейшим и главным морским портом страны.
2772400	Линц	Линц — город в Австрии, административный центр федеральной земли Верхняя Австрия и округа Линц-Ланд. Третий по численности населения город в Австрии.
2774326	Клагенфурт-ам-Вёртерзе	Кла́генфурт-ам-Вёртерзе или просто Кла́генфурт — город на юге Австрии, административный центр федеральной земли Каринтия.
2775220	Инсбрук	И́нсбрук — город в Австрии, административный центр федеральной земли Тироль. Расположен на западе страны на берегу реки Инн.
2778067	Грац	Грац — город на юго-востоке Австрии на реке Муре, центр федеральной земли Штирия. Грац — второй по величине город страны, насчитывает более 270 тысяч жителей.
2785123	Уккел	У́ккел или Юкль — одна из девятнадцати коммун, образующих в совокупности Брюссельский столичный регион. Уккел расположен в южной части брюссельской агломерации.
2785341	Путешествие	Путеше́ствие — передвижение по какой-либо территории или акватории с целью их изучения, а также с общеобразовательными, познавательными, спортивными и другими целями.
2789786	Остенде	Осте́нде — крупнейший бельгийский город на берегу Северного моря, а также курорт с мировым именем в Западной Фландрии. Является конечной станцией государственной железной дороги Гент — Остенде.
2790471	Намюр	Намю́р — город в центре Бельгии, столица региона Валлония, административный центр одноименной валлонской провинции. Город расположен в 65 км к юго-востоку от Брюсселя, у впадения реки Самбра в Маас.
2790869	Монс	Монс — город в Бельгии, в 50 км к юго-западу от Брюсселя, административный центр провинции Эно. Расположен на канале Самбр — Шельда.
2791537	Мехелен	Ме́хелен — город и муниципалитет в Бельгии, в провинции Антверпен. Мехелен расположен между Брюсселем и Антверпеном.
2792413	Льеж	Льеж — город в Бельгии (Валлония), у слияния рек Маас и Урт, административный центр провинции Льеж. 194 тыс. жителей.
2792482	Лёвен	Лёвен, в русскоязычной литературе широко распространено также французское название Луве́н — один из университетских центров Бельгии, главный город провинции Фламандский Брабант. Город расположен к востоку от Брюсселя на реке Диль.
2794055	Кортрейк	Кортрейк, Куртрэ — исторический город в бельгийской провинции Западная Фландрия, на пересечении реки Лис (Лейе) и канала Лейе-Шельда. Население — 77 109 жит.. Входит в состав франко-бельгийской агломерации Большой Лилль.
2795011	Иксель	Э́лсене, или Иксе́ль — одна из девятнадцати коммун, образующих вместе Брюссельский столичный регион. Иксель расположен в центральной части брюссельской агломерации.
2796491	Хасселт	Ха́сселт — столица бельгийской провинции Лимбург, которая располагается на востоке северной части Бельгии — Фландрии. Население — 78 619 жителей (2020).
2797656	Гент	Гент — город во Фландрии, в Бельгии. Столица и самый большой город провинции Восточная Фландрия.
2800481	Шарлеруа	Шарлеруа́ — город в Бельгии, расположенный в провинции Эно, относящейся к валлонской части страны. Шарлеруа находится на реке Самбр, в 50 км южнее Брюсселя.
2800866	Брюссель	Брюссе́ль — столица Бельгии и Брюссельского столичного региона. В Брюсселе разместились учреждения Французского и Фламандского сообществ и Фландрии, штаб-квартира Евросоюза, офис НАТО, секретариат стран Бенилюкса.
2800931	Брюгге	Брю́гге — город в Бельгии, центр провинции Западная Фландрия. Население — 118 536 человек (2020).
2803138	Антверпен	Антве́рпен — город во Фламандском регионе Бельгии. Крупнейший город страны, самый большой город Фландрии.
2803201	Андерлехт	А́ндерлехт — одна из девятнадцати коммун, образующих Брюссельский столичный регион. Находится в западной части Брюссельской агломерации, граничит с семью коммунами : Моленбек-Сен-Жан, город Брюссель, Сен-Жиль, Форет, Дрогенбос, Синт-Питерс-Леув и Дилбек.
2803560	Цвиккау	Цвиккау — город земельного подчинения на востоке Германии, в государстве (земле) Свободное государство Саксония (Саксония).
280425	Алайх	Алайх — город в Ливане, на территории провинции Горный Ливан. Административный центр одноимённого района.
2805615	Вюрцбург	Вю́рцбург — город на северо-западе германской федеральной земли Бавария, расположенный на реке Майн. Один из исторических центров Франконии, столица местного виноделия.
2805753	Вупперталь	Вупперта́ль — город в Германии, в земле Северный Рейн-Вестфалия.
2806142	Вормс	Вормс — город земельного подчинения, расположенный на левом берегу Рейна на юго-западе Германии, на территории федеральной земли Рейнланд-Пфальц. Важный центр политической жизни средневековой Германии.
2807363	Виттен	Ви́ттен — город в Германии, в земле Северный Рейн-Вестфалия.
2808473	Вильмерсдорф	Ви́льмерсдорф — административный район в Берлине в составе округа Шарлоттенбург-Вильмерсдорф.
2808720	Вильгельмсхафен	Вильгельмсха́фен — город окружного подчинения на северо-западе Германии, в Нижней Саксонии. Население: 75,9 тыс. человек (2013).
2809346	Висбаден	Ви́сба́ден, лат. Aquae Mattiacae, Aquae Mattiacorum) — город в Германии, административный центр федеральной земли Гессен.
281124	Хан-Юнис	Хан-Ю́нис, Хан-Юнус — город на территории сектора Газа, в составе Палестины. Административный центр одноимённой провинции.
281129	Джебалия	Джебалия — город на севере сектора Газа.
281133	Газа	Га́за — крупнейший по населению город сектора Газа в составе Государства Палестина. Расположен на побережье Средиземного моря.
281184	Иерусалим	Иерусали́м — город на Ближнем Востоке, столица Израиля и де-юре столица Государства Палестина. Вопрос о принадлежности Восточного Иерусалима остаётся спорным и оспаривается многими международными организациями.
2812482	Веймар	Ве́ймар — город окружного подчинения в Германии, в федеральной земле Тюрингия. Население — 65,2 тысячи человек (2010).
2813472	Веддинг	Ве́ддинг — район Берлина в составе округа Митте.
2813635	Ваттеншайд	Ваттеншайд или Ваттеншейд — район города Бохум с 1 января 1975, до реформы по укрупнению городов являвшийся самостоятельным городом.
2817220	Филлинген-Швеннинген	Филлинген-Швеннинген — город на юго-западе Германии, районный центр, расположен в земле Баден-Вюртемберг.
2817311	Фирзен	Фирзен — город в Германии, районный центр, расположен в земле Северный Рейн-Вестфалия.
2817724	Фельберт	Фельберт — город в Германии, в земле Северный Рейн-Вестфалия.
2820087	Унна	У́нна — город в Германии, районный центр, расположен в земле Северный Рейн-Вестфалия.
2820256	Ульм	Ульм — город в Германии, в земле Баден-Вюртемберг, на реке Дунай, примерно в 70 километрах к юго-востоку от Штутгарта и 120 километрах к северо-западу от Мюнхена. Город с населением около 120 тысяч человек составляет городской округ и является административным центром района Альб-Дунай.
2820860	Тюбинген	Тю́бинген — старинный город в Германии, в земле Баден-Вюртемберг. Административный центр одноимённого округа.
2821029	Тросдорф	Тро́сдорф — город в Германии, в земле Северный Рейн-Вестфалия. Подчинён административному округу Кёльн.
2821164	Трир	Трир — немецкий город на западе земли Рейнланд-Пфальц, недалеко от границы с Люксембургом; старейший город Германии. Основан в 16 году до н. э. римским императором Октавианом Августом рядом со святилищем племени треверов, откуда и произошло название города — «Августа Треверорум».
2825297	Штутгарт	Шту́тгарт — столица и крупнейший город земли Баден-Вюртемберг, Германия. Население — около 630 тысяч человек, город занимает по этому показателю шестое место в стране.
282615	Наблус	На́блус, Шхем — город на Западном берегу реки Иордан, в Палестине, в исторической области Самария, административный центр провинции Наблус.
2829109	Штеглиц	Ште́глиц — район в шестом административном округе Берлина Штеглиц-Целендорф. Район расположен на юго-западе Берлина и граничит на юге с районами Ланквиц, Лихтерфельде и Далем, на севере — Фриденау, Шёнеберг и Темпельхоф.
2831580	Золинген	Зо́линген — город окружного подчинения в административном округе Дюссельдорф. Бывший ганзейский город. Следуя за Вупперталем по количеству жителей, он является вторым по численности из четырёх больших городов Бергской земли.
2832495	Зиген	Зиген — город в Германии, в земле Северный Рейн — Вестфалия. Центр района Зиген-Виттгенштайн административного округа Арнсберг.
2834282	Шверин	Швери́н — город в Германии, административный центр федеральной земли Мекленбург-Передняя Померания, где имеет статус внерайонного города. Располагается среди системы озёр, главным из которых является Шверинер-Зе
2842150	Зальцгиттер	Зальцгиттер — город в Германии, в земле Нижняя Саксония. Население — 98,1 тыс. жителей (2013).
2842647	Саарбрюккен	Саарбрю́ккен — город на западе Германии, административный центр земли Саар и одноимённого района. Расположен непосредственно на границе с Францией.
2844588	Росток	Ро́сток — город в Германии, крупнейший на территории федеральной земли Мекленбург-Передняя Померания, где имеет статус внерайонного города как ганзе́йский го́род Ро́сток. Росток был самым крупным портом ГДР и центром восточногерманского судостроения.
2847645	Райне	Райне — город в Германии, в земле Северный Рейн-Вестфалия.
2847736	Ройтлинген	Ройтлинген, устар. Рейтлинген — город в Германии (ФРГ), районный центр, расположен в земле Баден-Вюртемберг.
2848273	Ремшайд	Ремшайд — город в Германии, в земле Северный Рейн-Вестфалия. Расположен на левом берегу реки Вуппер.
2849483	Регенсбург	Ре́генсбург — город в Германии, в земле Бавария. Расположен на слиянии Дуная и Регена, в самом северном изгибе Дуная.
2849647	Рекклингхаузен	Рекклингха́узен — город в Германии, который расположен на северной окраине Рурской области на северо-западе федеральной земли Северный Рейн-Вестфалия и является центром одноименного округа.
2850174	Ратинген	Ра́тинген — город в Германии, в земле Северный Рейн-Вестфалия.
285066	Хеврон	Хевро́н или Эль-Хали́ль — крупнейший город в южной части Западного берега реки Иордан, столица палестинской провинции Хеврон. Расположен в 30 километрах южнее Иерусалима на высоте 927 метров над уровнем моря.
2852217	Пренцлауэр-Берг	Пренцла́уэр-Берг — район Берлина. Пренцлауэр-Берг был самостоятельным и независимым городским округом со времени образования Большого Берлина в 1920 году, но после административной реформы 2001 года Пренцлауэр-Берг объединили с другими северо-восточными районами столицы Германии в новый самый большой по численности нас…
2852458	Потсдам	Потсда́м — город в Германии, столица федеральной земли Бранденбург, где имеет статус внерайонного города. Расположен на реке Хафель и на берегах нескольких соединённых между собой озёр, в 20 км к юго-западу от центра Берлина.
2853292	Плауэн	Пла́уэн — город в Германии, в Саксонии, недалеко от границы с Чехией.
2853969	Пфорцхайм	Пфо́рцхайм — город на западе германской земли Баден-Вюртемберг. Из-за своего расположения и уходящей в глубокое прошлое традиции ювелирных ремёсел Пфорцхайм нередко называют воротами в Шварцвальд или золотым городом.
2855745	Падерборн	Падербо́рн — город в Германии, расположенный на северо-востоке земли Северный Рейн-Вестфалия. До 1802 года был столицей Падерборнского княжества-епископства.
2860410	Оберхаузен	О́берхаузен — город земельного подчинения на западе Германии, в федеральной земле Северный Рейн-Вестфалия, в западной части Рурского региона на реке Эмшер. Население — 212,6 тыс. человек (2011); в 2000 г.
2861650	Нюрнберг	Ню́рнберг — город в Германии, расположенный на севере центральной части Баварии, на реке Пегниц. Нюрнберг является вторым по численности городом Баварии и 14-м по Германии.
2862026	Нордерштедт	Нордерштедт — город в Германии, в земле Шлезвиг-Гольштейн.
2863840	Нойвид	Нойви́д — город в Германии, центр земельного района Нойвид, расположен на севере земли Рейнланд-Пфальц.
2864118	Нойс	Нойс — город на западе Германии, в Северном Рейне-Вестфалии. Столица и крупнейший город района Рейн-Нойс.
2864475	Ноймюнстер	Ноймюнстер — город в Германии, город земельного подчинения, расположен в земле Шлезвиг-Гольштейн. Расположен в 70 километрах к северу от Гамбурга и в 30 километрах к югу от Киля.
286621	Салала	Салала — второй по населению город Омана, административный центр южной провинции Дофар.
2867543	Мюнстер	Мю́нстер — город земельного подчинения в Германии, в земле Северный Рейн-Вестфалия.
2867714	Мюнхен	Мю́нхен — город на реке Изар на юге Германии, в федеральной земле Бавария. Внерайонный город, одновременно являющийся административным центром Баварии и административного округа Верхняя Бавария.
2867838	Мюльхайм-ан-дер-Рур	Мю́льхайм-ан-дер-Рур — город в Германии, в земле Северный Рейн-Вестфалия.
286987	Назва	Назва́ — крупнейший город и административный центр провинции Эд-Дахилия Султаната Оман. Назва находится в 164 км от столицы Маската.
2869894	Мёнхенгладбах	Мёнхенгла́дбах — внерайонный город на западе земли Северный Рейн-Вестфалия. Город, классифицируемый как региональный центр, расположен в административном округе Дюссельдорф и также является частью Рейнско-Рурского столичного региона.
2870221	Мёрс	Мёрс — город в Германии, районный центр, ганзейский город, расположен в земле Северный Рейн-Вестфалия.
2870310	Моабит	Моаби́т — район в центре Берлина. С 2001 года входит в состав укрупнённого округа Берлин-Митте, до административной реформы входил в состав округа Тиргартен, который в результате укрупнения округов был включён в округ Митте.
2871039	Минден	Ми́нден — город районного подчинения в Германии, является центром восточно-вестфальского района Минден-Любекке и подчинён административному округу Детмольд. Население — около 84 тысяч человек.
287286	Маскат	Маска́т — столица и крупнейший мегаполис Омана, также место расположения правительства и крупнейший город одноимённого губернаторства. В состав мегаполиса, площадь которого составляет почти 3500 км², входят 6 вилайетов.
2873263	Марль	Марль — город в Германии, в земле Северный Рейн-Вестфалия. Подчинён административному округу Мюнстер.
2873759	Марбург	Ма́рбург — университетский город в Германии, центр района Марбург-Биденкопф в земле Гессен с населением примерно 73 тысяч человек. Город расположен на реке Лан. Сегодня он является центром области Средний Гессен.
2873891	Мангейм	Ма́нгейм — город в Германии, третий по величине город в земле Баден-Вюртемберг, центр 2,5-миллионной агломерации «Треугольник Рейн-Неккар».
2874225	Майнц	Майнц — город в Германии, столица земли Рейнланд-Пфальц. Население — 223 318 человек (2023).
2874545	Магдебург	Магдебу́рг — город в Германии, столица земли Саксония-Анхальт.
2875107	Люнен	Люнен — город в Германии, в земле Северный Рейн-Вестфалия.
2875115	Люнебург	Лю́небург — город Германии в Нижней Саксонии в 50 км к юго-востоку от Гамбурга. Центр одноимённого района. Через Люнебург протекает река Ильменау, приток Эльбы.
2875376	Людвигсхафен-ам-Райн	Людвигсхафен-ам-Райн : город в Германии, расположен в земле Рейнланд-Пфальц. Второй по величине в Рейнланд-Пфальц, важный индустриальный и экономический центр.
2875392	Людвигсбург	Людвигсбург — город в Германии, районный центр, расположен в земле Баден-Вюртемберг.
2875457	Люденшайд	Люденшайд — город в Германии, районный центр, расположен в земле Северный Рейн-Вестфалия.
2875601	Любек	Лю́бек — город на севере Федеративной Республики Германия на юго-востоке земли (государства) Шлезвиг-Гольштейн, и порт на Балтийском море вблизи устья реки Траве.
2878234	Леверкузен	Леверку́зен — внерайонный город и средний центр, расположенный на юге земли Северный Рейн-Вестфалия. Город относится к административному округу Кёльна, географически расположен на исторической территории Бергишес-Ланд и Рейнской области.
2879139	Лейпциг	Ле́йпциг — город в Германии, расположенный на западе федеральной земли Саксония.
2881485	Ландсхут	Ла́ндсхут — город в Баварии, Германия, на реке Изар, административный центр региона Нижняя Бавария. Железнодорожная станция. К Ландсхуту ведёт автобан A92.
2884161	Кройцберг	Кройцберг — район в составе административного округа Фридрихсхайн-Кройцберг в Берлине. До административной реформы 2001 года Кройцберг, как и Фридрихсхайн, был самостоятельным округом Берлина, а после укрупнения округов в 2001 году получил статус района в пределах округа.
2884509	Крефельд	Кре́фельд — город земельного подчинения в Германии, расположен в федеральной земле Северный Рейн-Вестфалия.
2885656	Кёпеник	Кёпеник — административный район Берлина на юго-востоке города в составе административного округа Трептов-Кёпеник, расположенный у слияния Шпрее с Даме. До административной реформы 2001 года Кёпеник являлся самостоятельным административным округом, в состав которого помимо территории нынешнего района Кёпеник входили и…
2885679	Констанц	Ко́нстанц — город в Германии, на Боденском озере, на границе со Швейцарией. Центр одноимённого района административного округа Фрайбург федеральной земли Баден-Вюртемберг.
2886242	Кёльн	Кёльн — город в Федеративной Республике Германия, в земле Северный Рейн-Вестфалия. Город-миллионник Кёльн является четвёртым по населению и третьим по площади городом Германии, а также одним из крупнейших экономических и культурных центров страны.
2886946	Кобленц	Ко́бленц — город на западе Германии (ФРГ), в федеральной земле Рейнланд-Пфальц.
288967	Эс-Сиб	Сиб (Эс-Сиб) — город, административный центр региона Маскат Султаната Оман, а также одноименного вилайета. Является частью агломерации Маскат.
2892518	Кассель	Ка́ссель — город в Германии, имеющий статус внерайонного города, административный центр округа Кассель в федеральной земле Гессен.
2892794	Карлсруэ	Ка́рлсруэ — город в Германии, в земле Баден-Вюртемберг, расположенный в окрестностях реки Рейн недалеко от французско-немецкой границы.
2894003	Кайзерслаутерн	Кайзерсла́утерн — город в Германии на юго-западе земли Рейнланд-Пфальц, на краю Пфальцского леса. В прошлом — одна из императорских резиденций («кайзерпфальцев») на территории Курпфальца.
2895669	Изерлон	Изерлон — город в Германии, в земле Северный Рейн — Вестфалия.
2895992	Ингольштадт	И́нгольштадт — город в Германии, в земле Бавария, на реке Дунай. Население — около 142 000 жителей (2023 год).
290030	Доха	До́ха — столица и крупнейший город арабского государства Катар, расположенный у побережья Персидского залива. Административный центр муниципалитета Ад-Доха.
290104	Ситра	Ситра — город в королевстве Бахрейн. Входит в состав Центральной мухафазы.
290340	Манама	Мана́ма — столица и главный экономический центр королевства Бахрейн. В его агломерации проживает около 635 тыс.
2904789	Хильдесхайм	Хи́льдесхайм — город в Германии, центр одноимённого района Хильдесхайм земли Нижняя Саксония. Расположен в 25 километрах юго-восточнее Ганновера.
2905560	Хертен	Хертен — город в Германии, в земле Северный Рейн-Вестфалия.
2905891	Херне	Херне — город в Германии, в земле Северный Рейн-Вестфалия. Находится между городами Бохум и Гельзенкирхен.
2906121	Херфорд	Хе́рфорд — город в Германии, районный центр, ганзейский город, расположен в земле Северный Рейн-Вестфалия.
2907669	Хайльбронн	Хайльбро́нн, ранее Гейльброн — город, в плодородной равнине, на реке Неккар, земля (государство) Баден-Вюртемберг, в Германии (ФРГ).
2907911	Гейдельберг	Ге́йдельберг — город в Германии, на северо-западе земли Баден-Вюртемберг. Пятый по величине город земли Баден-Вюртемберг с населением около 160 000 жителей (2018).
2910831	Ганновер	Ганно́вер — административный центр и самый крупный город Нижней Саксонии, земли Федеративной Республики Германии.
2911240	Хамм	Хамм — город земельного подчинения на западе Германии, в федеральной земле Северный Рейн-Вестфалия. Население — 180 761 тыс. человек (2023).
2911285	Вандсбек	Ва́ндсбек — один из 7 районов Гамбурга (Германия) с населением в 409 тыс. жителей.
2911293	Аймсбюттель	А́ймсбюттель — один из 7 районов Гамбурга с населением в 246 тыс. жителей.
2911296	Альтона	Альтона — один из 7 районов города Гамбурга в Германии. Расположен на правом берегу реки Эльба.
2911298	Гамбург	Га́мбург — город на севере Германии. Во́льный и ганзе́йский город Га́мбург является одной из земель Германии.
2911522	Галле (город, Германия)	Га́лле, иногда Ха́лле — город в Германии, расположенный на реке Зале.
2912621	Хаген	Ха́ген — город земельного подчинения на западе Германии, в федеральной земле Северный Рейн-Вестфалия, на юго-востоке Рурского региона. Хаген часто называют воротами Зауэрланда, поскольку он граничит с северо-западной частью этого региона.
2913366	Гютерсло	Гю́терсло — город в Германии, районный центр, расположен в земле Северный Рейн-Вестфалия.
2917540	Гревенброх	Гревенбро́х — город в Германии, в земле Северный Рейн-Вестфалия.
2918632	Гёттинген	Гёттинген — университетский город на юге земли Нижняя Саксония в Германии.
2920236	Гладбекк	Гладбекк — город в Германии, в земле Северный Рейн-Вестфалия.
2920512	Гисен	Ги́сен — город в Германии, университетский город, расположен в земле Гессен. Подчинён административному округу Гисен.
2921466	Гельзенкирхен	Гельзенки́рхен — город земельного подчинения на западе Германии, в земле Северный Рейн-Вестфалия. Расположен в северной части Рурской области, входит в административный округ Мюнстер.
292223	Дубай	Дуба́й — крупнейший город Объединённых Арабских Эмиратов и глубоководный морской порт, административный центр одноимённого эмирата, важнейший торговый и финансовый центр ОАЭ и всего Ближнего Востока. Расположен на берегу Персидского залива.
2923544	Фюрт (район)	Фюрт — район в Германии. Центр района — город Цирндорф. Район входит в землю Бавария. Подчинён административному округу Средняя Франкония.
2924573	Фридрихсхайн	Фридрихсха́йн — административный район Берлина в составе округа Фридрихсхайн-Кройцберг. До административной реформы, проведённой в Берлине в 2001 году, являлся самостоятельным административным округом.
2925177	Фрайбург-им-Брайсгау	Фра́йбург-им-Бра́йсгау, часто без уточнений — Фрайбург, Фрейбург (уст.) — город в Германии, традиционный центр региона Брейсгау (Брайсгау) и Верхнерейнской низменности.
2925533	Франкфурт-на-Майне	Фра́нкфурт-на-Ма́йне — город в ФРГ, крупнейший город земли Гессен.
2926271	Фленсбург	Фле́нсбург — самый северный в Германии город земельного подчинения, расположен в земле Шлезвиг-Гольштейн. Фленсбург — третий по величине город этой федеральной земли после Киля и Любека и центр региона Южный Шлезвиг.
2928751	Эслинген-ам-Неккар	Э́слинген-ам-Не́ккар — город в Германии, районный центр, расположен в земле Баден-Вюртемберг. Подчинён административному округу Штутгарт.
2928810	Эссен	Э́ссен — город земельного подчинения на западе Германии (ФРГ), в федеральной земле Северный Рейн-Вестфалия (СР-В).
292913	Эль-Айн	Эль-Айн — четвёртый по численности город в Объединённых Арабских Эмиратах.
2929567	Эрланген	Э́рланген — город в Германии, в земле Бавария, на реке Регниц. Вместе с Нюрнбергом, Фюртом и несколькими малыми городами составляет Среднефранконскую агломерацию.
2929670	Эрфурт	Э́рфурт — город в Германии, административный центр федеральной земли Тюрингия. Расположен в центре Тюрингии, в долине реки Геры.
292968	Абу-Даби	А́бу-Да́би, вариант ударения Абу́-Да́би, также — А́бу-За́би — столица Объединённых Арабских Эмиратов и эмирата Абу-Даби. Политический, промышленный, торговый и культурный центр страны, его вклад в ВВП ОАЭ превышает 56 % (2008).
293253	Яффа	Я́ффа, Я́ффо, Я́фо, Ио́ппия — древний портовый город на восточном побережье Средиземного моря, сегодня расположен в Израиле и является частью Тель-Авива-Яффы.
293397	Тель-Авив	Тель-Ави́в — город в Израиле на восточном побережье Средиземного моря, второй в Израиле по численности населения, экономический и культурный центр страны. Находится в 65 км к северо-западу от столицы Израиля — Иерусалима.
2934246	Дюссельдорф	Дюссельдо́рф — город на западе Германии, в Рейнско-Рурском регионе, административный центр федеральной земли Северный Рейн-Вестфалия и резиденция земельного правительства округа Дюссельдорф. Население — 629 567 человек (2023).
2934486	Дюрен	Дю́рен — город на западе Германии, недалеко от границы с Бельгией и Нидерландами. Население — 92 820 чел. (2010).
2934691	Дуйсбург	Ду́йсбург — город окружного подчинения на западе Германии, в земле Северный Рейн-Вестфалия, близ Дюссельдорфа. К концу 2011 года население Дуйсбурга составляло 487,5 тыс.
2935022	Дрезден	Дре́зден — город в Германии, столица Саксонии, на реке Эльбе примерно в сорока километрах от границы с Чехией. Является одним из крупнейших центров промышленности, транспорта и культуры Германии.
2935517	Дортмунд	До́ртмунд — город земельного подчинения на западе Германии, в федеральной земле Северный Рейн-Вестфалия. Население — 585 352 человека. Является крупнейшим городом — частью 5-миллионной конурбации-мегалополиса Рурской области и вторым по размеру городом в 10-миллионном конгломерате городов Рейнско-Рурского региона.
2935530	Дорстен	Дорстен — город в Германии, в земле Северный Рейн-Вестфалия.
293703	Ришон-ле-Цион	Ришо́н-ле-Цио́н — город, расположенный в центре Израиля, в прибрежной полосе Средиземного моря, в 7 км к югу от Тель-Авива. Это поселение было основано несколькими еврейскими семьями-репатриантами из Российской империи в 1882 году, и также было первым поселением, которое было полностью построено евреями-сионистами, и,…
293725	Реховот	Рехо́вот — город в Центральном округе Израиля, в 20 км к юго-востоку от Тель-Авива.
293768	Рамла	Ра́мла — город в Израиле, находящийся на Израильской прибрежной равнине и относящийся к Центральному административному округу. Является центром административного подокруга Рамла.
293788	Рамат-Ган	Рама́т-Ган — город в центральной агломерации Израиля Гуш-Дан, к востоку от Тель-Авива, близ городов Гиватаим, Бней-Брак, Кирьят-Оно и Гиват-Шмуэль.
2937959	Дессау	Де́ссау — бывший город земельного подчинения, расположенный в земле Саксония-Анхальт в Германии. С 1 июля 2007 года входит в состав нового города Дессау-Рослау, полученного путём слияния Дессау и соседнего города Рослау.
2938323	Дельменхорст	Де́льменхорст — город в Германии, город земельного подчинения, расположен в земле Нижняя Саксония.
2938913	Дармштадт	Да́рмштадт — город в Германии, расположенный в южной части федеральной земли Гессен. В 1997 году Дармштадт получил официальный статус наукограда.
293918	Петах-Тиква	Пе́тах-Тиква́ — один из крупнейших израильских городов, относящийся к агломерации Гуш-Дан, расположен примерно в 10 км к востоку от Тель-Авива. Административно относится к Центральному административному округу.
2939811	Котбус	Ко́тбус, также Хо́чебуж и Хо́цебуж — город на востоке Германии, на реке Шпре. Второй по величине город земли Бранденбург, где имеет статус внерайонного города.
2940132	Хемниц	Хе́мниц, Ке́мниц — город в Германии, в федеральной земле Саксония. Центр дирекционного округа Хемниц.
2940213	Целле	Це́лле — город в Германии, в федеральной земле Нижняя Саксония. Центр округа Целле. Город расположен в южной части Люнебургской пустоши на берегах реки Аллер.
2940231	Кастроп-Рауксель	Кастроп-Рауксель — небольшой город в Германии. До 1975 — внерайонный. Занимает площадь 51,66 км².
294071	Нетания	Нета́ния — город в Израиле, на берегу Средиземного моря, 6-й по численности населения город в стране.
294098	Назарет	Назаре́т — город в Галилее, на севере Израиля; священный христианский город, третий по значимости после Иерусалима и Вифлеема. Здесь, согласно Евангелию, совершилось Благовещение и прошли детство и юность Иисуса Христа.
294421	Лод	Лод — город в Израиле, расположенный в 20 км юго-восточнее Тель-Авива, в Центральном округе страны. Центр национальной аэрокосмической индустрии; рядом расположен крупнейший в стране аэропорт имени Давида Бен-Гуриона.
2944368	Бремерхафен	Бремерха́фен — город на северо-западе Германии. Вместе с находящимся в 60 километрах от него Бременом образует землю Вольный ганзейский город Бремен.
2944388	Бремен	Бре́мен — город на северо-западе Германии.
2945024	Брауншвейг	Бра́уншвейг, Бра́уншвайг, н.-нем. Bronswiek, Brunswiek, Brönswiek ) — крупный город в Северной Германии на юго-востоке федеральной земли Нижняя Саксония.
294514	Кфар-Сава	Кфар-Сава́ — город в Израиле, находится в Центральном округе, в южной части долины Шарон. Статус города получил 1 апреля 1962 года.
2945756	Ботроп	Ботроп, также Бо́ттроп — город в Германии, в земле Северный Рейн-Вестфалия. Находится в Рурской области рядом с городами Эссен, Оберхаузен, Гладбек и Дорстен.
2946447	Бонн	Бонн — город в Германии, в земле Северный Рейн-Вестфалия, на реке Рейне. Население — 323 336 чел. На 31 декабря 2024 год.
2947416	Бохум	Бо́хум — город в Германии, один из четырёх центров Рурского региона в земле Северный Рейн-Вестфалия.
2947421	Бохольт	Бохольт — город в Германии, в земле Северный Рейн-Вестфалия. Подчинён административному округу Мюнстер.
294751	Холон (город)	Холо́н — крупный город в центре Израиля, в Тель-Авивском округе. Входит в агломерацию Гуш-Дан. Город знаменит крупной промышленной зоной, большой культурной программой муниципалитета и сельскохозяйственной академией.
294778	Герцлия	Герцли́я — город в Израиле между Тель-Авивом и Нетанией. Курорт.
294801	Хайфа	Ха́йфа — третий по величине город Израиля после Иерусалима и Тель-Авива, со смешанным еврейско-арабским населением, достигшим в 2024 году 296 187 человек. Хайфа является административным центром Хайфского округа, третьего по величине в Израиле.
2949186	Билефельд	Би́лефельд — город земельного подчинения на северо-востоке земли Северный Рейн-Вестфалия, Германия. С населением более чем 320 000 жителей, является крупнейшим городом региона Оствестфален-Липе и его экономическим центром.
294946	Хадера	Хаде́ра — город в Израиле.
2950159	Берлин	Берли́н — столица и крупнейший город Германии, первый по населению и второй по площади город Евросоюза. Город также является одной из земель Германии, занимая третье место с конца по площади в стране.
2950349	Бергиш-Гладбах	Бергиш-Гладбах — город в Германии, в земле Северный Рейн-Вестфалия. Находится на противоположном от Кёльна берегу Рейна.
2951825	Байройт	Ба́йройт, также Байрёйт — город земельного подчинения в Германии, расположен на территории земли Бавария.
2952984	Бамберг	Ба́мберг — город окружного подчинения в Верхней Франконии, земля Бавария, Германия. Расположен у реки Регниц. Университетский центр, кафедра католического архиепископа.
2954172	Аугсбург	А́угсбург — университетский город на юго-западе Свободного государства Бавария.
295432	Бейт-Шемеш	Бейт-Шемеш, — город в Израиле. Находится в Иерусалимском округе. В 22 км от города находится национальный парк Бейт-Гуврин-Мареша.
295514	Бней-Брак	Бней-Брак — город в Израиле, находится в Тель-Авивском округе, входит в агломерацию Гуш-Дан, примыкает к Тель-Авиву с востока.
2955272	Ашаффенбург	Аша́ффенбург — университетский город районного значения в Германии, в земле Бавария. Подчинён административному округу Нижняя Франкония.
295530	Беэр-Шева	Беэ́р-Шева́ — город на юге Израиля.
295548	Бат-Ям	Бат-Ям — город в Тель-Авивском округе Израиля, расположенный на побережье Средиземного моря к югу от Яффы. Граничит с городами Холон, Ришон-ле-Цион и Тель-Авив.
295620	Ашкелон	Ашкело́н — город на юго-западе Израиля, расположенный на побережье Средиземного моря.
295629	Ашдод	Ашдо́д — шестой по численности населения город в Израиле, расположенный в Южном округе страны на побережье Средиземного моря, на южной прибрежной равнине. Ашдод располагается к югу от Явне, к северу от Ашкелона и к западу от Ган-Явне, в тридцати километрах к югу от мегаполиса Гуш-Дан.
2960316	Люксембург (город)	Люксембу́рг — столица и крупнейший город Люксембурга.
2962943	Лимерик	Ли́мерик — город-графство в Ирландии, находится на границе графств Лимерик и Клэр. Крупный торговый и административный центр, третий по числу жителей город в Ирландии.
2964180	Голуэй	Го́луэй — город в Ирландии, находится в графстве Голуэй, административным центром которого является, а также порт на берегу залива Голуэй, в устье реки Корриб.
2964574	Дублин	Ду́блин — город-графство в Республике Ирландия, столица страны. Главный порт страны, расположенный у побережья Ирландского моря.
2965140	Корк	Корк — второй по величине город Ирландии. Расположен на юго-западе страны на расстоянии 253 км от столичного города Дублина.
296562	Йозгат	Йозгат — город и район в центральной Турции, административный центр ила Йозгат. По состоянию на 2011 год в городе проживало 76 745 человек и 96 350 в районе.
2969679	Версаль	Верса́ль — дворцово-парковый ансамбль во Франции, бывшая резиденция французских королей в городе Версаль, ныне являющемся пригородом Парижа; центр туризма мирового значения.
2972191	Тур (город)	Тур — город во Франции на реке Луаре, в месте слияния её с рекой Шер. Административный центр департамента Эндр и Луара.
2972284	Туркуэн	Туркуэ́н — коммуна во Франции, регион О-де-Франс, департамент Нор, округ Лилль, кантоны Туркуэн-1 и Туркуэн-2. Третий по численности населения город департамента, расположен на границе с Бельгией, в 11 км к северо-востоку от Лилля.
2972315	Тулуза	Тулу́за — город на юге Франции, столица региона Окситания и префектура департамента Верхняя Гаронна и округа Тулуза. Один из самых крупных культурных, научных и промышленных центров Франции; четвёртый по населению город после Парижа, Марселя и Лиона.
2972328	Тулон	Туло́н — город и коммуна на Лазурном берегу Средиземного моря, у подножья горы Фарон, коммуна на юго-востоке Франции в регионе Прованс — Альпы — Лазурный берег, департамент Вар. Город является префектурой департамента Вар, округа Тулон и четырёх кантонов: Тулон-1, Тулон-2, Тулон-3, Тулон-4.
2973783	Страсбург	Стра́сбу́рг, или Стра́сбу́р, Штра́сбу́рг — город и коммуна на востоке Франции, историческая столица Эльзаса и префектура департамента Нижний Рейн.
2980291	Сент-Этьен	Сент-Этье́н — город и коммуна во Франции, административный центр департамента Луара региона Рона-Альпы. Население — 176,8 тыс. жителей (2004).
2982652	Руан	Руа́н — историческая столица Нормандии, ныне центр региона Нормандия и префектура департамента Приморская Сена на севере Франции.
2982681	Рубе	Рубе́ — коммуна во Франции, регион О-де-Франс, департамент Нор, округ Лилль, кантоны Рубе-1 и Рубе-2. Второй по численности населения город департамента, расположен на одноимённом канале, у самой бельгийской границы, в 11 км к востоку от Лилля.
298299	Ушак	У́шак — город в Турции, административный центр одноимённого ила. Население — 176 717 чел.. Мэр города — Али Эрдоган.
298333	Эдесса	Э́десса — древний город на юго-востоке Турции. Современное название города Шанлыурфа.
2983990	Рен	Рен или Ренн — город и коммуна во Франции, префектура департамента Иль и Вилен и административный центр региона Бретань. Город расположен на западе Франции, в 308 км от Парижа, в месте слияния рек Иль и Вилен.
2984114	Реймс	Реймс — город и коммуна на северо-востоке Франции, расположенный в департаменте Марна в регионе Гранд-Эст. Вплоть до 2016 года, даты земельной реформы во Франции, входил в регион Шампань — Арденны, где был самым многонаселённым городом, не являясь при этом ни префектурой департамента, ни столицей региона.
2986495	Пуатье	Пуатье́ — главный город французского департамента Вьенна, исторический центр области Пуату. Лежит на известковом плато, которое омывается с востока и севера рекой Клэн и с запада рекой Буавр.
2987914	Перпиньян	Перпинья́н — город во Франции на реке Тет, административный центр департамента Восточные Пиренеи. Расположен на равнине между Пиренеями и горами Корбьер в 13 км от берега Средиземного моря и в 31 км к северу от французско-испанской границы.
2988358	По (город)	По — город и коммуна на юго-западе Франции, административный центр (префектура) департамента Атлантические Пиренеи региона Новая Аквитания. В прошлом — главный город исторической области Беарн.
2988507	Париж	Пари́ж — столица и крупнейший город Франции. Находится на севере государства, в центральной части Парижского бассейна, на реке Сене.
2989317	Орлеан	Орлеа́н — город и коммуна во Франции, административный центр департамента Луаре и Центрального региона. Главный город исторической области Орлеане.
2990363	Ним	Ним — город на юге Франции, префектура департамента Гар. По состоянию на 2026 год население города оценивается в 150 672 человека.
2990440	Ницца	Ни́цца — средиземноморский город, порт и коммуна на юго-востоке Франции в регионе Прованс — Альпы — Лазурный берег. Административный центр департамента Приморские Альпы, округа Ницца и 9 кантонов.
2990969	Нант	Нант — город (коммуна), расположенный на западе Франции на Армориканской возвышенности. Находится в устье реки Луары, в 50 км от Атлантического океана.
2990970	Нантер	Нанте́р — административный центр департамента О-де-Сен, Франция. Один из крупнейших пригородов Парижа, находящийся в 11 километрах от центра французской столицы.
2990999	Нанси	Нанси́ — город и коммуна во Франции, административный центр (префектура) департамента Мёрт и Мозель в регионе Гранд-Эст. Расположен на реке Мозель, у пересечения её каналом Марна — Рейн.
2991214	Мюлуз	Мюлу́з, Мюльхаузен ; эльз. Mehlhüsa — город и коммуна на северо-востоке Франции в регионе Гранд-Эст, департамент Верхний Рейн, округ Мюлуз, кантоны Мюлуз-1, Мюлуз-2 и Мюлуз-3. До марта 2015 года город являлся административным центром для упразднённых кантонов: Мюлуз-Нор, Мюлуз-Сюд, Мюлуз-Уэст и Мюлуз-Эст.
2992090	Монтрёй	Монтрёй — муниципалитет во Франции, восточный пригород Парижа.
2992166	Монпелье	Монпелье́ — один из крупнейших городов на юге Франции, седьмой по размеру во всей стране, коммуна, административный центр департамента Эро региона Окситания и центр метрополии Монпелье-Средиземноморье. Расположен в плодородной долине реки Ле в 11,1 км от побережья Средиземного моря, в 69 км к северо-востоку от Безье и…
2994160	Мец	Мец — город на северо-востоке Франции, регион Гранд-Эст, бывшая столица французского региона Лотарингия и столица департамента Мозель.
2995469	Марсель	Марсе́ль — второй по численности населения город и коммуна Франции на юго-востоке страны в регионе Прованс — Альпы — Лазурный Берег, крупнейший порт страны и всего Средиземноморья, административный центр департамента Буш-дю-Рон, округ Марсель, 12 кантонов. Население 873 076 человек (2021).
2996944	Лион	Лио́н — город во Франции, административный центр региона Овернь — Рона — Альпы, особого административного образования Лионская метрополия и 14 кантонов. Второй, после Парижа, важнейший город Франции в экономическом и культурном планах.
299817	Тарсус	Тарсу́с , — исторический город на юге центральной части Турции, входящий в агломерацию Адана-Мерсин. Тарсус образует административный район в восточной части провинции Мерсин.
2998286	Лимож	Лимо́ж — город и коммуна на юго-западе Франции, префектура департамента Верхняя Вьенна региона Новая Аквитания.
2998324	Лилль	Лилль — город и коммуна во Франции, административный центр региона О-де-Франс и департамента Нор, на левом берегу канала Дёль, в 14 км от бельгийской границы, до недавнего времени — центр текстильной промышленности Франции. Вместе с несколькими другими городами Франции и соседней Бельгии Лилль с пригородами образует тр…
300075	Суруч	Суруч — город и район на юге провинции Шанлыурфа (Турция).
3003603	Ле-Ман	Ле-Ма́н — город во Франции, административный центр департамента Сарта. Население — 141,4 тыс. жителей (2005); вместе с пригородами это один из двадцати восьми крупнейших по населению городов страны.
3003796	Гавр	Гавр — город и коммуна на севере Франции, в регионе Нормандия, супрефектура в департаменте Сена Приморская. Гаврский порт — один из крупнейших во Франции.
300619	Сивас	Сива́с — город в Турции, регионе Центральная Анатолия, центр провинции Сивас. Прежние названия: Себастия, Севастия,
300640	Ширнак	Ширнак — город и район в провинции Ширнак (Турция), административный центр провинции.
3006787	Ла-Рошель	Ла-Роше́ль — портовый город в западной части Франции на побережье Бискайского залива в регионе Новая Аквитания. На его территории сохранилось множество средневековых достопримечательностей и сооружений.
300797	Силопи	Силопи́ — город и район в провинции Ширнак (Турция).
300808	Силифке	Силифке́ — город и район в турецкой провинции Мерсин, в 90 км к западу от города Мерсин.
3014728	Гренобль	Грено́бль — город и коммуна на юго-востоке Франции. Центр департамента Изер и исторической области Дофине.
3020686	Дюнкерк	Дюнке́рк — коммуна во Франции, регион О-де-Франс, департамент Нор, округ Дюнкерк, кантоны Гранд-Сент, Дюнкерк-1 и Дюнкерк-2.
3021372	Дижон	Дижо́н — ныне префектура французского департамента Кот-д'Ор и региона Бургундия — Франш-Конте, в прошлом — главный город Бургундского герцогства, а затем и провинции Бургундия.
3023141	Курбевуа	Курбевуа́ — одна из 36 коммун департамента О-де-Сен во Франции, расположенная на северо-западе от Парижа на левом берегу Сены. Расстояние до центра Парижа составляет восемь километров.
3024297	Кольмар	Кольма́р — третий по размеру и численности населения город в Эльзасе, коммуна на северо-востоке Франции в регионе Гранд-Эст, департамент Верхний Рейн, округ Кольмар — Рибовилле, кантоны Кольмар-1 и Кольмар-2. Административный центр (префектура) департамента Верхний Рейн.
3024635	Клермон-Ферран	Клермо́н-Ферра́н — город и коммуна на юге центральной части Франции, префектура департамента Пюи-де-Дом. Население 147,7 тыс. человек (2022).
3028808	Канны	Ка́нны, Канн или Кан — город и коммуна на юго-востоке Франции в регионе Прованс — Альпы — Лазурный Берег, департамент Приморские Альпы, округ Грас, кантоны Канны-1 и Канны-2. Является одним из наиболее популярных и известных курортов Лазурного Берега.
3029162	Кале	Кале́ — город во Франции, порт у пролива Па-де-Кале, крупнейший по численности населения город департамента Па-де-Кале. Кале является ближайшим к Англии населенным пунктом Франции, расстояние по прямой до Англии составляет 34 километра.
3029241	Кан (Нормандия)	Кан — город и коммуна на северо-западе Франции, префектура департамента Кальвадос. Кан был центром региона Нижняя Нормандия, но после образования региона Нормандия его центром стал Руан, а в Кане располагается Совет региона.
3031005	Бурж	Бурж — главный город департамента Шер во Франции, на реке Йевре и Беррийском канале. Исторически — столица провинции Берри и герцогства Беррийского.
3031137	Булонь-Бийанкур	Булонь-Бийанкур, или Булонь — коммуна в западном пригороде Парижа. Самый густонаселённый пригород Парижа.
3031582	Бордо	Бордо́ — город и коммуна на юго-западе Франции, центр исторической области Аквитания и современного департамента Жиронда. Расположен на берегах Гаронны, известен своими традициями и успехами в области виноделия.
303195	Османие	Османие́ — небольшой город в исторической области Киликия, центр турецкой провинции Османие. Общее население города Османие и района Османие — 154,000.
3032833	Безье	Безье́ — город на реке Орб, расположенный на юге Франции, в департаменте Эро, в 12 км от побережья Средиземного моря.
3033123	Безансон	Безансо́н — город на востоке Франции, у меандра реки Ду, административный центр департамента Ду и региона Франш-Конте. Машиностроение, часовая, текстильная и швейная промышленность.
3035681	Авиньон	Авиньо́н — город на левом берегу реки Роны, на юго-востоке Франции, префектура округа Авиньон и департамента Воклюз в регионе Прованс — Альпы — Лазурный Берег, кантоны Авиньон-1, Авиньон-2, Авиньон-3. Место средневекового проживания римских пап, Авиньон принадлежал Святому Престолу вплоть до Великой Французской революц…
3036572	Аньер-сюр-Сен	Анье́р-сюр-Сен — город во Франции, в департаменте О-де-Сен, северо-западный промышленный пригород Парижа, на левом берегу реки Сены.
3037044	Аржантёй	Аржантёй — северо-западное предместье Парижа, с юридическим статусом коммуны департамента Валь-д'Уаз. Центр одноимённой субпрефектуры Аржантёй, объединяющей семь коммун.
3037456	Антиб	Анти́б — коммуна на юго-востоке Франции в регионе Прованс — Альпы — Лазурный Берег, департамент Приморские Альпы, округ Грас, кантоны Антиб-1, Антиб-2 и Антиб-3.
303750	Нусайбин	Нусайби́н — город на юго-востоке Турции у сирийской границы. Расположен в провинции Мардин южнее автомагистрали Европейского маршрута E90 Лиссабон — Ирак на реке Джаг-Джаг.
3037656	Анже	Анже́, уст. Анже́р — главный город исторической области Анжу, департамента Мен и Луара и округа Анже на западе Франции. Расположен в 300 км к юго-западу от Парижа, на берегах реки Мен, в нескольких километрах выше места её впадения в Луару.
3037854	Амьен	Амье́н — город на севере Франции, регион О-де-Франс, на семи рукавах реки Сомма. Главный город исторической области и упразднённого региона Пикардия.
303827	Нигде	Ни́где — город, административный центр ила Нигде в центральной части Турции. Население 78 088 человек и 99 308 в пригородных деревнях.
303831	Невшехир	Невшехир — город и район в Турции, расположен в центральной части Анатолийского плато. Входит в одноимённый ил. Бывшее название — Мушкара, древнее — Нисса.
3038354	Экс-ан-Прованс	Экс-ан-Прова́нс — город и коммуна на юго-востоке Франции в регионе Прованс — Альпы — Лазурный Берег, департамент Буш-дю-Рон, округ Экс-ан-Прованс, кантон Экс-ан-Прованс.
303873	Назилли	Назилли́ — второй по величине город провинции Айдын, население 111 тыс. [2012 г.]. Находится в 47 км на восток от Айдына, по дороге на Денизли.
304081	Муш	Муш — город в Турции, столица одноимённой провинции.
304382	Мидьят	Мидьят — город и район в провинции Мардин (Турция).
3044082	Татабанья	Та́табанья — город на северо-западе Венгрии, административный центр медье Комаром-Эстергом. Население — 67 043 человека (2014).
3044310	Сомбатхей	Со́мбатхей, также известен как Штайнамангер, Самботель, Сомботель и Каменец — город на западе Венгрии, старейший в стране. Административный центр медье Ваш.
3044774	Секешфехервар	Се́кешфехервар — город в Венгрии, административный центр вармедье Фейер. Население — 99 060 человек (2014).
304531	Мерсин	Ме́рсин — город, расположенный на юго-восточном побережье Турции, в котором проживает около 1 084 789 жителей. Административный центр ила (области) Мерсин.
3046446	Пешт	Пешт — восточная, равнинная часть Будапешта, занимающая около 2/3 территории города. От другой части города, Буды, Пешт отделён Дунаем.
304827	Маниса	Мани́са — город и район в западной части Анатолии, центр турецкой провинции Маниса. Население — 278 967. От греческих слов «магнитис литос» [μαγνητης λιθος], то есть камень Магнесии [Μαγνησια], происходят такие слова, как «магнезия», «магнит» и «магнетизм», но было бы неправильно связывать эти слова непосредственно с э…
304854	Манавгат	Манавга́т — город и район в турецкой провинции Анталья, город находится в 76 км от города Анталья. Манавгат является третьим по величине городом провинции после Антальи и Аланьи.
304922	Малатья	Мала́тья — город в Восточной Турции, административный центр провинции Малатья.
3052009	Дьёр	Дьёр, Рааб, Раб — город в северо-западной Венгрии, расположен на половине пути между Будапештом и Веной. Город стоит в месте впадения реки Рабы в Мошони-Дуна.
305268	Кютахья	Кюта́хья — один из древнейших городов на территории современной Турции. Население — 170 000 жителей. Столица одноимённых провинции и района.
3054643	Будапешт	Будапе́шт — столица и крупнейший город Венгрии. Расположен в северной части страны по обоим берегам Дуная.
3054667	Буда	Бу́да, О́фен — западная часть венгерской столицы Будапешта на правом берегу Дуная, бывшая изначально отдельным городом. Согласно легенде, название Буда произошло от имени гуннского вождя Бледы, по другой версии, название города имеет славянское происхождение от буда — «дом, строение, селение».
3056508	Жилина	Жи́лина — город на северо-западе Словакии, при впадении в реку Ваг рек Кисуцы и Райчанки, центр Жилинского края. Население составляет около 80 тысяч жителей.
3058213	Петржалка	Петржалка — городской округ Братиславы, самый густонаселённый столичный округ — в настоящее время насчитывает около 115 тысяч жителей. Расположен на правом берегу реки Дунай, соединён с левым берегом Дуная 5 мостами — Старым мостом, мостом SNP, мостами Харбор, Ланфранкони и Аполло.
3058531	Нитра	Ни́тра — город в Словакии, административный центр Нитранского края.
3060972	Братислава	Братисла́ва, до 27 марта 1919 года — Прешпорок или Пре́шпорек, Пре́сбург, Пожо́нь, в Средние века — Истрополис — столица и крупнейший город Словакии.
3061186	Банска-Бистрица	Ба́нска-Би́стрица — город в центральной Словакии, центр Банскобистрицкого края и Банскобистрицкого района (окреса), лежит в Зволенской котловине. Население города составляет около 73 тыс.
3061370	Злин	Злин — статутный город в Чехии, в исторической области Моравия. Столица Злинского края. С 1949 по 1989 назывался Го́твальдов, в честь К.
3063548	Усти-над-Лабем	У́сти-над-Ла́бем, историч. Аусиг-ан-дер-Эльбе — статутный город на севере Чехии, у впадения Билины в Лабу, административный центр Устецкого края и района Усти-над-Лабем. Важный железнодорожный узел и речной порт.
306571	Конья	Ко́нья — город в Турции, расположенный в центральной части Анатолии. Население — 2 079 225, центр одноимённой провинции.
3067696	Прага	Пра́га — статутный город и столица Чешской Республики, административный центр Среднечешского края и двух его районов: Прага-Восток и Прага-Запад. Образует самостоятельную административно-территориальную единицу страны.
3068160	Пльзень	Пльзень историч. Пильзен — четвёртый по величине город Чехии. Статутный город, муниципалитет с расширенными полномочиями, административный центр Пльзеньского края и района Пльзень-город.
3068582	Пардубице	Па́рдубице — статутный город в центральной Чехии, административный центр Пардубицкого края и района Пардубице.
3068799	Острава	О́страва, Остра́ва — статутный город на востоке Чешской Республики, административный центр Моравскосилезского края и района Острава-город. Расположен в южной (чешской) Силезии на месте слияния рек Остравице, Одра и Опава.
3069011	Оломоуц	О́ломоуц, Ольмюц — статутный город в Чехии, центр Оломоуцкого края.
307084	Кызылтепе	Кызылтепе — город и район в провинции Мардин (Турция).
3071961	Либерец	Ли́берец, бывш. Райхенберг — статутный город в Чехии, на реке Ныса-Лужицка, административный центр Либерецкого края и района Либерец.
3073699	Кладно	Кла́дно — статутный город Среднечешского края Чехии, муниципалитет с расширенными полномочиями и административный центр одноимённого района.
3074967	Градец-Кралове	Гра́дец-Кра́лове, историческое немецкое название Кёниггрец, нем. Königgrätz, или, ещё ранее, Кёнигингрец, нем.
307515	Кыршехир	Кыршехир — город в Центральной Анатолии, административный центр ила Кыршехир. Кыршехир лежит в 156 км юго-восточнее Анкары.
3075921	Гавиржов	Га́виржов — статутный город на востоке Чешской Республики, в Моравскосилезском крае. Является самым крупным населённым пунктом района Карвина и вторым по величине в крае.
307654	Кырыккале	Кыры́ккале́ — город в Турции, столица ила Кырыккале. Расположен в регионе Центральная Анатолия, в 80 километрах к востоку от Анкары.
3077916	Ческе-Будеёвице	Че́ске-Бу́деёвице — статутный город на юге Чехии, муниципалитет с расширенными полномочиями, административный центр Южночешского края и района Ческе-Будеёвице.
3078610	Брно	Брно, по-немецки Брюнн — статутный город в Чешской Республике в историческом регионе Моравия, близ слияния рек Свитавы и Свратки. Административный центр Южноморавского края и районов Брно-город и Брно-пригород; бывшая столица (1641—1928/49) Моравии.
307864	Килис	Кили́с — город и район на юго-востоке Турции, недалеко от границы с Сирией, в провинции Килис, административный центр провинции.
3080165	Зелёна-Гура	Зелёна-Гу́ра — город в Польше, один из двух административных центров Любушского воеводства. Население — 139,3 тыс. жителей (2017).
3080985	Забже	За́бже, историч. — Гинденбург — промышленный город в южной Польше, в Силезском воеводстве, вблизи города Катовице. Западная часть Верхнесилезской агломерации, население которой составляет около 2 800 000 человек.
3081368	Вроцлав	Вро́цлав — город на правах повета на юго-западе Польши, столица Нижнесилезского воеводства. Расположен в Центральной Европе на Силезской низменности, на реке Одра и её четырёх притоках.
3081741	Влоцлавек	Влоцла́век — город в Польше, в Куявско-Поморском воеводстве. Расположен на Висле при впадении в неё реки Згловёнчки, центр одноимённой епархии.
3082707	Валбжих	Ва́лбжих — город в Польше, один из важнейших центров в Нижнесилезском воеводстве, районный центр Валбжихского повета (района). До Второй мировой войны был известен под немецким названием Вальденбург.
3082914	Тыхы	Ты́хы — город в Польше, в Силезском воеводстве. Расположен в 20 километрах к югу от Катовице — столицы воеводства.
3083271	Торунь	То́рунь — город на севере Польши, на реке Висле. Один из двух административных центров Куявско-Поморского воеводства.
3083829	Щецин	Ще́цин, до 1945 года Штетти́н — город на северо-западе Польши, расположенный недалеко от границы с Германией, 7-й по величине город страны с населением 401 907 человек (2019), административный центр Западно-Поморского воеводства.
308464	Кайсери	Ка́йсери, Кесари́я или Мажа́к — город в центральной Турции, административный центр вилаята Кайсери. Расположен у северного подножия вулкана Эрджияс, в 300 км к юго-востоку от Анкары.
3084840	Старгард	Ста́ргард — город в Западно-Поморском воеводстве Польши, расположенный на реке Ина в 36 км к юго-востоку от Щецина. Третий город воеводства по численности населения.
3085128	Сосновец	Сосно́вец — город в южной Польше, в Силезском воеводстве. Один из крупнейших городов Верхнесилезского промышленного округа и Заглебья Домбровского.
3085450	Слупск	Слупск, Штольп — город в северной Польше, в составе Поморского воеводства. Население — 104 964 человека.
3086024	Семяновице-Слёнске	Семянови́це-Слёнске — город в Польше, входит в Силезское воеводство. Имеет статус городского повята.
3086586	Рыбник	Ры́бник — город в южной Польше, в Силезском воеводстве. Город находится в 340 километрах к югу от Варшавы, в 120 километрах к западу от Кракова и в 25 км от границы с Чехией.
3086800	Руда-Слёнска	Ру́да-Слёнска — город с правами повята в Польше, в Силезском воеводстве в центре Верхнесилезского промышленного района.
3088171	Познань	По́знань — старинный и исторический город в центральной части западной Польши, на реке Варте, административный центр и столица Великопольского воеводства. Пятый по населению город Польши.
3088825	Плоцк	Плоцк — город на реке Висла в центральной Польше. Он расположен в Мазовецком воеводстве, а ранее был столицей Плоцкого воеводства (1975—1998 годы).
3088972	Пётркув-Трыбунальски	Пётркув-Трыбуна́льски — город на правах повята в Лодзинском воеводстве, расположенный на реке Страве.
3089033	Пила (город)	Пи́ла, Шнайдемюль (Шнейдемюль), — город в Великопольском воеводстве Польши, центр Пилского повята. Занимает площадь 102,68 км². Население —69 758 человек.
3089578	Пабьянице	Пабьяни́це — город в Лодзинском воеводстве, в Пабяницком повяте, недалеко от центра воеводства — Лодзи. Второй по населению город Лодзинской агломерации и третий по населению после Лодзи и Пётркув-Трыбунальски, входит в состав Союза Городов Польских.
3089684	Острув-Велькопольски	О́струв-Велькопо́льски — город в Польше, входит в Великопольское воеводство, административный центр Острувский повята. Имеет статус городской гмины. Занимает площадь 42,39 км².
3090048	Ополе	Опо́ле, до 1945 года О́ппельн — город в Польше на реке Одра, столица Опольского воеводства. Культурный и научный центр региона.
3091232	Мысловице	Мыслови́це — город в Польше, входит в Силезское воеводство. Имеет статус городского повята.
3092931	Любин	Любин, Любен нем. Lüben) — город в Польше, ранее в Германии, входит в Нижнесилезское воеводство, Любинский повят.
3093133	Лодзь	Лодзь — один из крупнейших городов Польши.
3093692	Легница	Легни́ца, Лигни́ц — город на правах повята в Нижнесилезском воеводстве в Западной Польше.
3094802	Краков	Кра́ков — один из крупнейших городов на юге Польши, расположенный на реке Висле в 295 км от Варшавы. Административный центр Малопольского воеводства.
3095049	Кошалин	Коша́лин, ранее Кёсли́н — город в Польше, в Западно-Поморском воеводстве. Расположен в 5 км от побережья Балтийского моря в северо-западной Польше, второй по населению в Западно-поморском воеводстве.
3095321	Конин	Конин — город в Польше, входит в Великопольское воеводство. Занимает площадь 82 км². Население — 79 300 человек.
3096372	Кендзежин-Козле	Кендзе́жин-Ко́зле — город в Польше, входит в Опольское воеводство, центр Кендзежинско-Козельского повята (района). Занимает площадь 123,42 км². Население — 64 219 человек.
309647	Агры	Агры́ — город в Турции, центр ила Агры в Турции. Расположен неподалёку от границы с Ираном и Арменией.
3096472	Катовице	Катови́це — город на юге Польши в Верхней Силезии, столица Силезского воеводства. Основан в XVI веке, получил статус города в 1865 году, по решению короля Пруссии Вильгельма I.
3096880	Калиш	Ка́лиш — город на правах повята в Польше, в Великопольском воеводстве. Расположен на реке Просне в юго-восточной части воеводства, является вторым по численности населения городом в воеводстве, центром Калиш-Островской агломерации и Калишского промышленного округа.
3097257	Еленя-Гура	Еле́ня-Гу́ра — город в Польше, входит в Нижнесилезское воеводство. До 1945 года входил в состав немецкой Силезии и назывался Хи́ршберг.
3097391	Ястшембе-Здруй	Ястше́мбе-Здруй, в немецкой историографии Бад Кёнигсдорфф-Ястржемб — город на правах повета в Польше, расположенный в Верхней Силезии, северной части Силезского воеводства. Один из центральных населённых пунктов Рыбницкой агломерации и Рыбницкого угольного бассейна.
3097872	Иновроцлав	Иновро́цлав — город в Польше, входит в Куявско-Поморское воеводство, Иновроцлавский повят. Имеет статус городской гмины. Занимает площадь 30,42 км².
3098218	Грудзёндз	Грудзёндз, бывший Грауденц — польский город в низовьях Вислы, входит в Куявско-Поморское воеводство. Занимает площадь 58,70 км². Население 99 578 человек.
3098722	Гожув-Велькопольский	Го́жув-Велькопо́льский, до 1945 Ландсберг-ан-дер-Варте — город в Польше на реке Варта. Один из двух административных центров Любусского воеводства.
3099112	Гнезно	Гне́зно — город в западной Польше, расположенный в Великопольском воеводстве. 70 тыс. жителей (2004). С 1000 года — место архиепископской кафедры, место коронации польских королей, бывшая столица Королевства Польского.
3099213	Глогув	Гло́гув, Глогау — город в Польше, входит в Глогувский повет Нижнесилезского воеводства. Имеет статус городской гмины. Занимает площадь 37,32 км².
3099424	Гдыня	Гды́ня — город на севере Польши. Население — 247,8 тыс. жителей (2014).
3099434	Гданьск	Гданьск — город в северной Польше, шестой по населению в стране и крупнейший по площади.
3099759	Эльблонг	Э́льблонг — город в Варминьско-Мазурском воеводстве Польши.
3100796	Домброва-Гурнича	Домбро́ва-Гурни́ча — город на юге Польши, крупнейший промышленный центр в Домбровском угольном бассейне. Наибольший по площади город в Силезском воеводстве.
3100946	Ченстохова	Ченстохо́ва, также известен как Ченстохо́в или Ченстохо́во — город на юге Польши в Силезском воеводстве, на реке Варте, столица Ченстоховского повята и городской повят. Главный духовный центр Польши и место паломничества, связанное с Ченстоховской иконой Богородицы.
3101619	Хожув	Хо́жув — город в Польше, в Силезском воеводстве. Расположен в южной части страны, в 6 км к северо-востоку от Катовице, в 50 км к северу от границы с Чехией, на Силезской возвышенности в пределах Верхнесилезского каменноугольного бассейна.
3101950	Бытом	Бы́том — город в южной Польше, в Силезском воеводстве. Город на правах повета. До административной реформы 1998 года был в составе Катовицкого воеводства.
3102014	Быдгощ	Бы́дгощ — город в Польше, один из двух административных центров Куявско-Поморского воеводства. Резиденция куявско-поморского воеводы и старосты Быдгощского повята.
3103402	Бельско-Бяла	Бе́льско-Бя́ла — город на юге Польши с населением 170 663 человек (2019 г.). Расположен в Силезском воеводстве, ранее являлся столицей Бельского воеводства (1975—1998).
3104324	Сарагоса	Сараго́са — город на северо-востоке Испании, столица автономного региона Арагон, провинции Сарагоса и одноимённого округа. Город расположен в среднем течении реки Эбро, около 200 метров над уровнем моря.
3104499	Витория-Гастейс	Вито́рия-Гасте́йс, Вито́рия — город на севере Испании, административная столица провинции Алава и автономного сообщества Страна Басков. Второй по величине город сообщества после Бильбао.
3105935	Виладеканс	Виладеканс — город и муниципалитет в Испании, входит в провинцию Барселона в составе автономного сообщества Каталония. Муниципалитет находится в составе района (комарки) Баш-Льобрегат.
3105976	Виго	Ви́го — важный портовый и промышленный город на северо-западе Испании. Расположен на берегу бухты (риа) Виго в провинции Понтеведра, относящейся к природной области Риас-Байшас и к автономному региону Галисия.
3106672	Вальядолид	Вальядоли́д — город на северо-западе Испании, один из основных историко-культурных центров страны. С начала XIII по начало XVII века Вальядолид служил местопребыванием двора кастильских и испанских монархов.
3106868	Вальдеморо	Вальдеморо — город и муниципалитет в Испании, входит в провинцию Мадрид в составе автономного сообщества Мадрид. Муниципалитет находится в составе района (комарки) Комарка-Сур.
3107784	Торрехон-де-Ардос	Торрехон-де-Ардос — город и муниципалитет в Испании, входит в провинцию Мадрид в составе автономного сообщества Мадрид. Муниципалитет находится в составе района (комарки) Алькала.
3108286	Тарраса	Тарра́са, Терра́са — город и муниципалитет в Испании, входит в провинцию Барселона в составе автономного сообщества Каталония. Муниципалитет находится в составе района (комарки) Вальес-Оксиденталь.
3108288	Таррагона	Тарраго́на — приморский город и муниципалитет Испании; центр провинции Таррагона в составе автономной области Каталония. Один из старейших городов Испании; во времена Римской империи — центр Тарраконской Испании.
310855	Кяхта (город, Турция)	Кяхта — город и район в провинции Адыяман (Турция). На западе район граничит с центральным районом ила Адыяман, на юго-западе — с районом Самсат, на севере — с районом Синджик, на северо-востоке — с районом Гергер, на юго-востоке — с илом Шанлыурфа.
310859	Кахраманмараш	Кахраманмара́ш — город на юго-востоке Турции. Столица ила Кахраманмараш. Город лежит на равнине на подножии хребта Восточный Тавр.
3109453	Баракальдо	Барака́льдо — населённый пункт и муниципалитет в Испании, входит в провинцию Бискайя в составе автономного сообщества Страна Басков. Муниципалитет находится в составе района (комарки) Гран-Бильбао.
3109642	Сантьяго-де-Компостела	Сантья́го-де-Компосте́ла — столица автономного сообщества Галисия в Испании. Муниципалитет находится в составе района (комарки) Сантьяго.
3109718	Сантандер	Сантанде́р — город в Испании, административный центр автономного сообщества Кантабрия. Муниципалитет находится в составе района (комарки) Сантандер.
3109981	Санта-Колома-де-Граменет	Санта-Колома-де-Граманет — муниципалитет в Испании, входит в провинцию Барселона в составе автономного сообщества Каталония. Муниципалитет находится в составе района (комарки) Барселонес.
3110044	Сан-Себастьян	Сан-Себастья́н, также Доно́стия-Сан-Себастья́н , — город в Стране Басков (Испания), административный центр провинции Гипускоа.
311046	Измир	Изми́р, ранее также известный как Сми́рна , — третий по численности населения город в Турецкой Республике и второй по величине порт страны после Стамбула. Административный центр провинции Измир.
311073	Ыспарта	Ыспа́рта — город в западной Турции и административный центр ила (области) Ыспарта. Население города — около 420 тыс.
311111	Искендерун	Искендеру́н — город и район в провинции Хатай на юге Турции.
3111933	Реус	Ре́ус — муниципалитет в Каталонии, входит в провинцию Таррагона в составе автономного сообщества Каталония. Муниципалитет находится в составе района (комарки) Баш-Камп.
3113209	Понтеведра	Понтеве́дра — город и муниципалитет на берегу реки Лерес в Испании, административный центр одноимённой провинции. Исторический центр области Риас-Байшас и один из главных туристических центров Галисии.
3114472	Памплона	Пампло́на (Ирунья) — столица автономной области Наварра на севере Испании, у подошвы Пиренеев на реке Арга, один из древнейших городов страны.
3114531	Паленсия	Пале́нсия — город в Испании, административный центр одноимённой провинции. Паленсия была основана как Паллантия на берегу реки Каррион в I веке до н.
3114711	Овьедо	Овье́до — город в Испании, административный центр автономного сообщества Астурия. Муниципалитет находится в составе района (комарки) Овьедо.
3114965	Оренсе	Оре́нсе — крупный промышленный город и муниципалитет в Испании, входит в провинцию Оренсе в составе автономного сообщества Галисия. Муниципалитет находится в составе района (комарки) Оренсе.
3116025	Мостолес	Мо́столес — город и муниципалитет в Испании, входит в провинцию Мадрид в составе автономного сообщества Мадрид. Муниципалитет находится в составе района (комарки) Ареа-метрополитана-де-Мадрид.
311665	Ыгдыр	Ыгды́р — город и район в Восточной Турции, административный центр и крупнейший город одноимённого ила.
3117164	Матаро	Матаро́ — город и муниципалитет в Испании, входит в провинцию Барселона в составе автономного сообщества Каталония. Муниципалитет находится в составе района (комарки) Маресме.
3117533	Манреса	Манре́са, Манре́за — город в Испании, в автономном сообществе Каталония, в провинции Барселона. Население — 76 209 человек по данным на 2010 год.
3117667	Махадаонда	Махадаонда — город и муниципалитет в Испании, входит в провинцию Мадрид в составе автономного сообщества Мадрид. Муниципалитет находится в составе района (комарки) Ареа-Метрополитана.
3117735	Мадрид	Мадри́д — столица и крупнейший город Испании, а также административный центр одноимённых провинции и автономного сообщества. Муниципалитет находится в составе района (комарки) Ареа-Метрополитана.
3117814	Луго	Лу́го — город на северо-западе Испании, административный центр одноимённой провинции в составе автономного сообщества Галисия.
3118150	Логроньо	Логро́ньо — город в Испании, административный центр автономного сообщества Риоха. Муниципалитет находится в составе района (комарки) Логроньо.
3118514	Льейда	Лье́йда, Ле́рида — город и муниципалитет в Испании, столица провинции Льейда в составе автономного сообщества Каталония. Муниципалитет находится в составе района (комарки) Сегрия.
3118594	Леганес	Легане́с — город и муниципалитет в Испании, входит в провинцию Мадрид в составе автономного сообщества Мадрид. Муниципалитет находится в составе района (комарки) Ареа-Метрополитана.
3118848	Лас-Росас-де-Мадрид	Лас-Росас-де-Мадрид — город и муниципалитет в Испании, входит в провинцию Мадрид в составе автономного сообщества Мадрид. Муниципалитет находится в составе района (комарки) Ареа-Метрополитана.
3119841	Ла-Корунья	Ла-Корунья, или А-Корунья — крупный город на северо-западе Испании, курорт и порт. Административный центр одноимённой провинции в составе автономного сообщества Галисия.
3121424	Хихон	Хихо́н — прибрежный промышленный город и муниципалитет в Астурии, Испания. Порт, один из крупнейших на севере Испании.
3121437	Хетафе	Хета́фе — город и муниципалитет в Испании, входит в провинцию Мадрид в составе автономного сообщества Мадрид, пригород Мадрида. Муниципалитет находится в составе района (комарки) Ареа-Метрополитана.
3121456	Жирона	Жиро́на, ранее так же Герона или Жеро́на — город на северо-востоке Испании, в автономном сообществе Каталония, центр одноимённой провинции Жирона и каталонской комарки Жиронес. Население на 2020 год — 103 369 человек.
3121960	Фуэнлабрада	Фуэнлабрада — город и муниципалитет в Испании, входит в провинцию Мадрид в составе автономного сообщества Мадрид. Муниципалитет находится в составе района (комарки) Ареа-Метрополитана-де-Мадрид.
3123493	Эль-Ферроль	Ферро́ль — город и муниципалитет в Испании, входит в провинцию Ла-Корунья в составе автономного сообщества Галисия. Муниципалитет находится в составе района (комарки) Ферроль.
3124408	Кослада	Кослада — город и муниципалитет в Испании, входит в провинцию Мадрид в составе автономного сообщества Мадрид. Муниципалитет находится в составе района (комарки) Алькала.
3125239	Чамартин	Чамарти́н — город и муниципалитет в Испании, входит в провинцию Авила в составе автономного сообщества Кастилия и Леон. Муниципалитет находится в составе района (комарки) Авила.
3127461	Бургос	Бу́ргос — бывшая столица Кастилии, ныне город и муниципалитет в Испании. Входит в провинцию Бургос, в составе района (комарки) Альфос-де-Бургос и автономного сообщества Кастилия и Леон.
3128026	Бильбао	Бильба́о — город в Стране Басков, на севере Испании, административный центр провинции Бискайя. Муниципалитет находится в составе района (комарки) Гран-Бильбао.
3128760	Барселона	Барсело́на — город в Испании, столица автономной области Каталония и провинции Барселона. Порт на Балеарском море в 120 км от границы Франции и в 504 км восточнее Мадрида.
3129028	Бадалона	Бадало́на — город и муниципалитет в Испании, входит в провинцию Барселона в составе автономного сообщества Каталония. Муниципалитет находится в составе района (комарки) Барселонес.
3129135	Авилес	Авиле́с — город и муниципалитет в Испании, входит в провинцию Астурия. Муниципалитет находится в составе района (комарки) Авилес.
3130564	Алькоркон	Алькоркон — город и муниципалитет в Испании, входит в автономное сообщество Мадрид. Муниципалитет находится в составе района (комарки) Ареа-Метрополитана.
3130583	Алькобендас	Алькобе́ндас — город и муниципалитет в Испании, входит в провинцию Мадрид в составе автономного сообщества Мадрид. Муниципалитет находится в составе района (комарки) Ареа-Метрополитана.
3130616	Алькала-де-Энарес	Алькала́-де-Эна́рес — город в Испании, в автономном сообществе Мадрид, на реке Энарес.
3133880	Тронхейм	Тро́нхейм — третий по населению город Норвегии, расположен в устье реки Нидельвы на берегу Тронхеймского фьорда. Крупнейший город фюльке Трёнделаг.
3137115	Ставангер	Става́нгер — город и коммуна в фюльке Ругаланн, Норвегия. Нефтяная столица Норвегии. Расположен на одноимённом полуострове на юго-западном побережье Норвегии.
3143244	Осло	О́сло — столица и самый крупный город Норвегии. С 1624 по 1877 год город назывался Христиа́ния, с 1877 по 1925 год — Кристиа́ния.
3147465	Лиллестрём	Ли́ллестрём — город в норвежской губернии (фюльке) Акерсхус, расположенный в 18 км от Осло.
314830	Газиантеп	Газианте́п — крупный город на юге Турции, административный центр ила (области) Газиантеп. Расположен приблизительно в 185 км к востоку от Аданы и в 97 км к северу от Алеппо, Сирия.
3149318	Кристиансанн	Кри́стиансанн — город и коммуна в Норвегии, в фюльке Вест-Агдер. Административный центр фюльке и крупнейший город Сёрланна.
315202	Эскишехир	Эскишехи́р — город в Турции. Административный центр одноимённого ила и городского района. Население: 789 750 жителей. Расположен на реке Порсук, в 250 км к западу от Анкары, в 350 км к юго-востоку от Стамбула, в 90 км к северо-востоку от Кютахьи.
315368	Эрзурум	Эрзуру́м, Арзен, Эрзеру́м, Арзеру́м, Феодосио́поль, Кари́н/Гари́н (арм. Կարին) — город на северо-востоке современной Турции, административный центр одноимённого ила.
315373	Эрзинджан	Эрзинджа́н — город и административный центр ила (области) Турции Эрзинджан в восточной Анатолии.
3156529	Фредрикстад	Фре́дрикстад — город-порт и муниципалитет в Норвегии, в провинции Эстфолл. Город располагается на берегу Осло-фьорда в устье реки Гломмы.
315795	Эльбистан	Эльбистан — город и район в провинции Кахраманмараш (Турция).
315808	Элязыг	Элязы́г — город и район на востоке Турции в Восточной Анатолии, столица одноимённого ила.
3159016	Драммен	Дра́ммен — город и муниципалитет в Норвегии, в губернии Бускеруд. Муниципалитет был основан 1 января 1838 года в соседнем фюльке, Вестфолл, под именем Скогер.
3161732	Берген	Бе́рген — второй по величине город Норвегии, столица фюльке Вестланн и крупнейший город Западной Норвегии. Расположен на западе страны, на берегу Северного моря в регионе Мидтхорланн.
316411	Догубаязит	Догубаязи́т (тур. Doğubayazıt; арм. Դարույնք, до 1934 года — Баязи́т или Баязе́т — город на востоке Турции.
3164419	Виченца	Виче́нца — город в итальянской области Венето, административный центр одноимённой провинции.
3164527	Верона	Веро́на — город на севере Италии, в области Венето, административный центр одноимённой провинции. Расположен на реке Адидже. Население на 2021 год составляет 257 тысяч человек.
3164699	Варесе	Варе́се, Варе́зе — город в итальянской области Ломбардия, административный центр одноимённой провинции. Расположен на самом севере Италии, к северо-западу от Милана, у швейцарской границы, в нескольких километрах от озера Варесе.
3165072	Удине	У́дине — город в итальянском регионе Фриули-Венеция-Джулия, административный центр одноимённой провинции. Расположен на северо-востоке Италии, между адриатическим побережьем и Альпами, менее чем в 40 км от границы со Словенией.
3165185	Триест	Трие́ст — город в Италии, столица области Фриули-Венеция-Джулия. Административный центр одноимённой провинции.
3165201	Тревизо	Треви́зо — город в итальянской области Венето, административный центр одноимённой провинции. Расположен севернее Венеции, на пересечённой каналами равнине, у слияния рек Силе и Боттенига.
3165243	Тренто	Тре́нто, или Трент, Тридент — город на севере Италии. Столица области Трентино-Альто-Адидже и административный центр одноимённой провинции Тренто.
316541	Диярбакыр	Диярбакы́р — город и район на юго-востоке Турции, на реке Тигр. Административный центр ила (провинции) Диярбакыр.
3165456	Торре-дель-Греко	То́рре-дель-Гре́ко — город в Италии, располагается в регионе Кампания в провинции Неаполь.
3165524	Турин	Тури́н — город в Италии, важный деловой и культурный центр северной Италии. Административный центр области Пьемонт и одноимённой территориальной единицы, приравненной к провинции.
3165771	Терни	Те́рни — итальянский город, столица одноимённой провинции в Умбрии. Расположен на реке Нера, в ста километрах к северо-востоку от Рима.
3165926	Таранто	Та́ранто, в древности Таре́нт — город в итальянском регионе Апулия, административный центр одноимённой провинции. Важный торговый порт и база ВМС Италии.
3167096	Сассари	Са́ссари — город в итальянском регионе Сардиния, административный центр одноимённой провинции, второй по величине и значению в регионе после столицы Кальяри.
3168673	Салерно	Сале́рно — город и порт на берегу Салернского залива в Южной Италии, административный центр провинции Салерно области Кампания. Отделяет Амальфитанское побережье от побережья Чиленто.
3169070	Рим	Рим — столица и крупнейший город Италии. Административный центр области Лацио и одноимённой территориальной единицы Рим, приравненной к провинции.
3169361	Римини	Ри́мини — крупнейший итальянский курорт на Адриатическом побережье с населением 150 590 жителей, столица одноимённой провинции в области Эмилия-Романья. Римини является символом Адриатического побережья Романьи.
3169522	Реджо-нель-Эмилия	Ре́джо-нель-Эми́лия, Реджо-Эмилия — город в итальянской области Эмилия-Романья, центр провинции Реджо-нель-Эмилия, на полпути между Моденой и Пармой. Его не следует путать с городом Реджо-ди-Калабрия в Калабрии.
3169561	Равенна	Раве́нна — город в итальянской области Эмилия-Романья, расположенный в 10 км от Адриатического моря, с которым его соединяет канал. После 402 года — столица Западной Римской империи, позднее столица королевства Одоакра, государства остготов, Равеннского экзархата и Лангобардского королевства.
3169921	Прато	Пра́то — второй по величине после Флоренции город Тосканы. Расположен в 30 км к северо-западу от неё, по дороге на Пистою, у подножия горы Ретайна, на речке Бисенцио.
3170621	Пистоя	Писто́я — город, административный центр одноимённой провинции в итальянской области (регионе) Тоскана. Население — 90 118 чел..
3170647	Пиза	Пи́за — итальянский город и коммуна в области Тоскана, на расстоянии 10 км от Лигурийского моря, административный центр одноимённой провинции.
3171058	Пьяченца	Пьяче́нца — город в итальянском регионе Эмилия-Романья, административный центр одноимённой провинции. Расположен на южном берегу реки По рядом с впадением в неё Треббии, к юго-востоку от Милана.
3171168	Пескара	Песка́ра — коммуна в Италии с 119 554 жителями, центр одноимённой провинции региона Абруццо. Самый большой город в Абруццо, агломерация Пескары насчитывает около 450 000 жителей, в ней располагаются региональный совет, джунта и региональное министерство.
3171173	Пезаро	Пе́заро — город в итальянском регионе Марке, административный центр провинции Пезаро-э-Урбино.
3171180	Перуджа	Перу́джа — столица итальянского региона Умбрия, административный центр одноимённой провинции. Город расположен на гряде холмов, откуда открывается вид на долину Тибра и Тразименское озеро.
3171366	Павия	Пави́я — город в Италии в области Ломбардия. Административный центр провинции Павия.
3171457	Парма	Па́рма — город в северном итальянском регионе Эмилия-Романья. Административный центр одноимённой провинции, расположенный на одноимённой реке, северо-западнее Болоньи.
3171728	Падуя	Па́дуя — город в итальянской области Венеция (Венето), административный центр одноимённой провинции.
3172189	Новара	Нова́ра — город в итальянском регионе Пьемонт, на реке Агонья, прямо на запад от Милана по дороге на Турин. Второй по величине город Пьемонта, административный центр одноимённой провинции.
3172394	Неаполь	Неа́поль — город на юге Италии. Административный центр области Кампания и одноимённой территориальной единицы, приравненной к провинции.
3172629	Монца	Мо́нца — город в Италии, ныне пригород Милана, на реке Ламбро.
3173331	Модена	Мо́дена — город в итальянской области Эмилия-Романья, административный центр одноимённой провинции. Расположен северо-западнее Болоньи, между реками Секкья и Панаро.
3173435	Милан	Мила́н — главный город северной Италии. Относится к глобальным городам.
3173529	Местре	Местре — бывший город, через который исторически осуществлялась связь островов Венецианской лагуны с материковой частью области Венеция.
3174530	Лукка	Лу́кка — город в итальянском регионе Тоскана, административный центр одноимённой провинции. Он расположен на аллювиальной равнине реки Серкио у подножья Апеннин на высоте 19 метров над уровнем моря.
3174659	Ливорно	Ливо́рно — крупнейший порт Тосканы, административный центр одноимённой провинции в Италии. Расположен на восточном берегу Лигурийского моря в естественной бухте, в нескольких милях к югу от устья реки Арно, в окружении низких Ливорнских холмов.
3174953	Лечче	Ле́чче — итальянский город с 95 269 жителями, столица одноимённой провинции в области Апулия. Расположенный в почти центральном месте на полуострове Саленто, он является центром обширной территории, включающей 31 муниципалитет в северной части провинции.
3175537	Имола	И́мола — город на реке Сантерно в итальянской провинции Болонья, севернее границы с Сан-Марино. Известен как место, где находится автодром Энцо и Дино Феррари, на котором разыгрывались Гран-при Сан-Марино и Гран-при Эмилии-Романьи.
3176219	Генуя	Ге́нуя — город в Италии, административный центр области Лигурия и одноимённой территориальной единицы, приравненной к провинции.
3176746	Форли	Форли́ — город в итальянском регионе Эмилия-Романья, на древней Эмилиевой дороге, в 19 км от адриатического порта Червиа. Административный центр провинции Форли-Чезена.
3176885	Фоджа	Фо́джа — коммуна в Италии, располагается в регионе Апулия, в провинции Фоджа.
3176959	Флоренция	Флоре́нция — итальянский город на реке Арно, в прошлом — центр Флорентийской республики, столица герцогов Медичи и Итальянского королевства. Ныне — административный центр области Тоскана и одноимённой территориальной единицы, приравненной к провинции.
3177090	Феррара	Ферра́ра — город в итальянском регионе Эмилия-Романья, административный центр одноимённой провинции. Расположен на востоке Паданской равнины, в дельте реки По.
3177838	Кремона	Кремо́на — город в итальянской области Ломбардия, административный центр одноимённой провинции.
3178229	Комо	Ко́мо — город в итальянском регионе Ломбардия, административный центр одноимённой провинции. Расположен в живописной местности у юго-западной оконечности озера Комо, в обрамлении предгорий Альп.
3178957	Чезена	Чезе́на — город в северной Италии, в регионе Эмилия-Романья. Стоит на реке Савио у подножия Апеннинских гор, в 15 км от побережья Адриатического моря.
3179866	Казерта	Казе́рта — город в итальянском регионе Кампания, в 22 км к северу от Неаполя, административный центр одноимённой провинции. По данным на сентябрь 2017 года население составляет 75 587 человек
3180445	Карпи	Ка́рпи — город в Италии, в регионе Эмилия-Романья, подчиняется административному центру Модена.
318137	Хаккяри (город)	Хаккяри — город и район в провинции Хаккяри на юго-востоке Турции, административный центр провинции.
3181528	Бриндизи	Бри́ндизи — город и морской порт в итальянском регионе Апулия, административный центр одноимённой провинции. Расположен юго-восточнее Бари.
3181554	Брешиа	Бре́шиа — город на севере Италии, второй по величине в Ломбардии. Административный центр одноимённой провинции, крупный экономический центр.
3181913	Больцано	Больца́но или Бо́цен — город в итальянской области Трентино-Альто-Адидже, столица и административный центр автономной провинции Больцано.
3181928	Болонья	Боло́нья — город на севере Италии. Административный центр области Эмилия-Романья и одноимённой территориальной единицы, приравненной к провинции.
3182164	Бергамо	Бе́рга́мо — город в итальянской области Ломбардия, административный центр одноимённой провинции. Расположен примерно на 50 км восточнее Милана по дороге на Брешиа и Венецию, в предгорьях Альп, в долине реки По.
3182340	Барлетта	Барле́тта — портовый город в итальянской области Апулия, в провинции Барлетта-Андрия-Трани.
3182351	Бари	Ба́ри — город-порт на юге Италии. Столица области Апулия и административный центр одноимённой территориальной единицы, приравненной к провинции.
318253	Джизре	Джизре — город и район в провинции Ширнак (Турция), непосредственно к северу от сирийской границы. Основан эмиром Мосула в IX веке на искусственном острове посреди реки Тигр как Джазират-ибн-Омар.
3182714	Асти	А́сти — город в итальянском регионе Пьемонт, на реке Танаро в 55 км к востоку от Турина. Административный центр одноимённой провинции, место проведения ежегодных палио (скачек).
3182884	Ареццо	Аре́ццо — город в итальянской области Тоскана, административный центр одноимённой провинции. Ареццо расположен в 80 км к юго-востоку от Флоренции, на холмах, окружающих верхнее течение реки Арно.
3182957	Априлия	Апри́лия — город в Италии, расположен в области Лацио, подчинён административному центру Латина (провинция).
3183072	Андрия	А́ндрия — коммуна в Италии, в области Апулия, в провинции Барлетта-Андрия-Трани.
3183089	Анкона	Анко́на — город-порт у побережья Адриатического моря, в Италии. Административный центр области Марке и одноимённой провинции.
3183178	Альтамура	Альтаму́ра — город в Италии, расположен в регионе Апулия, подчинён административному центру Бари.
3183299	Алессандрия	Алесса́ндрия — небольшой город в Италии, центр одноимённой провинции.
3183719	Влёра	Влёра — город на юге Албании, административный центр области Влёра и округа (рети) Влёра. Железнодорожная станция. Морской порт на берегу залива Влёра Адриатического моря.
3183875	Тирана	Тира́на — столица и крупнейший город Албании; главный политический, экономический и культурный центр страны. Образует самостоятельную административную единицу город Тирана, а также является административным центром одноимённых области и округа, в состав которых входит.
3184081	Шкодер	Шко́дер — город в Албании, расположенный на берегу озера Шкодер вблизи слияния рек Буна и Дрин, в 20 км от побережья Адриатического моря.
3185728	Дуррес	Ду́ррес, ранее Дирра́хий, Драч и Дура́ццо — второй по величине и наиболее богатый достопримечательностями город Албании. Расположен на побережье Адриатического моря, в 33 км западнее столицы Албании Тираны, напротив итальянских портов Бари и Бриндизи.
3186886	Загреб	За́греб — столица и крупнейший город Хорватии. Население — 767 131 человек (2021), площадь — 641,29 км².
3186952	Задар	За́дар, Цара — город в Хорватии, один из важнейших исторических центров Далмации, кафедра Задарской архиепархии. Находится в центральной части побережья Адриатики, центр жупании Задар.
3189595	Суботица	Субо́тица — город в северной Сербии, в автономном крае Воеводина. Является вторым по величине городом Воеводины после города Нови-Сада и пятым по величине городом Сербии, а также самым северным городом Сербии.
3191281	Сараево	Сара́ево — крупнейший город и столица Боснии и Герцеговины. Административный центр Сараевского кантона.
3191648	Риека	Рие́ка, Фиу́ме, Флаум — город и порт в Хорватии, третий по величине город страны после её столицы Загреба и Сплита. Находится в регионе Кварнер рядом с полуостровом Истрия.
3193044	Подгорица	Подго́рица — столица Черногории. Административный центр столичной общины Подгорица.
3193935	Осиек	О́сиек — город в восточной части Хорватии. Расположен в Славонии, на востоке от столицы страны — Загреба на правом берегу реки Дравы в 25 км от её впадения в Дунай.
3194360	Нови-Сад	Но́ви-Сад — второй по численности населения город Сербии. Расположен на севере страны на берегу Дуная и является административным центром автономного края Воеводина.
3194828	Мостар	Мо́стар — город в Боснии и Герцеговине, административный центр одноимённой общины и Герцеговино-Неретвенского кантона в Федерации Боснии и Герцеговины. Город считается неофициальным центром исторической области Герцеговина, находится на реке Неретве и является пятым по численности населения городом страны.
3195506	Марибор	Ма́рибор — второй по величине город Словении. Марибор расположен в северо-восточной части страны, в регионе Подравска, на реке Драве, у подножья горы Погорье.
3196359	Любляна	Любля́на — столица и крупнейший город Словении. Образует городскую общину Любляна, разделённую на семнадцать районов.
3199145	Илиджа	Илиджа — город в центре Боснии и Герцеговины. Является административным центром общины Илиджа и главным пригородом Сараево.
320392	Бурдур	Бурдур — город в Юго-Западной Анатолии. Центр ила Бурдур в Турции. Рядом с городом находится озеро Бурдур.
3204222	Бихач	Би́хач — город, центр одноимённой общины на реке Уна на северо-западе Боснии и Герцеговины. Бихач — административный центр Унско-Санского кантона Федерации Боснии и Герцеговины.
3204541	Баня-Лука	Ба́ня-Лу́ка — город в Боснии и Герцеговине, столица Республики Сербской с 1995 года.
321580	Белек	Белек — город-курорт в Турции, расположенный в провинции Анталья на берегу Средиземного моря.
322165	Балыкесир	Балыкеси́р — город в Северо-Западной Турции, неподалёку от Мраморного моря, административный центр провинции Балыкесир. Население — 378302 человек (2025).
322673	Айвалык	Айвалы́к, ранее также использовалось альтернативное греческое название Кидониес — приморский город на севере Эгейского побережья Турции, район ила Балыкесир. До греко-турецкого обмена населением в Айвалыке проживали, в основном, этнические греки.
322830	Айдын	Айды́н — город в Западной Турции, административный центр провинции Айдын.
323777	Анталья	Анта́лья, также Анта́лия — курортный и портовый город на юге Турции на берегу Средиземного моря, который является центром провинции Анталья. Постоянное население города — 1,5 миллиона человек, при этом в летний период число фактически находящихся в городе людей может превышать 2 миллиона из-за активного туристического…
323779	Антиохия	Антио́хия, также Антио́хия-на-Оро́нте — древний эллинистический город на территории современной Турции, на восточном берегу реки Эль-Аси (Оронт). Современное название города — Антакья, это название было получено в ходе арабского завоевания города в VII веке.
323786	Анкара	Анкара́ — столица Турции. Население ила на 2024 год составило 5 864 049 человек; население самого города — 5 290 822 человека. Это второй город в стране по населению после Стамбула.
324190	Аланья	Ала́нья, до 1935 года Ала́йя или Ала́йе, — район и город в иле (области) Анталья Турции, широко известный центр отдыха с развитой инфраструктурой услуг и развлечений. Расположен на побережье Средиземного моря, в 138 км от Антальи.
324496	Аксарай	Аксарай — город и район в регионе Центральная Анатолия в Турции, центр ила Аксарай. В соответствии с переписью населения 2000 года, в городе проживает 129 949 человек, а в провинции 236 560 человек.
324698	Акхисар	Акхиса́р — город и район на западе Турции в провинции Маниса Эгейского региона.
3247449	Ахен	А́хен — город в Германии, земля Северный Рейн-Вестфалия.
325303	Афьонкарахисар	Афьонкарахисар или Афьон-Карахисар — город и район в западной Турции, административный центр ила Афьонкарахисар. По данным переписи 2000 года население города составляло 128 516 человек; спустя четверть века оно выросло в 2 раза и достигло 260 577 человек (2025).
325330	Адыяман	Адыяма́н — город на юго-востоке Турции, столица ила Адыяман. Один из самых быстрорастущих турецких городов.
325363	Адана	А́дана, или Адана́ — город на юге Турции. Административный центр области Адана, расположенный в Средиземноморском регионе Турции на реке Сейхан, в 50 км от берега Средиземного моря.
325780	Йирга-Алем	Йирга-Алем (амх. ይርጋለም) — город на юге Эфиопии, до 2020 года относился к региону Южных национальностей, народностей и народов. Входит в состав региона Сидама.
326406	Уольдыя	Уольдыя (амх. ወልደያ) — город на севере Эфиопии, в регионе Амхара. Входит в состав зоны Северное Волло.
331180	Мэкэле	Мэкэле́ — город на севере Эфиопии, административный центр региона Тыграй.
333287	Кэрэн	Кэ́рэн, устар. Ке́рен — третий по величине город в Эритрее, расположенный к северо-западу от Асмэры, с населением около 82 198 человек (2012). Административный центр провинции Ансэба.
333373	Комбольча	Комбольча (амх. ኮምቦልቻ) — город на севере центральной части Эфиопии.
333772	Джимма	Джи́мма — крупнейший город юго-западной части Эфиопии. Расположен в регионе Оромия.
333795	Джиджига	Джиджига — город на востоке Эфиопии, административный центр эфиопского региона Сомали. Известен своим производством благовоний.
3345439	Телфорд	Телфорд — город в Великобритании, крупнейший населённый пункт английского церемониального графства Шропшир, центр унитарной единицы Телфорд-энд-Рикин. Назван в честь известного инженера XVIII—XIX веков Томаса Телфорда.
3346015	Сумбе	Су́мбе — город в Анголе, столица провинции Южная Кванза. До 1975 года носил название Нову-Редонду, в 1975-1981 гг — Нгунза-Каболу.
3346821	Онджива	Онджи́ва, ранее Онжива, — город в Анголе, столица провинции Кунене. Расположен в 42 км от границы с Намибией.
3347019	Намибе	Нами́бе — провинция в Анголе. Во времена португальского господства провинция Намибе называлась Мосамедиш. Административный центр — город Мосамедиш.
3347353	Менонге	Мено́нге — город в Анголе, столица провинции Квандо-Кубанго. До 1975 года носил название Се́рпа-Пи́нту.
3347424	Матала	Ма́тала — деревня в Греции на юге Крита. Расположена на побережье Ливийского моря в 62 километрах к юго-западу от Ираклиона.
3347762	Лубанго	Луба́нго — город в провинции Уила, Ангола. Является административным центром провинции.
3347939	Лобиту	Лоби́ту — город и муниципалитет в Анголе, в провинции Бенгела. Расположен на берегу Атлантического океана, к северу от эстуария Катумбела, примерно в 35 км от центра провинции, города Бенгела.
3348078	Квито	Кви́то — город в Анголе, административный центр провинции Бие. До 1975 года носил название Сильва-Порту.
3348313	Уамбо	Уамбо, ранее Нова-Лижбоа, Новый Лиссабон (Хвамбо), — город в Анголе, административный центр провинции Уамбо.
3349229	Кубал	Кубал — муниципалитет в Анголе, входит в состав провинции Бенгела. Площадь — 4794 км2. Население на 2006 год — 252 254 человек.
3350123	Кела	Кела — село в Грузии, на территории Ланчхутского муниципалитета края (мхаре) Гурия.
3350246	Катумбела	Катумбела — город и муниципалитет в провинции Бенгела в Анголе.
335035	Харэр	Ха́рэр, устар. Харар (амх. ሐረር) — город на востоке Эфиопии. Административный центр региона Харари.
3351764	Баломбо	Баломбо — муниципалитет в Анголе, входит в состав провинции Бенгела. Площадь — 2635 км2. Дата основания — 1954 год.
3352136	Виндхук	Ви́ндхук — столица и самый большой город Республики Намибия. Население — 334 580 человек.
3353383	Рунду	Рунду — город в Намибии, административный центр области Восточное Каванго.
3359638	Уолфиш-Бей	Уо́лфиш-Бе́й — город на юго-западном побережье Африки и главный порт Намибии.
336014	Гондэр	Го́ндэр (амх. ጎንደር) — город в Эфиопии, в регионе Амхара. Является центром исторической провинции Бэгемдыр-и-Сымен.
3361025	Стелленбос	Стелленбос — город в Западной Капской провинции Южно-Африканской Республики. Расположен в 50 километрах к востоку от Кейптауна.
3363094	Парл	Парл — крупное поселение в Западно-Капской провинции, один из трёх старейших основанных европейцами городов в ЮАР (1657), наряду с Кейптауном и Стелленбосом. Расположен в 60 км к северо-востоку от Кейптауна.
3369157	Кейптаун	Кейпта́ун — второй по численности населения после Йоханнесбурга город Южно-Африканской Республики. Расположен на юго-западе страны, на побережье Атлантического океана, недалеко от Мыса Доброй Надежды.
3374036	Бриджтаун	Бри́джтаун — город в юго-западной части острова Барбадос, столица государства Барбадос.
3374333	Прая	Пра́я — столица и самый крупный город островного государства Кабо-Верде, расположенного в Атлантическом океане вблизи побережья Сенегала, на острове Сантьягу.
3374462	Минделу	Минде́лу — второй по величине город Кабо-Верде. Город занимает площадь 67 км² на северо-западе острова Сан-Висенте в заливе Порту Гранде, естественной гавани, сформированной в кратере подводного вулкана около 4 км в диаметре.
3378644	Джорджтаун	Джо́рджтаун — столица Гайаны, её крупнейший экономический и транспортный центр. Население — 125 683 человек (2022).
3383330	Парамарибо	Парамарибо — столица и самый крупный город, административный центр и главный порт Суринама. В Парамарибо живёт почти половина всего населения Суринама.
3386496	Терезина	Терези́на — город и муниципалитет в Бразилии, столица штата Пиауи. Составная часть мезорегиона Северо-центральная часть штата Пиауи.
3387786	Серра-Тальяда	Серра-Тальяда — муниципалитет в Бразилии, входит в штат Пернамбуку. Составная часть мезорегиона Сертан штата Пернамбуку.
3388376	Сан-Лоренсу-да-Мата	Сан-Лоренсу-да-Мата — муниципалитет в Бразилии, входит в штат Пернамбуку. Составная часть мезорегиона Агломерация Ресифи.
3389652	Санта-Крус-ду-Капибариби	Санта-Крус-ду-Капибариби — муниципалитет в Бразилии, входит в штат Пернамбуку. Составная часть мезорегиона Сельскохозяйственный район штата Пернамбуку.
3390760	Ресифи	Реси́фи — город и муниципалитет в Бразилии, столица штата Пернамбуку. Составная часть мезорегиона Агломерация Ресифи.
339219	Дэссе	Дэ́ссе (амх. ደሴ) — город и вореда в Эфиопии, в регионе Амхара. Через город проходит шоссе Аддис-Абеба — Асмэра.
3392242	Петролина	Петролина — муниципалитет в Бразилии, входит в штат Пернамбуку. Составная часть мезорегиона Сан-Франсиску-Пернамбукану.
3392734	Паулу-Афонсу	Паулу-Афонсу — город и муниципалитет в Бразилии, входит в штат Баия. Составная часть мезорегиона Вали-Сан-Франсискану-да-Баия.
3392998	Парнамирин	Парнамирин — муниципалитет в Бразилии, входит в штат Риу-Гранди-ду-Норти. Составная часть мезорегиона Восток штата Риу-Гранди-ду-Норти.
3393001	Парнаиба	Парнаиба — муниципалитет в Бразилии, входит в штат Пиауи. Составная часть мезорегиона Север штата Пиауи.
3393536	Олинда	Олинда — муниципалитет в Бразилии, входит в штат Пернамбуку. Составная часть мезорегиона Агломерация Ресифи.
3394023	Натал (город, Бразилия)	Ната́л — город и муниципалитет на вос­то­ке Бразилии, столица и крупнейший город штата Риу-Гранди-ду-Норти. Входит в состав мезорегиона Восток штата Риу-Гранди-ду-Норти и в состав крупной городской агломерации Натал.
3394682	Мосоро	Мосоро — муниципалитет в Бразилии, входит в штат Риу-Гранди-ду-Норти. Составная часть мезорегиона Запад штата Риу-Гранди-ду-Норти.
3395503	Мараба	Мараба — муниципалитет в Бразилии, входит в штат Пара. Составная часть мезорегиона Юго-восток штата Пара.
3395981	Масейо	Масейо́ — город в Бразилии, столица штата Алагоас. Порт на побережье Атлантического океана.
3396016	Макапа	Макапа — город и муниципалитет в Бразилии, столица штата Амапа. Составная часть мезорегиона Юг штата Амапа.
3397147	Жуазейру-ду-Норти	Жуазе́йру-ду-Но́рти — муниципалитет в Бразилии, входит в штат Сеара. Составная часть мезорегиона Юг штата Сеара.
3397277	Жуан-Песоа	Жуа́н-Песо́а — город на се­ве­ро-вос­то­ке Бразилии, столица штата Параиба. Составная часть мезорегиона Зона-да-Мата-Параибана.
339734	Дэбрэ-Бырхан	Дэбрэ-Бырхан — город в Эфиопии.
3397909	Итапипока	Итапипока — муниципалитет в Бразилии, входит в штат Сеара. Составная часть мезорегиона Север штата Сеара.
3398269	Императрис	Императрис — муниципалитет в Бразилии, входит в штат Мараньян. Составная часть мезорегиона Запад штата Мараньян.
3398352	Игарасу	Игарасу — муниципалитет в Бразилии, входит в штат Пернамбуку. Составная часть мезорегиона Агломерация Ресифи.
3399058	Гараньюнс	Гараньюнс — муниципалитет в Бразилии, входит в штат Пернамбуку. Составная часть мезорегиона Сельскохозяйственный район штата Пернамбуку.
3399415	Форталеза	Фортале́за — город в Бразилии, столица штата Сеара. Пятый по величине город Бразилии.
3402591	Кастаньял	Кастаньял — муниципалитет в Бразилии, входит в штат Пара. Составная часть мезорегиона Агломерация Белен.
3404558	Кабеделу	Кабеделу — муниципалитет в Бразилии, входит в штат Параиба. Составная часть мезорегиона Зона-да-Мата-Параибана.
3405738	Безеррус	Безеррус — муниципалитет в Бразилии, входит в штат Пернамбуку. Составная часть мезорегиона Сельскохозяйственный район штата Пернамбуку.
3406910	Бакабал	Бакабал — муниципалитет в Бразилии, входит в штат Мараньян. Составная часть мезорегиона Центр штата Мараньян.
3407216	Арковерди	Арковерди — муниципалитет в Бразилии, входит в штат Пернамбуку. Составная часть мезорегиона Сертан штата Пернамбуку.
3407243	Арарипина	Арарипина — муниципалитет в Бразилии, входит в штат Пернамбуку. Составная часть мезорегиона Сертан штата Пернамбуку.
3407357	Арагуаина	Арагуаина — муниципалитет в Бразилии, входит в штат Токантинс. Составная часть мезорегиона Западный Токантинс.
3407669	Ананиндеуа	Ананиндеуа — муниципалитет в Бразилии, входит в штат Пара. Составная часть мезорегиона Агломерация Белен.
3407882	Альтамира	Альтами́ра — пещера в Испании с полихромной каменной живописью эпохи верхнего палеолита. Находится на одноимённом лугу в 2 км от центра городка Сантильяна-дель-Мар в Кантабрии, Испания, в 30 км западнее Сантандера.
3408404	Абреу-и-Лима	Абреу-и-Лима — муниципалитет в Бразилии, входит в штат Пернамбуку. Составная часть мезорегиона Агломерация Ресифи.
3413829	Рейкьявик	Рейкья́вик — столица и крупнейший город, а также община Исландии.
3427833	Тандиль	Тандиль — город в муниципалитете Тандиль провинции Буэнос-Айрес Аргентинской Республики.
342884	Бахр-Дар	Ба́хр-Дар — город на северо-западе Эфиопии. Находится на побережье озера Тана, у истока реки Аббай.
3429577	Ресистенсия (Чако)	Ресистенсия — административный центр провинции Чако, расположенный на юго-востоке провинции, в северо-восточной части департамента Сан-Фернандо, являясь его главным городом с населением 291 720 жителей. и 359 590 человек, учитывая пригороды.
3429594	Реконкиста	Реконки́ста или Иберийские крестовые походы — длительный процесс отвоёвывания пиренейскими христианами — в основном испанцами и португальцами — земель на Пиренейском полуострове, занятых маврскими эмиратами.
3430595	Монте-Чинголо	Монте-Чинголо — город в Аргентине в провинции Буэнос-Айрес в муниципалитете Ланус.
3430863	Мар-дель-Плата	Мар-дель-Пла́та — город в Аргентине, в провинции Буэнос-Айрес. Расположен в 400 км к югу от столицы страны, Буэнос-Айреса.
3432043	Ла-Плата (город)	Ла-Пла́та — город в Аргентине, административный центр провинции Буэнос-Айрес. Расположен на берегу эстуария Ла-Плата.
3432135	Ланус	Лану́с — город в Аргентине, в провинции Буэнос-Айрес. Основан 20 октября 1888 года. К середине XX века в результате интенсивной субурбанизации его полностью поглотил мегаполис Большой Буэнос-Айрес.
343292	Асоса	Асо́са (амх. አሶሳ) — город на западе Эфиопии, административный центр региона Бенишангуль-Гумуз.
343300	Асмэра	Асмэ́ра, также Асма́ра — столица и крупнейший город Эритреи. В городе развиты текстильная, швейная, обувная, пищевая, керамическая промышленность.
3433424	Исидро-Касанова	Исидро-Касанова — город в Аргентине в провинции Буэнос-Айрес в муниципалитете Ла-Матанса.
3433658	Гуалегуайчу	Гуалегуайчу́ — город и муниципалитет в департаменте Гуалегуайчу провинции Энтре-Риос (Аргентина), административный центр департамента.
3435217	Корриентес	Коррие́нтес (исп. Corrientes) — город на северо-востоке Аргентины, административный центр одноимённой провинции. Расположен на восточном берегу реки Парана, служит в качестве порта, а также железнодорожного узла.
3435264	Консепсьон-дель-Уругвай	Консепсьон-дель-Уругвай — город в Аргентине. Город расположен в провинции Энтре-Риос на западном берегу реки Уругвай, за 320 километров к северу от Буэнос-Айреса.
3435910	Буэнос-Айрес	Буэ́нос-А́йрес — столица и крупнейший город Аргентины, административный, культурный и экономический центр страны и один из крупнейших городов Южной Америки. Буэнос-Айрес расположен в центрально-восточной части страны, на западном берегу крупнейшего залива-эстуария Рио-де-ла-Плата, являющегося продолжением устья второй…
343663	Арба-Мынч	А́рба-Мынч — город на юге Эфиопии, в Регионе Народов и народностей юга. Расположен в 500 км южнее Аддис-Абебы на высоте 1284 м над уровнем моря.
3437547	Педро-Хуан-Кабальеро	Педро-Хуан-Кабальеро — город в Парагвае, административный центр департамента Амамбай. Город находится на северо-востоке страны, на границе с Бразилией, на стратегическом шоссе Ruta 5, начинающемся от города Консепсьон.
3437918	Итаугуа	Итаугуа́ — город департамента Сентраль, Парагвай. Основан в 1728 году, известен своим изысканным и своеобразным искусством нандути и своей музыкой.
3438735	Энкарнасьон	Энкарнасьон — город в Парагвае.
3439101	Сьюдад-дель-Эсте	Сьюда́д-дель-Э́сте — второй по величине город Парагвая и административный центр департамента Альто-Парана. Это, прежде всего, торговый и шопинг-центр.
3439389	Асунсьон	Асунсьо́н — столица и крупнейший город Парагвая, политический, экономический и культурный центр страны. Расположена на левом берегу реки Парагвай, напротив устья её крупного правого притока Пилькомайо.
3441243	Пайсанду	Пайсанду́ — четвёртый по населению город Уругвая, крупнейший город и административный центр департамента Пайсанду.
3441575	Монтевидео	Монтевиде́о — столица и крупнейший город Уругвая, а также административный центр одноимённого департамента.
3444876	Волта-Редонда	Во́лта-Редо́нда — город и муниципалитет в Бразилии, входит в штат Рио-де-Жанейро. Составная часть мезорегиона Юг штата Рио-де-Жанейро.
3444914	Витория-да-Конкиста	Витория-да-Конкиста — город и муниципалитет в Бразилии, входит в штат Баия. Составная часть мезорегиона Юго-центральная часть штата Баия.
3444924	Витория (Бразилия)	Вито́рия, Виктория — город в Бразилии, столица штата Эспириту-Санту. Население 317 тыс. жителей (2006).
3445156	Виаман	Виаман — город и муниципалитет в Бразилии, входит в штат Риу-Гранди-ду-Сул. Составная часть мезорегиона Агломерация Порту-Алегри.
3445578	Валиньюс	Валиньюс — муниципалитет в Бразилии, входит в штат Сан-Паулу. Составная часть мезорегиона Кампинас.
3445679	Уругваяна	Уругваяна — муниципалитет в Бразилии, входит в штат Риу-Гранди-ду-Сул. Составная часть мезорегиона Юго-запад штата Риу-Гранди-ду-Сул.
3445831	Уберландия	Уберландия — город и муниципалитет в Бразилии, входит в штат Минас-Жерайс. Составная часть мезорегиона Триангулу-Минейру-и-Алту-Паранаиба.
3445839	Убераба	Убера́ба — город и муниципалитет на юго-востоке Бразилии, расположенный в штате Минас-Жерайс. Он находится на Бразильском плоскогорье, на берегу реки Убераба.
3445847	Убатуба	Убатуба — муниципалитет в Бразилии, входит в штат Сан-Паулу. Составная часть мезорегиона Вали-ду-Параиба-Паулиста.
3445942	Тупа	Тупа — река в Чортковском районе Тернопольской области, Украина. Правый приток Серета.
3446065	Трес-Риус	Трес-Риус — муниципалитет в Бразилии, входит в штат Рио-де-Жанейро. Составная часть мезорегиона Центр штата Рио-де-Жанейро.
3446098	Трес-Лагоас	Трес-Лагоас — муниципалитет в Бразилии, входит в штат Мату-Гросу-ду-Сул. Составная часть мезорегиона Восток штата Мату-Гроссу-ду-Сул.
3446138	Трес-Корасойнс	Трес-Корасойнс — муниципалитет в Бразилии, входит в штат Минас-Жерайс. Составная часть мезорегиона Юг и юго-запад штата Минас-Жерайс.
3446606	Терезополис	Терезо́полис — муниципалитет в Бразилии, входит в штат Рио-де-Жанейро. Составная часть мезорегиона Агломерация Рио-де-Жанейро.
3446621	Теофилу-Отони	Теофилу-Отони — муниципалитет в Бразилии, входит в штат Минас-Жерайс. Составная часть мезорегиона Вали-ду-Мукури.
3446652	Телемаку-Борба	Телемаку-Борба — муниципалитет в Бразилии, входит в штат Парана. Составная часть мезорегиона Восточно-центральная часть штата Парана.
3446682	Таубате	Таубате́ — муниципалитет в Бразилии, входит в штат Сан-Паулу. Составная часть мезорегиона Вали-ду-Параиба-Паулиста.
3446692	Татуи	Татуи — муниципалитет в Бразилии, входит в штат Сан-Паулу. Составная часть мезорегиона Итапетининга.
3447212	Сузану	Сузану — муниципалитет в Бразилии, входит в штат Сан-Паулу. Составная часть мезорегиона Агломерация Сан-Паулу.
3447399	Сорокаба	Сорока́ба — город и муниципалитет в Бразилии, входит в штат Сан-Паулу. Составная часть мезорегиона Макрорегион агломерации Сан-Паулу.
3447624	Сети-Лагоас	Сети-Лагоас — муниципалитет в Бразилии, в штате Минас-Жерайс. Расположен в 62 километрах на северо-запад от Белу-Оризонти.
344797	Адуа	А́дуа (амх. አድዋ) — торговый город в северной части Эфиопии. Более известен решающей битвой между эфиопскими и итальянскими войсками, которая произошла 1 марта 1896 года и завершилась героической победой эфиопских войск.
3448351	Сан-Педру-да-Алдея	Сан-Педру-да-Алдея — муниципалитет в Бразилии, входит в штат Рио-де-Жанейро. Составная часть мезорегиона Байшадас-Литоранеас.
3448439	Сан-Паулу	Сан-Па́улу — город на юго-востоке Бразилии, столица одноимённого штата. Самый населённый город в пределах страны, континента, португалоязычного сообщества и всего Южного полушария.
3448632	Сан-Жозе-дус-Пиньяйс	Сан-Жозе-дус-Пиньяйс — муниципалитет в Бразилии, входит в штат Парана. Составная часть мезорегиона Агломерация Куритиба.
3448636	Сан-Жозе-дус-Кампус	Сан-Жозе-дус-Кампус — муниципалитет в Бразилии, входит в штат Сан-Паулу. Составная часть мезорегиона Вали-ду-Параиба-Паулиста.
3448879	Сан-Жуан-дел-Рей	Сан-Жуан-дел-Рей — муниципалитет в Бразилии, входит в штат Минас-Жерайс. Составная часть мезорегиона Кампу-дас-Вертентис.
3449324	Сан-Каэтану-ду-Сул	Сан-Каэтану-ду-Сул — муниципалитет в Бразилии, входит в штат Сан-Паулу. Составная часть мезорегиона Агломерация Сан-Паулу.
3449350	Сан-Бенту-ду-Сул	Сан-Бенту-ду-Сул — город в Бразилии, расположенный в штате Санта-Катарина. Основан 23 сентября 1873 года переселенцами из города Жоинвиль.
3449433	Сантус	Сантус — город-порт и муниципалитет в Бразилии, входит в штат Сан-Паулу, главные морские ворота Сан-Паулу. Составная часть мезорегиона Агломерация Сан-Паулу и городской агломерации Байшада-Сантиста.
344979	Аддис-Абеба	Адди́с-Абе́ба — столица Эфиопии. Является крупнейшим в мире городом, расположенным в стране, не имеющей выхода к морю.
3449936	Сантана-ду-Ливраменту	Сантана-ду-Ливраменту — муниципалитет в Бразилии, входит в штат Риу-Гранди-ду-Сул. Составная часть мезорегиона Юго-запад штата Риу-Гранди-ду-Сул.
3450269	Санта-Крус-ду-Сул	Санта-Крус-ду-Сул — муниципалитет в Бразилии, входит в штат Риу-Гранди-ду-Сул. Составная часть мезорегиона Восточно-центральная часть штата Риу-Гранди-ду-Сул.
3450554	Салвадор	Салвадо́р — город в Бразилии, столица штата Баия. В 1549—1763 годах был первой столицей колониальной Бразилии.
3451055	Риу-Верди	Риу-Верди — город и муниципалитет в Бразилии, входит в штат Гояс. Составная часть мезорегиона Юг штата Гояс.
3451152	Риу-ду-Сул	Риу-ду-Сул — муниципалитет в Бразилии, входит в штат Санта-Катарина. Составная часть мезорегиона Вали-ду-Итажаи.
3451190	Рио-де-Жанейро	Ри́о-де-Жане́йро , в просторечии Рио — город в Бразилии. Административный центр одноимённого штата.
3451328	Рибейран-Прету	Рибейра́н-Пре́ту — муниципалитет в Бразилии, входит в штат Сан-Паулу. Составная часть мезорегиона Рибейран-Прету.
3451668	Резенди	Резе́нде, в порт.-браз. произношении Резе́нди — посёлок городского типа в Португалии, центр одноимённого муниципалитета в составе округа Визеу. По старому административному делению входил в провинцию Дору-Литорал.
3452324	Президенти-Пруденти	Президе́нти-Пруде́нти — муниципалитет в Бразилии, входит в штат Сан-Паулу. Составная часть мезорегиона Президенти-Пруденти.
3452525	Позу-Алегри	Позу-Алегри — муниципалитет в Бразилии, входит в штат Минас-Жерайс. Составная часть мезорегиона Юг и юго-запад штата Минас-Жерайс.
3452640	Порту-Сегуру	Порту-Сегуру — муниципалитет в Бразилии, входит в штат Баия. Составная часть мезорегиона Юг штата Баия.
3452925	Порту-Алегри	По́рту-Але́гри — город в Бразилии, столица штата Риу-Гранди-ду-Сул. Порту-Алегри — один из важнейших городов Южной Бразилии, являющийся культурным, образовательным и политическим центром региона.
3453150	Понта-Поран	Понта-Поран — муниципалитет в Бразилии, входит в штат Мату-Гросу-ду-Сул. Составная часть мезорегиона Юго-запад штата Мату-Гроссу-ду-Сул.
3453303	Посус-ди-Калдас	Посус-ди-Калдас — муниципалитет в Бразилии, входит в штат Минас-Жерайс. Составная часть мезорегиона Юг и юго-запад штата Минас-Жерайс.
3453639	Пирасунунга	Пирасунунга — муниципалитет в Бразилии, входит в штат Сан-Паулу. Составная часть мезорегиона Кампинас.
3453643	Пирасикаба	Пирасикаба — город и муниципалитет в Бразилии, входит в штат Сан-Паулу. Составная часть мезорегиона Пирасикаба.
3453837	Пиндамоньянгаба	Пиндамоньянгаба — муниципалитет в Бразилии, входит в штат Сан-Паулу. Составная часть мезорегиона Вали-ду-Параиба-Паулиста.
3454031	Петрополис	Петро́полис — муниципалитет в Бразилии, входит в штат Рио-де-Жанейро. Составная часть мезорегиона Агломерация Рио-де-Жанейро.
3454244	Пелотас	Пело́тас — город и муниципалитет в Бразилии, входит в штат Риу-Гранди-ду-Сул, в 271 км от столицы штата — города Порту-Алегри. Составная часть мезорегиона Юго-восток штата Риу-Гранди-ду-Сул.
3454690	Паулиния	Паулиния — муниципалитет в Бразилии, входит в штат Сан-Паулу. Составная часть мезорегиона Кампинас.
3454763	Патросиниу	Патросиниу — муниципалитет в Бразилии, входит в штат Минас-Жерайс. Составная часть мезорегиона Триангулу-Минейру-и-Алту-Паранаиба.
3454818	Пату-Бранку	Па́ту-Бра́нку — город в Бразилии, на юго-западе штата Парана. Город назван по одноимённой реке, на которой расположен.
3454857	Пасу-Фунду	Пасу-Фунду — муниципалитет в Бразилии, входит в штат Риу-Гранди-ду-Сул. Составная часть мезорегиона Северо-запад штата Риу-Гранди-ду-Сул.
3455070	Паранагуа	Паранагуа — муниципалитет в Бразилии, входит в штат Парана. Составная часть мезорегиона Агломерация Куритиба.
3455168	Паракату	Паракату — муниципалитет в Бразилии, входит в штат Минас-Жерайс. Составная часть мезорегиона Северо-запад штата Минас-Жерайс.
3455671	Ору-Прету	О́ру-Пре́ту, Оу́ру-Прету — город и муниципалитет в Бразилии, входит в штат Минас-Жерайс. Бывшая столица штата. Составная часть мезорегиона Агломерация Белу-Оризонти.
3456147	Нова-Лима	Нова-Лима — муниципалитет в Бразилии, входит в штат Минас-Жерайс. Составная часть мезорегиона Агломерация Белу-Оризонти.
3456160	Нова-Игуасу	Но́ва-Игуасу́ — муниципалитет в Бразилии, входит в штат Рио-де-Жанейро. Составная часть мезорегиона Агломерация Рио-де-Жанейро.
3456166	Нова-Фрибургу	Нова-Фрибургу — город и муниципалитет в Бразилии, входит в штат Рио-де-Жанейро. Составная часть мезорегиона Центр штата Рио-де-Жанейро.
3456283	Нитерой	Нитеро́й — муниципалитет в Бразилии, входит в штат Рио-де-Жанейро. Составная часть мезорегиона Агломерация Рио-де-Жанейро.
3456290	Нилополис	Нило́полис — муниципалитет в Бразилии, входит в штат Рио-де-Жанейро. Составная часть мезорегиона Агломерация Рио-де-Жанейро.
3456370	Навегантис	Навегантис — муниципалитет в Бразилии, входит в штат Санта-Катарина. Составная часть мезорегиона Вали-ду-Итажаи.
3456500	Муриаэ	Муриаэ — муниципалитет в Бразилии, входит в штат Минас-Жерайс. Составная часть мезорегиона Зона-да-Мата.
3456814	Монтис-Кларус	Монтис-Кларус — муниципалитет в Бразилии, входит в штат Минас-Жерайс. Составная часть мезорегиона Север штата Минас-Жерайс.
3456998	Можи-Мирин	Можи-Мирин — муниципалитет в Бразилии, входит в штат Сан-Паулу. Составная часть мезорегиона Кампинас.
3457000	Можи-Гуасу	Можи-Гуасу — муниципалитет в Бразилии, входит в штат Сан-Паулу. Составная часть мезорегиона Кампинас.
3457381	Мауа	Мауа — муниципалитет в Бразилии, входит в штат Сан-Паулу. Составная часть мезорегиона Агломерация Сан-Паулу.
3457671	Маринга	Маринга́ — город и муниципалитет в Бразилии, входит в штат Парана. Составная часть мезорегиона Северо-центральная часть штата Парана.
3458131	Майрипоран	Майрипоран — муниципалитет в Бразилии, входит в штат Сан-Паулу. Составная часть мезорегиона Агломерация Сан-Паулу.
3458142	Маже	Маже — город и муниципалитет в Бразилии, входит в штат Рио-де-Жанейро. Составная часть мезорегиона Агломерация Рио-де-Жанейро.
3458266	Макаэ	Макаэ — муниципалитет в Бразилии, входит в штат Рио-де-Жанейро. Составная часть мезорегиона Север штата Рио-де-Жанейро.
3458449	Лондрина	Лондрина — город и муниципалитет в Бразилии, входит в штат Парана. Составная часть мезорегиона Северо-центральная часть штата Парана.
3458494	Линс	Линс — муниципалитет в Бразилии, входит в штат Сан-Паулу. Составная часть мезорегиона Бауру.
3458696	Лаврас	Лаврас — муниципалитет в Бразилии, входит в штат Минас-Жерайс. Составная часть мезорегиона Кампу-дас-Вертентис.
3458930	Лажис	Лажис — муниципалитет в Бразилии, входит в штат Санта-Катарина. Составная часть мезорегиона Серрана.
3459505	Жуис-ди-Фора	Жуи́с-ди-Фо́ра — муниципалитет в Бразилии, входит в штат Минас-Жерайс. Составная часть мезорегиона Зона-да-Мата.
3459712	Жоинвили	Жоинви́ли, иногда употребляется Жоинви́ль — город и муниципалитет в Бразилии, входит в штат Санта-Катарина. Составная часть мезорегиона Север штата Санта-Катарина.
3459796	Жуан-Монлевади	Жуан-Монлевади — муниципалитет в Бразилии, входит в штат Минас-Жерайс. Составная часть мезорегиона Агломерация Белу-Оризонти.
3460005	Жау	Жау — муниципалитет в Бразилии, входит в штат Сан-Паулу. Составная часть мезорегиона Бауру.
3460102	Жарагуа-ду-Сул	Жарагуа-ду-Сул — муниципалитет в Бразилии, входит в штат Санта-Катарина. Составная часть мезорегиона Север штата Санта-Катарина.
346030	Зифта	Зи́фта — город и центр района в губернаторстве Гарбия в Египте. Находится на юго-востоке губернаторства, в 25 км к юго-востоку от центра губернаторства Танты, на левом берегу восточного рукава Нила.
3460370	Жакареи	Жакареи — город и муниципалитет в Бразилии, входит в штат Сан-Паулу. Составная часть мезорегиона Вали-ду-Параиба-Паулиста.
3460441	Жаботикабал	Жаботикабал — муниципалитет в Бразилии, входит в штат Сан-Паулу. Составная часть мезорегиона Рибейран-Прету.
3460522	Итумбиара	Итумбиара — муниципалитет в Бразилии, входит в штат Гояс. Составная часть мезорегиона Юг штата Гойас.
3460523	Итиютаба	Итиютаба — муниципалитет в Бразилии, входит в штат Минас-Жерайс. Составная часть мезорегиона Триангулу-Минейру-и-Алту-Паранаиба.
3460535	Иту	Иту — муниципалитет в Бразилии, входит в штат Сан-Паулу. Составная часть мезорегиона Макрорегион агломерации Сан-Паулу.
3460699	Итапира	Итапира — бразильский муниципалитет в штате Сан-Паулу. Он расположен на широте 22°26'00" (юг) и долгота 46º49'18" (запад), находясь на высоте 643 метра.
3460728	Итапетининга	Итапетининга — муниципалитет в Бразилии, входит в штат Сан-Паулу. Составная часть мезорегиона Итапетининга.
3460733	Итаперуна	Итаперуна — муниципалитет в Бразилии, входит в штат Рио-де-Жанейро. Составная часть мезорегиона Северо-запад штата Рио-де-Жанейро.
3460748	Итапесерика-да-Серра	Итапесерика-да-Серра — муниципалитет в Бразилии, входит в штат Сан-Паулу. Составная часть мезорегиона Агломерация Сан-Паулу.
3460791	Итаньяэн	Итаньяэн — муниципалитет в Бразилии, входит в штат Сан-Паулу. Составная часть мезорегиона Южное побережье штата Сан-Паулу.
3460845	Итажаи	Итажаи — город и муниципалитет в Бразилии, входит в штат Санта-Катарина. Составная часть мезорегиона Вали-ду-Итажаи.
3460949	Итабуна	Итабу́на — муниципалитет в Бразилии, входит в штат Баия. Составная часть мезорегиона Юг штата Баия.
3460960	Итабира	Итаби́ра — город и муниципалитет в Бразилии, входит в штат Минас-Жерайс. Составная часть мезорегиона Агломерация Белу-Оризонти.
3461144	Ипатинга	Ипатинга — муниципалитет в Бразилии, входит в штат Минас-Жерайс. Составная часть мезорегиона Вали-ду-Риу-Доси и центр городской агломерации Вали-ду-Асу.
3461311	Индаятуба	Индаятуба — муниципалитет в Бразилии, входит в штат Сан-Паулу. Составная часть мезорегиона Кампинас.
3461408	Ильеус	Илье́ус — муниципалитет в Бразилии, входит в штат Баия. Составная часть мезорегиона Юг штата Баия.
3461444	Ижуи	Ижуи́ — муниципалитет в Бразилии, входит в штат Риу-Гранди-ду-Сул. Составная часть мезорегиона Северо-запад штата Риу-Гранди-ду-Сул.
3461563	Ибирите	Ибирите́ — муниципалитет в Бразилии, входит в штат Минас-Жерайс. Составная часть мезорегиона Агломерация Белу-Оризонти.
3461655	Ортоландия	Ортоландия — муниципалитет в Бразилии, входит в штат Сан-Паулу. Составная часть мезорегиона Кампинас.
3461724	Гурупи	Гурупи — муниципалитет в Бразилии, входит в штат Токантинс. Составная часть мезорегиона Западный Токантинс.
3461786	Гуарульюс	Гуару́льюс — город и муниципалитет на юго-востоке Бразилии, входит в штат Сан-Паулу. Составная часть мезорегиона Агломерация Сан-Паулу.
3461789	Гуаружа	Гуаружа́ — город и муниципалитет в Бразилии, входит в штат Сан-Паулу. Составная часть мезорегиона Агломерация Сан-Паулу.
3461879	Гуарапуава	Гуарапуава — муниципалитет в Бразилии, входит в штат Парана. Составная часть мезорегиона Юго-центральная часть штата Парана.
3461888	Гуарапари	Гуарапари — муниципалитет в Бразилии, входит в штат Эспириту-Санту. Составная часть мезорегиона Центр штата Эспириту-Санту.
3461973	Гуанамби	Гуанамби — муниципалитет в Бразилии, входит в штат Баия. Составная часть мезорегиона Юго-центральная часть штата Баия.
3462315	Говернадор-Валадарис	Говернадор-Валадарис — город и муниципалитет в Бразилии, входит в штат Минас-Жерайс. Составная часть мезорегиона Вали-ду-Риу-Доси.
3462377	Гояния	Гоя́ния — город и муниципалитет в Бразилии, столица штата Гояс. Составная часть мезорегиона Центр штата Гойас.
3463030	Фос-ду-Игуасу	Фос-ду-Игуасу́ — муниципалитет в Бразилии, входит в штат Парана. Составная часть мезорегиона Запад штата Парана.
3463237	Флорианополис	Флориано́полис — город в Бразилии, столица штата Санта-Катарина. Центр города расположен на западном берегу острова Санта-Катарина и соединяется с материком самым длинным подвесным мостом Бразилии — мостом Эрсилиу Луса.
3464073	Эрешин	Эрешин — муниципалитет в Бразилии, входит в штат Риу-Гранди-ду-Сул. Составная часть мезорегиона Северо-запад штата Риу-Гранди-ду-Сул.
3464374	Дуки-ди-Кашиас	Дуки-ди-Кашиас — город и муниципалитет на юго-востоке Бразилии, входит в штат Рио-де-Жанейро. Составная часть мезорегиона Агломерация Рио-де-Жанейро.
3464460	Дорадус	Дорадус — город и муниципалитет в бразильском штате Мату-Гросу-ду-Сул. Составная часть мезорегиона Юго-запад штата Мату-Гроссу-ду-Сул.
3464975	Куритиба	Курити́ба — столица бразильского штата Парана. Расположен на Первом плато Параны на высоте 934 метра над уровнем моря более чем в 110 километрах от Атлантического океана и в 1386 км к югу от столицы страны Бразилиа.
3465038	Куяба	Куяба́ — город в Бразилии, столица штата Мату-Гросу.
3465196	Крисиума	Крисиума — город и муниципалитет в Бразилии, входит в штат Санта-Катарина. Составная часть мезорегиона Юг штата Санта-Катарина.
3465342	Корумба	Корумба́ — муниципалитет в Бразилии, входит в штат Мату-Гросу-ду-Сул. Составная часть мезорегиона Пантанайс-Сул-Мату-Гроссенсис.
3465476	Коронел-Фабрисиану	Коронел-Фабрисиану — муниципалитет в Бразилии, входит в штат Минас-Жерайс. Составная часть мезорегиона Вали-ду-Риу-Доси.
3465644	Консельейру-Лафаети	Консельейру-Лафаети — муниципалитет в Бразилии, входит в штат Минас-Жерайс. Составная часть мезорегиона Агломерация Белу-Оризонти.
3465944	Колатина	Колатина — муниципалитет в Бразилии, входит в штат Эспириту-Санту. Составная часть мезорегиона Северо-запад штата Эспириту-Санту.
3466296	Шапеко	Шапеко́ — муниципалитет в Бразилии, входит в штат Санта-Катарина. Основан 25 августа 1917 года. Составная часть мезорегиона Запад штата Санта-Катарина.
3466537	Кашиас-ду-Сул	Каши́ас-ду-Сул — муниципалитет в Бразилии, входит в штат Риу-Гранди-ду-Сул. Составная часть мезорегиона Северо-восток штата Риу-Гранди-ду-Сул.
3466692	Катандува	Катандува — муниципалитет в Бразилии, входит в штат Сан-Паулу. Составная часть мезорегиона Сан-Жозе-ду-Риу-Прету.
3466988	Каратинга	Каратинга — муниципалитет в Бразилии. входит в штат Минас-Жерайс. Составная часть мезорегиона Вали-ду-Риу-Доси.
3467081	Карагуататуба	Карагуататуба — муниципалитет в Бразилии. Входит в штат Сан-Паулу. Составная часть мезорегиона Вали-ду-Параиба-Паулиста.
3467736	Кампу-Ларгу	Кампу-Ларгу — муниципалитет в Бразилии, входит в штат Парана. Составная часть мезорегиона Агломерация Куритиба.
3467747	Кампу-Гранди	Ка́мпу-Гра́нди — город и муниципалитет в Бразилии, столица штата Мату-Гросу-ду-Сул. Составная часть мезорегиона Северо-центральная часть штата Мату-Гроссу-ду-Сул.
3468031	Камасари	Камасари — муниципалитет в Бразилии, входит в штат Баия. Составная часть мезорегиона Агломерация Салвадор.
3468376	Кашуэйру-ди-Итапемирин	Кашуэйру-ди-Итапемирин — муниципалитет в Бразилии, входит в штат Эспириту-Санту. Составная часть мезорегиона Юг штата Эспириту-Санту.
3468436	Кашуэйра-ду-Сул	Кашуэ́йра-ду-Сул — город в штате Риу-Гранди-ду-Сул (Бразилия), в 196 км от столицы штата — города Порту-Алегри. Население — 85 тыс. человек. Известен как «рисовая столица» Бразилии.
3468551	Касерис	Касерис — город и муниципалитет в Бразилии, входит в штат Мату-Гросу. Составная часть мезорегиона Юго-центральная часть штата Мату-Гроссу.
3468570	Касадор	Касадор — муниципалитет в Бразилии, входит в штат Санта-Катарина. Составная часть мезорегиона Запад штата Санта-Катарина.
3468615	Кабу-Фриу	Кабу-Фриу — муниципалитет в Бразилии, входит в штат Рио-де-Жанейро. Составная часть мезорегиона Байшадас-Литоранеас.
3468893	Брумаду	Брумаду — муниципалитет в Бразилии, входит в штат Баия. Составная часть мезорегиона Юго-центральная часть штата Баия.
3469058	Бразилиа	Брази́лиа, или Брази́лия , — столица Федеративной Республики Бразилии и резиденция правительства Федерального округа. Согласно данным переписи населения, проведённой Бразильским институтом географии и статистики в 2010 году, население города составило 2 562 963 человека, согласно этому показателю Бразилиа является трет…
3469136	Ботукату	Ботукату — муниципалитет в Бразилии, входит в штат Сан-Паулу. Составная часть мезорегиона Бауру.
3469437	Бон-Жезус-да-Лапа	Бон-Жезус-да-Лапа — муниципалитет в Бразилии, входит в штат Баия. Составная часть мезорегиона Вали-Сан-Франсискану-да-Баия.
3469968	Блуменау	Блуменау — город и муниципалитет в Бразилии, входит в штат Санта-Катарина. Составная часть мезорегиона Вали-ду-Итажаи.
3469989	Биригуи	Биригуи — муниципалитет в Бразилии, входит в штат Сан-Паулу. Составная часть мезорегиона Арасатуба.
3470052	Бертиога	Бертиога — муниципалитет в Бразилии, входит в штат Сан-Паулу. Составная часть мезорегиона Агломерация Сан-Паулу.
3470127	Белу-Оризонти	Бе́лу-Оризо́нти — город и муниципалитет на юго-востоке Бразилии, столица штата Минас-Жерайс. Название переводится с португальского как «красивый горизонт».
3470142	Белфорд-Рошу	Белфорд-Рошу — город и муниципалитет в Бразилии, входит в штат Рио-де-Жанейро. Составная часть мезорегиона Агломерация Рио-де-Жанейро.
3470279	Бауру	Бауру́ — город и муниципалитет в Бразилии, входит в штат Сан-Паулу. Составная часть мезорегиона Бауру.
3470451	Барретус	Барретус — муниципалитет в Бразилии, входит в штат Сан-Паулу. Составная часть мезорегиона Рибейран-Прету.
3470583	Баррейрас	Баррейрас — муниципалитет в Бразилии, входит в штат Баия. Составная часть мезорегиона Крайний запад штата Баия.
3470636	Барра-Манса	Ба́рра-Ма́нса — муниципалитет в Бразилии, входит в штат Рио-де-Жанейро. Составная часть мезорегиона Юг штата Рио-де-Жанейро.
3470691	Барра-ду-Пираи	Барра-ду-Пираи — муниципалитет в Бразилии, входит в штат Рио-де-Жанейро. Составная часть мезорегиона Юг штата Рио-де-Жанейро.
3471335	Атибая	Атибая — муниципалитет в Бразилии, входит в штат Сан-Паулу. Составная часть мезорегиона Макрорегион агломерации Сан-Паулу.
3471691	Араша	Араша — муниципалитет в Бразилии, входит в штат Минас-Жерайс. Составная часть мезорегиона Триангулу-Минейру-и-Алту-Паранаиба.
3471715	Араруама	Араруама — муниципалитет в Бразилии, входит в штат Рио-де-Жанейро. Составная часть мезорегиона Байшадас-Литоранеас.
3471758	Арарас	Арарас — муниципалитет в Бразилии, входит в штат Сан-Паулу. Составная часть мезорегиона Пирасикаба.
3471798	Арапонгас	Арапонгас — муниципалитет в Бразилии, входит в штат Парана. Составная часть мезорегиона Северо-центральная часть штата Парана.
3471848	Аракрус	Аракрус — муниципалитет в Бразилии, входит в штат Эспириту-Санту. Составная часть мезорегиона Северное побережье штата Эспириту-Санту.
3471859	Арасатуба	Арасату́ба — муниципалитет в Бразилии, входит в штат Сан-Паулу. Составная часть мезорегиона Арасатуба.
3471872	Аракажу	Аракажу́ — город в Бразилии, столица штата Сержипи. В агломерации Аракажу — около 900 тыс.
3472518	Алмиранти-Тамандаре	Алмиранти-Тамандаре — муниципалитет в Бразилии, входит в штат Парана. Составная часть мезорегиона Агломерация Куритиба.
3472603	Алфенас	Алфенас — муниципалитет в Бразилии, входит в штат Минас-Жерайс. Составная часть мезорегиона Юг и юго-запад штата Минас-Жерайс.
3472766	Алагоиньяс	Алагоиньяс — муниципалитет в Бразилии, входит в штат Баия. Составная часть мезорегиона Северо-восток штата Баия.
3474574	Палмас	Палмас — муниципалитет в Бразилии, столица штата Токантинс. Составная часть мезорегиона Восточный Токантинс.
347497	Танта	Танта — город в Египте, административный центр провинции Эль-Гарбийя в центральной части дельты Нила, считается столицей Дельты. Население города по данным переписи 2006 года составляет 421 076 жителей; по численности населения Танта занимает в Египте 10-е место.
347612	Тале	Тале — город в Германии, в земле Саксония-Анхальт, входит в состав района Гарц, и образует городской округ с 12 районами.
347796	Сохаг	Соха́г — город в центральном Египте, в среднем течении Нила, центр одноименной провинции. Население — 189 695 жителей (2006).
3488465	Спаниш-Таун	Спа́ниш-Та́ун — крупнейший город и административный центр округа Сент-Катерин, Ямайка. Расположен в юго-восточной части Ямайки, в полутора десятках километров западнее столицы — города Кингстона.
3489460	Монтего-Бей	Монте́го-Бей — четвёртый по населению город Ямайки после Кингстона, Спэниш-Тауна и Портмора. Расположен на северо-западе страны в округе Сент-Джеймс и является его административным центром.
349114	Ширбин	Ширбин — город на севере Египта, расположенный на территории мухафазы Дакахлия.
3492908	Санто-Доминго	Са́нто-Доми́нго Са́нто-Доми́нго-де-Гусма́н — столица Доминиканской Республики, её культурный и экономический центр. Город с 1936 по 1961 годы носил название Сьюда́д-Трухи́льо.
3492914	Сантьяго-де-лос-Трейнта-Кабальерос	Сантья́го-де-лос-Кабалье́рос, Сантья́го-де-лос-Тре́йнта-Кабалье́рос — город в Доминиканской Республике, административный центр провинции Сантьяго.
3492985	Санта-Крус-де-Бараона	Санта-Крус-де-Бараона — город в Доминиканской Республике, также называемый Бараона.
3493032	Сан-Педро-де-Макорис	Сан-Пе́дро-де-Макори́с — провинция Доминиканской Республики.
3493081	Сан-Хуан-де-ла-Магуана	Сан-Хуан-де-ла-Магуана — город и муниципалитет в западном регионе Доминиканской Республики и столица провинции Сан-Хуан. Он является одним из первых городов, основанных на острове; сам город основан в 1503 году и получил название Сан-Хуан-де-ла-Магуана от долины Сан-Хуан и Магуана от народов Таино.
3493175	Сан-Фелипе-де-Пуэрто-Плата	Сан-Фелипе-де-Пуэрто-Плата — город и муниципалитет в Доминиканской Республике, столица провинции Пуэрто-Плата. Он граничит с муниципалитетами: Луперон, Имберт и Альтамира на западе, Вилья-Монтеллано и Сосуа на востоке, а также с провинциями Эспайльят и Сантьяго на юге.
3494242	Пунта-Кана	Пунта-Кана — муниципальный район в провинции Ла-Альтаграсия, расположенный на юго-восточном побережье Доминиканской республики, на восточной оконечности острова Гаити, известный курортно-туристическим комплексом Puntacana Resort and Club. Население района составляет около 325 244 человек.
350370	Кувейсина	Кувейсина — город на севере Египта, расположенный на территории мухафазы Минуфия.
350789	Кальюб	Калью́б — город в Египте, расположен в губернаторстве Кальюбия, по имени города название получило всё губернаторство. Находится к северу от Каира, на самом юге дельты Нила.
3509382	Ла-Вега (город)	Ла-Вега, или Консепсьон-де-ла-Вега , — город и муниципалитет в Доминиканской Республике, столица провинции Ла-Вега. Он граничит с муниципалитетами: Хима-Абахо на юго-востоке, Харабакоа на юго-западе, а также с провинциями Сантьяго на северо-западе, Санчес-Рамирес на востоке и Эспайльят, Эрманас-Мирабаль и Дуарте на сев…
3513090	Виллемстад	Ви́ллемстад (Виллемста́д) — крупнейший город и административный центр Кюрасао. Население 136 660 человек (2011).
3515001	Тустла-Гутьеррес	Тустла-Гутьеррес — город в Мексике, столица штата Чьяпас, а также административный центр одноимённого муниципалитета. Численность населения, по данным переписи 2020 года, составила 578 830 человек.
3516355	Тампико	Тампи́ко — город в Мексике, штат Тамаулипас, входит в состав одноимённого муниципалитета и является его административным центром. Численность населения, по данным переписи 2010 года, составила 297 284 человека.
3516843	Санто-Доминго-Теуантепек	Са́нто-Доми́нго-Теуантепе́к — город в Мексике, штат Оахака, административный центр одноимённого муниципалитета.
3518723	Сан-Хуан-Баутиста-Тустепек	Сан-Хуан-Баутиста-Тустепек — город и муниципалитет в Мексике, входит в штат Оахака. Население — 144 555 человек.
3520064	Салина-Крус	Салина-Крус — город в Мексике, входит в штат Оахака. Население 71 314 человека. Площадь равна 2191,50 га, что составляет 0,1407 % от общей территории Оахака.
3521081	Пуэбла-де-Сарагоса	Пуэ́бла-де-Сараго́са — город в Мексике, столица штата Пуэбла, входит в состав муниципалитета Пуэбла и является его административным центром. Полное официальное наименование — Эройка-Пуэ́бла-де-Сараго́са.
3521342	Плая-дель-Кармен	Пла́я-дель-Ка́рмен — крупный курортный город в Мексике, в штате Кинтана-Роо, входит в состав муниципалитета Солидаридад и является его административным центром. Расположен в центральной части туристической зоны Ривьера Майя на побережье Карибского моря на полуострове Юкатан.
3522210	Пачука-де-Сото	Пачука-де-Сото — город в Мексике, входит в штат Идальго. Население составляет 267 751 человек.
3522307	Орисаба	Ориса́ба — город в Мексике, в штате Веракрус. Согласно переписи населения 2010 года в городе проживало 120 995 человек.
3522507	Оахака (город)	Оаха́ка, Оаха́ка-де-Хуа́рес — город в Мексике, столица штата Оахака и административный центр одноимённого муниципалитета. Численность населения, по данным переписи 2010 года, составила 255 029 человек.
3522551	Нуэво-Ларедо	Нуэво-Ларедо — город в Мексике, штат Тамаулипас, административный центр одноимённого муниципалитета. Численность населения, по данным переписи 2010 года, составила 373 725 человек.
3522790	Наукальпан	Наукальпан-де-Хуарес — город и муниципалитет в Мексике, входит в штат Мехико. Де-факто является пригородом города Мехико.
3523349	Мерида (Юкатан)	Ме́рида — город в Мексике, столица штата Юкатан, а также административный центр одноимённого муниципалитета. Самый крупный по населённости город на полуострове Юкатан.
352354	Минуф	Мину́ф — город на севере Египта, в юго-западной части дельты Нила, относится к мухафазе (провинции) Минуфия. Население — 87842 человека (2006).
3526357	Хучитан-де-Сарагоса	Хучитан-де-Сарагоса — город в Мексике, входит в штат Оахака. Население составляет 113 570 человека.
3526683	Истапалапа	Истапалапа — один из 16 районов мексиканской столицы Сьюдад-де-Мехико. Расположен в его восточной части и занимает площадь 116 км².
3526798	Игуала-де-ла-Индепенденсия	Игуала-де-ла-Индепенденсия — город в Мексике, входит в муниципалитет Игуала-де-ла-Индепенденсия штата Герреро. Население 110 390 человек.
352733	Мерса-Матрух	Ме́рса-Матру́х, Марса-Матрух — город в cеверо-западном Египте, на побережье Средиземного моря, административный центр мухафазы Матрух и марказа Мерса-Матрух.
352951	Маллави	Ма́ллави, также Малла́уи — город в Египте, расположен в губернаторстве Минья, на левом берегу Нила, примерно в 40 км к югу от города Эль-Минья. Население 140 215 жителей. Важный центр сельского хозяйства.
3529947	Куэрнавака	Куэрнава́ка — город в Мексике. Столица штата Морелос и административный центр одноимённого муниципалитета. Численность населения, по данным переписи 2020 года, составила 341 029 человек.
3529986	Куаутитлан	Куаутитлан — город и административный центр одноимённого муниципалитета в мексиканском штате Мехико. Численность населения, по данным переписи 2010 года, составила 108 449 человек.
3530367	Комитан-де-Домингес	Комитан-де-Домингес, неофициально Комитан — город в Мексике, штат Чьяпас, административный центр одноимённого муниципалитета. Численность населения, по данным переписи 2020 года, составила 113 479 человек.
3530517	Коацакоалькос	Коацакоа́лькос — город в Мексике, входит в штат Веракрус, административный центр одноимённого муниципалитета. Расположен на месте впадения реки Коацакоалькос в Мексиканский залив.
3530580	Сьюдад-Виктория	Сьюдад-Виктория — город в Мексике, административный центр штата Тамаулипас и муниципалитета Виктория. Численность населения, по данным переписи 2010 года, составила 305 155 человек.
3530597	Мехико	Ме́хико — столица Мексики, крупнейший политический, экономический и культурный центр страны, относится к глобальным городам «альфа» и ведущим финансовым центрам Северной Америки.
3530599	Сьюдад-дель-Кармен	Сьюда́д-дель-Ка́рмен — город в Мексике, в штате Кампече, входит в состав муниципалитета Кармен и является его административным центром. Численность населения, по данным переписи 2020 года, составила 191 238 человек.
3530757	Сан-Педро-Чолула	Сан-Пе́дро-Чолу́ла — муниципалитет в Мексике, входит в штат Пуэбла, один из двух муниципалитетов города Чолулы. Население — 120 424 человека.
3531023	Четумаль	Четума́ль — город на юго-востоке Мексики, столица штата Кинтана-Роо и административный центр муниципалитета Отон-Бланко. Численность населения, по данным переписи 2020 года, составила 169 028 человек.
3531673	Канкун	Канку́н — крупный курортный город в Мексике, в штате Кинтана-Роо, входит в состав муниципалитета Бенито-Хуарес и является его административным центром. Расположен на побережье Карибского моря на полуострове Юкатан в туристической зоне Ривьера Майя.
353229	Эль-Ашир-мин-Рамадан	Эль-А́шир-мин-Рамада́н — город в Египте, в восточной части дельты Нила, в мухафазе Шаркия.
3533462	Акапулько	Акапу́лько, полное наименование — Акапу́лько-де-Хуаре́с — портовый город и туристический центр на тихоокеанском побережье Мексики, штат Герреро. Является административным центром одноимённого муниципалитета.
3534599	Ведадо	Ведадо — один из исторических районов Гаваны, столицы Кубы. Входит в муниципалитет Площадь Революции.
3536729	Сантьяго-де-Куба	Сантья́го-де-Ку́ба — город на юго-восточном побережье Кубы. Административный центр провинции Сантьяго-де-Куба.
3537906	Санта-Клара (Куба)	Са́нта-Кла́ра — город и муниципалитет на Кубе, административный центр провинции Вилья-Клара.
353802	Ком-Омбо	Ком-О́мбо — город на восточном берегу Нила в 50 км севернее Асуана и в 150 км от Луксора. Первоначально именовался Нубет, что переводится «Город золота».
3543299	Пуэрто-Падре	Пуэрто-Падре — город и муниципалитет в провинции Лас-Тунас, Куба.
354365	Кафр-эз-Зайят	Кафр-эз-Зайя́т — город и центр района в губернаторстве Гарбия в Египте.
3550598	Лас-Тунас (провинция)	Лас-Тунас — провинция Кубы, расположенная в восточной части острова. Граничит с Атлантическим океаном на севере, провинцией Камагуэй на западе, провинцией Ольгин на востоке, с Карибским морем и провинцией Гранма на юге.
3553478	Гавана	Гава́на — столица и крупнейший город Кубы. Политический, экономический и культурный центр государства, составляющий также одну из 16 его провинций.
355449	Исна	И́сна — город на западном берегу Нила в Верхнем Египте, в 54 км к югу от Луксора и в 49 км к северо-западу от Идфу. Исна — один из центров коптского христианства.
355628	Идку	И́дку (Э́дку) — город и центр района в губернаторстве Бухейра в Египте. Находится на севере губернаторства, в 30 км к северо-востоку от Александрии, на полоске суши между Средиземным морем и озером Идку.
355635	Идфу	И́дфу — город на западном берегу Нила в 100 км к югу от Луксора.
355795	Хелуан	Хелуа́н (Хельва́н) — город в Египте на берегу Нила, южный пригород Каира. Расположен неподалёку от древних руин Мемфиса.
3567597	Баямо	Бая́мо — город на востоке Кубы, центр провинции Гранма.
3568312	Артемиса	Артеми́са — город и муниципалитет, административный центр одноименной провинции, Куба.
3570675	Фор-де-Франс	Фор-де-Франс — административный центр Мартиники, заморской территории Франции, охватывающей территорию одноимённого острова в Карибском море. Является самым крупным французским городом в Вест-Индии.
3574810	Чагуанас	Чагуа́нас — боро в западно-центральной части острова Тринидад в Тринидаде и Тобаго. Крупнейший и наиболее быстрорастущий населённый пункт страны.
358048	Думьят	Думья́т, Думъят — портовый город в Египте на Средиземном море в дельте Нила, примерно в 200 км к северу от Каира. Административный центр мухафазы Думьят.
358108	Дисук	Дису́к — город в Египте, в средне-северной части дельты Нила, в 80 км к юго-востоку от Александрии. Расположен на границе с губернаторствами Бухейра, Александрия, Гарбия и Кафр-эш-Шейх, центром района в котором и является.
358172	Дикирнис	Дики́рнис — город в Египте, в восточной части дельты Нила, центр района в провинции Дакахлия, в 20 км от административного центра провинции города Эль-Мансура. Находится в самом центре провинции.
3582677	Белиз (город)	Бели́з — крупнейший город и порт в государстве Белиз. Расположен на берегу Карибского моря, в восточной части Белиза.
3583096	Сояпанго	Сояпанго — город в Сальвадоре, расположенный в департаменте Сан-Сальвадор.
3583361	Сан-Сальвадор	Сан-Сальвадо́р — столица и крупнейший город государства Сальвадор.
3584257	Санта-Текла	Санта-Текла — город в Сальвадоре, на Панамериканском шоссе, административный центр департамента Ла-Либертад.
3584399	Мехиканос	Мехиканос — город в Сальвадоре, расположен в департаменте Сан-Сальвадор.
358448	Даманхур	Даманху́р — город в Нижнем Египте, административный центр провинции (мухафазы) Бухейра.
358619	Порт-Саид	Порт-Саи́д — город на северо-востоке Египта. Порт на Средиземном море у северного окончания Суэцкого канала.
358726	Бияла	Бияла — город на севере Египта, расположенный на территории мухафазы Кафр-эш-Шейх.
3587345	Апопа	Апопа — город и муниципалитет в центральной части Сальвадора, на территории департамента Сан-Сальвадор.
358840	Бильбейс	Бильбе́йс — город в Египте, в юго-восточной части дельты Нила, второй по величине город провинции Эш-Шаркия.
3590979	Кесальтенанго	Кесальтенанго — второй по величине город Гватемалы. Центр одноимённого департамента.
3591062	Пуэрто-Барриос	Пуэрто-Ба́рриос, Пуэрто-Ба́ррьос — город и муниципалитет на востоке Гватемалы, административный центр департамента Исабаль.
359280	Бенха	Бе́нха — главный город провинции Нижнего Египта Аль-Кальюбия, в 48 км к северу от Каира. Бенха расположен на восточном берегу рукава Нила — Думьята.
359493	Эз-Заказик	Эз-Зака́зик, Зака́зик — город в Египте, в восточной части дельты Нила, столица провинции Эш-Шаркия. Город построен на ответвлении Исмаилийского канала и на канале Аль-Моизз, находится к северо-востоку от Каира.
359783	Асьют	Асью́т — город в центре Египта, в среднем течении Нила, центр одноимённой провинции. Население — 400 000 человек.
359792	Асуан	Асуа́н — город в Египте, административный центр мухафазы Асуан. В древности назывался Сиене (Сиена).
3598132	Гватемала (город)	Гватема́ла — столица Республики Гватемала, а также самый крупный город Центральной Америки. В 6 километрах к югу от центра города расположен Международный аэропорт Ла-Аурора, реконструкция которого закончена в марте 2010 года.
3598655	Чичикастенанго	Чичикастенанго — город и муниципалитет в департаменте Киче, Гватемала.
3600026	Пуэрто-Кортес	Пуэ́рто-Корте́с — город на севере Гондураса, в департаменте Кортес на побережье Карибского моря.
3600704	Токоа	Токоа — город и муниципалитет в северной части Гондураса, на территории департамента Колон.
3600949	Тегусигальпа	Тегусига́льпа — столица и крупнейший город Гондураса. Население — 1 157 509 жителей ; прогноз на 2023 год — 1 326 460 жителей.
3601782	Сан-Педро-Сула	Сан-Пе́дро-Су́ла — второй по величине город Гондураса после Тегусигальпы. Административный центр департамента Кортес и одноимённого муниципалитета.
3604251	Оланчито	Оланчито — город и муниципалитет в северной части Гондураса, на территории департамента Йоро.
360502	Луксор	Луксо́р — город в Верхнем Египте, на восточном берегу Нила, административный центр мухафазы Луксор с населением более полумиллиона жителей. Ранее город был известен как Фивы, это один из древнейших городов Египта, бывшая резиденция фараонов и столица всего древнего Египта остававшийся таковым большую часть периода наив…
360630	Каир	Каи́р — столица и крупнейший город Египта. Первый по величине город Ближнего Востока и Арабского мира, а также третий в Африке, после Лагоса и Киншасы.
3608248	Ла-Сейба	Ла-Сейба — портовый город на северном берегу Гондураса, административный центр департамента Атлантида.
360995	Эль-Гиза	Эль-Ги́за — город в Арабской Республике Египет, в Верхнем Египте, на левом берегу Нила, станция на железной дороге Каир — Асуан, юго-западный пригород Каира.
361029	Эль-Гамалия	Эль-Гамалия или Эль-Джамалия — город на севере Египта, расположенный на территории мухафазы Дакахлия.
361055	Исмаилия	Исмаили́я — город на северо-востоке Египта на берегу озера Тимсах, входящего в систему Суэцкого канала. Население 254 тысячи человек (1996), 374 тысячи человек (2005).
361058	Александрия	Александри́я — город в дельте Нила, главный морской порт и второй по величине город Египта. Простирается на 32 км вдоль побережья Средиземного моря.
361291	Хургада	Хурга́да — город на востоке Египта, расположен в африканской части Египта. Расположен на западном побережье Красного моря, на 400 км юго-восточнее Каира.
361320	Эль-Файюм	Эль-Файю́м — административный центр одноимённой мухафазы в Среднем Египте, расположен в оазисе Эль-Файюм и окружён со всех сторон Ливийской пустыней. С Нилом город связан каналом Юсуф.
361329	Эль-Фашн	Эль-Фа́шн — город в Египте, расположен в губернаторстве Бени-Суэйф. Находится в долине Нила, к югу от Бени-Суэфа и к северу от Эль-Миньи.
361546	Эль-Ариш	Эль-Ари́ш — административный центр и крупнейший город провинции Северный Синай в Республике Египет. Население 141'595 жителей (2006).
361661	Ахмим	Ахми́м — город провинции Сохаг в Республике Египет. Население 98 469 жителей (2006).
3617708	Матагальпа	Матага́льпа — город на северо-западе центральной части Никарагуа, административный центр департамента Матагальпа.
3617763	Манагуа	Мана́гуа — столица и крупнейший город Никарагуа; является также административным центром одноимённого департамента страны. Расположен на юго-западном берегу озера Манагуа в департаменте Манагуа.
3618030	Леон (Никарагуа)	Лео́н — второй по величине город Никарагуа после столицы Манагуа, административный центр департамента Леон.
3619136	Гранада (Никарагуа)	Сантья́го-де-Грана́да — третий по величине город Никарагуа, после столицы Манагуа и Леона, административный центр департамента Гранада.
3619194	Эстели	Эстели — город и муниципалитет в северо-западной части Никарагуа, административный центр департамента Эстели.
3625549	Валенсия (Венесуэла)	Вале́нсия — город на севере Венесуэлы. Столица и крупнейший город штата Карабобо.
3625829	Турмеро	Турме́ро — город в Венесуэле, штат Арагуа, столица муниципалитета Сантьяго Мариньо. Входит в состав городской области Маракай — конурбации на севере страны.
3625929	Тукупита	Тукупита — город в Венесуэле, столица штата Дельта-Амакуро, административный центр муниципалитета Тукупита.
3628053	Сан-Хуан-де-лос-Моррос	Сан-Хуан-де-лос-Мо'ррос — город в центральной части Венесуэлы, столица штата Гуарико.
3628473	Сан-Кристобаль (город, Венесуэла)	Сан-Кристо́баль — город на западе Венесуэлы, столица и крупнейший город штата Тачира. Он расположен в горном регионе на западе Венесуэлы на высоте 818 метров над уровнем моря в северных Андах с видом на реку Торбес, в 56 километрах от границы с Колумбией.
3629706	Пуэрто-Кабельо	Пуэ́рто-Кабе́льо, Пуэрто-Каве́льо — город в Венесуэле, в штате Карабобо.
3629710	Пуэрто-Аякучо	Пуэрто-Аякучо — с 1928 года столица венесуэльского штата Амасонас. Город с населением 80 тыс. жителей, расположен на реке Ориноко.
3629965	Порламар	Порлама́р — крупнейший город штата Нуэва-Эспарта в Венесуэле, расположен в юго-восточной части острова Маргарита, на берегу Карибского моря.
3632998	Маракай	Марака́й — город на севере Венесуэлы. Столица и крупнейший город штата Арагуа.
3633622	Лос-Текес	Лос-Те́кес — город в Венесуэле. Административный центр штата Миранда и муниципалитета Гуаикаипуро.
363619	Ей	Ей — город в Южном Судане, расположен в штате Центральная Экватория.
3639898	Гуатире	Гуатире — город в Венесуэле, штат Миранда. Является частью агломерации Большого Каракаса.
3640226	Гуанаре	Гуана́ре — город на северо-западе Венесуэлы, входит в состав штата Португеса, муниципалитет Гуанаре. Население — 113 000 человек (2007).
364103	Вад-Медани	Вад-Меда́ни — город в Судане, административный центр вилаята Эль-Гезира.
3641275	Эль-Токуйо	Эль-Токуйо — город в Венесуэле, в Ларе. Население — 41 тыс. жителей (2001).
3644768	Кумана	Кумана́ — город на северо-востоке Венесуэлы. Столица и крупнейший город штата Сукре.
3645213	Коро	Ко́ро, полное наименование Санта-Ана де Коро — город на северо-западе Венесуэлы, административный центр и крупнейший город штата Фалькон.
3645528	Сьюдад-Гуаяна	Сьюдад-Гуаяна — город на северо-востоке Венесуэлы, штат Боливар.
3645532	Сьюдад-Боливар	Сьюда́д-Боли́вар — город в Венесуэле. Столица штата Боливар.
3646738	Каракас	Кара́кас — столица и крупнейший город Венесуэлы. Город вместе с прилегающей к нему территорией выделен в федеральный столичный округ площадью 1900 км².
3647651	Кабимас	Каби́мас (Cabimas) - город на северо-западе Венесуэлы, штат Сулия.
3648439	Барута	Барута — деревня в Новоржевском районе Псковской области России. Входит в состав Новоржевской волости.
3648522	Баркисимето	Баркисиме́то — город на северо-западе Венесуэлы, столица и крупнейший город штата Лара.
3648546	Баринас	Бари́нас — административный центр венесуэльского штата Баринас.
3649833	Акаригуа	Акаригуа — город на северо-западе Венесуэлы, в северной части штата Португеса. Известен как «сельскохозяйственная столица Венесуэлы» и «Столица венесуэльских равнин».
3650472	Тулькан	Тулька́н — город в Эквадоре.
3651297	Санто-Доминго (Эквадор)	Са́нто-Доми́нго или Санто-Доминго-де-лос-Колорадос — город в Эквадоре. Расположен в 130 километрах к западу от столицы страны Кито, на западной границе Анд.
365137	Омдурман	Омдурма́н — второй по величине город Судана. Расположен на противоположном столице Судана — Хартуму — берегу реки Нил.
3652462	Кито	Ки́то или Сан-Франси́ско-де-Ки́то — столица, политический, экономический и культурный центр Эквадора, второй по численности населения город страны.
3652941	Портовьехо	Портовьехо — город в Эквадоре, столица провинции Манаби. Находится в 30 км от Тихоокеанского побережья.
3654215	Милагро	Милагро — муниципалитет в Испании, входит в провинцию Наварра. Муниципалитет находится в составе района (комарки) Рибера-Арга-Арагон.
3654533	Мачала	Мачала — город в Эквадоре.
3654870	Латакунга (город)	Латаку́нга — город в горной части центрального Эквадора. Административный центр провинции Котопахи и кантона Латакунга.
3657509	Гуаякиль	Гуаяки́ль или Сантья́го-де-Гуаяки́ль — город в Эквадоре, административный центр провинции Гуаяс и одноимённого кантона. Главный экономический центр и основной порт, крупнейший по населению город страны.
3660689	Амбато	Амба́то — город в Эквадоре, административный центр провинции Тунгурауа. Население — около 354 000 человек, что делает город девятым по численности населения в стране.
3662762	Порту-Велью	Порту-Велью — город и муниципалитет в Бразилии, столица штата Рондония. Составная часть мезорегиона Мадейра-Гуапоре.
3663517	Манаус	Мана́ус — город в Бразилии, столица штата Амазонас. Составная часть мезорегиона Центр штата Амазонас.
3663529	Манакапуру	Манакапуру — муниципалитет в Бразилии, входит в штат Амазонас. Составная часть мезорегиона Центр штата Амазонас.
3664539	Куари	Куа́ри — муниципалитет в Бразилии, входит в штат Амазонас. Составная часть мезорегиона Центр штата Амазонас.
3665542	Сипакира	Сипакира — город и муниципалитет в Колумбии, в департаменте Кундинамарка.
3665688	Йопаль	Йопа́ль — город в Колумбии. Является административным центром муниципалитета и департамента Касанаре.
3665900	Вильявисенсио	Вильявисе́нсио — город и муниципалитет в Колумбии, столица департамента Мета, с населением 384 131 жителей. Город расположен в 75 км юго-восточнее столицы страны Боготы, вдоль реки Гуатикия.
3666304	Вальедупар	Вальедупа́р — город и муниципалитет, расположенный на севере Колумбии. Столица департамента Сесар. Был основан 6 января 1550 года конкистадором Эрнандо де Сантана.
3666608	Тунха	Ту́нха — город в центральной части Колумбии, основан в 1539 году. Столица департамента Бояка.
3666640	Тумако	Сан-Андрес-де-Тумако, более известный как просто Тумако — город и муниципалитет в Колумбии в составе департамента Нариньо, порт на берегу Тихого океана. Он расположен невдалеке от границы с Эквадором и населён по большей части афроколумбийцами.
3666645	Тулуа	Тулуа — город, расположенный в самом сердце долины Каука в департаменте Валье-дель-Каука в Колумбии. Будучи важным промышленным и экономическим центром, Тулуа является четвёртым по величине городом в департаменте после столицы Кали, Буэнавентуры и Пальмиры.
3667873	Согамосо	Согамосо — город и муниципалитет в Колумбии в составе департамента Бояка.
3667983	Синселехо	Синселе́хо — город и муниципалитет на севере Колумбии, административный центр департамента Сукре.
366847	Сеннар	Сенна́р — город в Судане, административный центр провинции Сеннар.
3668605	Санта-Марта	Санта-Марта — город и муниципалитет на севере Колумбии на побережье Карибского моря рядом с горами Сьерра-Невада. Столица департамента Магдалена.
3670730	Рионегро	Рионегро — город и муниципалитет в Колумбии, в субрегионе Восточная Антьокия в составе департамента Антьокия.
3670745	Риоача	Риоа́ча — город, расположенный на северо-западе Колумбии, на полуострове Гуахира. Порт на побережье Карибского моря.
3671116	Кибдо	Кибдо́ — город на западе Колумбии, административный центр департамента Чоко́. Основан в 1654 году и назван Сан-Франсиско-де-Кибдо.
3672110	Питалито	Питалито — город и муниципалитет в Колумбии в составе департамента Уила. Город — второй по численности в департаменте и считается одним из важнейших центров производства кофе в Колумбии, особо отмечается качество бобов.
3673662	Оканья	Ока́нья — населённый пункт и муниципалитет в Испании, входит в провинцию Толедо, в составе автономного сообщества Кастилия — Ла-Манча. Муниципалитет находится в составе района (комарки) Меса-де-Оканья.
3675443	Манисалес	Маниса́лес — город, расположенный в Колумбии. Столица департамента Кальдас. Манисалес — важнейший центр выращивания кофе, центр образования и культуры.
3675692	Маганге	Маганге — город и муниципалитет в Колумбии в составе департамента Боливар. В своё время Маганге был важным речным портом, но из-за политических неурядиц он потерял свой статус.
367644	Сеннар	Сенна́р — город в Судане, административный центр провинции Сеннар.
3680450	Итагуи	Итагуи — город в департаменте Антьокия, Колумбия.
3680539	Ипьялес	Ипиалес — город в Колумбии.
3680656	Ибаге	Ибаге́ — город, расположенный в центре Колумбии. Административный центр департамента Толима.
3682426	Флоренсия (Какета)	Флоренсия — город и муниципалитет на юго-западе Колумбии, административный центр департамента Какета.
3682516	Факататива	Факататива — город и муниципалитет в Колумбии в составе департамента Кундинамарка. Город известен прежде всего археологическим парком Пьедрас-дель-Tунхо и Пьедрас-де-Tунхо с большими скальными образованиями, бывшие когда-то дном озера.
3682631	Энвигадо	Энвигадо — город в Колумбии, расположен в департаменте Антьокия. Расположен к юго-востоку от Медельина.
3685084	Дуитама	Дуитама — город и муниципалитет в Колумбии в составе департамента Бояка. Город известен под названием жемчужина Бояки.
3685533	Кукута	Ку́кута (Сан-Хосе-де-Кукута) — административный центр департамента Норте-де-Сантандер, находится на северо-востоке Колумбии на границе с Венесуэлой.
3687238	Картахена (Колумбия)	Картахе́на-де-И́ндиас, или просто Картахе́на, — пятый по величине город Колумбии, административный центр департамента Боливар, крупный порт на берегу Карибского моря.
3687952	Кальдас	Ка́льдас — один из 32 департаментов Колумбии, названный в честь колумбийской патриотической личности Франсиско Хосе де Кальдаса. Располагается в центральной части страны.
3688465	Букараманга	Букарама́нга — город и административный центр департамента Сантандер в Колумбии. Город расположен к северо-востоку от Боготы.
3688689	Богота	Богота́ — столица и крупнейший город Колумбии, административный центр департамента Кундинамарка. Образует самостоятельную административную единицу страны — столичный округ, разделённый на 20 районов.
3689147	Барранкилья	Барранки́лья — индустриальный, портовый город и муниципалитет, расположенный на севере Колумбии. Столица департамента Атлантико, является крупнейшим портом и промышленным городом Колумбийского карибского региона и четвёртым крупнейшим городом Колумбии.
3689169	Барранкабермеха	Барранкаберме́ха — город и муниципалитет в Колумбии. Расположен на правом берегу Магдалены.
3690465	Агуачика	Агуачика — город и муниципалитет на северо-востоке Колумбии, на территории департамента Сесар.
3691148	Тумбес	Ту́мбес — город на северо-западе Перу, на берегу одноимённой реки. Административный центр региона Тумбес, население города — почти 100 тысяч человек.
3691582	Талара	Тала́ра — город на северо-западе Перу.
3691674	Сульяна	Сульяна — город на северо-западе Перу, столица одноимённой провинции в долине реки Чиры. Население Сульяны составляет 201 тысячу жителей (2015).
3693345	Пукальпа	Пукальпа — город на востоке Перу, расположенный на реке Укаяли. Он является административным центром региона Укаяли, провинции Коронель Портильо и районным центром Кальериа.
3693528	Пьюра	Пью́ра — город в Перу, административный центр одноимённого региона Пьюра. Город находится в 973 километрах от столицы Перу города Лима, на реке Пьюра.
3696183	Икитос	Ики́тос — город в Перу, крупнейший в перуанской Амазонии. Административный центр региона Лорето и провинции Майнас.
3696378	Уарас	Уара́с — город в Перу, административный центр департамента Анкаш. Население города — около 120 000 человек.
3696417	Уануко	Уа́нуко — город в Перу, административный центр региона Уануко. Расположен на высоте 1900 метров над уровнем моря на восточном склоне Анд в долине реки Уальяга.
3698304	Чимботе	Чимботе — крупный город в перуанском регионе Анкаш, административный центр провинции Санта и округа Чимботе.
3698350	Чиклайо	Чикла́йо — город в Перу, расположен в 13 километрах от тихоокеанского побережья и в 770 километрах от столицы Перу города Лимы.
3699088	Кахамарка	Кахама́рка — город на севере Перу, расположенный в горах на высоте 2700 метров над уровнем моря. Город является административным центром региона Кахамарка.
3703443	Панама (город)	Пана́ма, официально Нуэстра-Сеньора-де-ла-Асунсьон-де-Панама — столица Республики Панама с населением 1,3 млн человек с пригородами (2010), расположена у входа Панамского канала в Тихий океан. Панама — политический, административный и культурный центр страны.
370737	Малакаль	Малака́ль — город в Южном Судане, административный центр округа Малакаль и штата Верхний Нил.
3712076	Колон (Панама)	Коло́н — город в Панаме, на атлантическом берегу Панамского канала. Административный центр провинции Колон.
3718420	Пор-де-Пе	Пор-де-Пе — город на северо-западе Гаити, на территории Северо-Западного департамента.
3718426	Порт-о-Пренс	Порт-о-Пре́нс — столица и главный внешнеторговый порт Гаити.
3722286	Леоган	Леоган — город в западной части Гаити, на территории Западного департамента.
3723593	Жереми	Жереми́ — город на юго-западе Гаити, административный центр провинции Гранд-Анс.
3724696	Гонаив	Гонаи́в — город на севере Гаити, административный центр департамента Артибонит.
3728097	Ле-Ке	Ле-Ке — город на юго-западе Гаити, на территории Южного департамента.
373141	Кадугли	Кадугли — город в Судане, административный центр штата Южный Кордофан.
373303	Джуба	Джу́ба — столица Южного Судана, административный центр округа Джуба и штата Центральная Экватория.
377039	Порт-Судан	Порт-Суда́н — город-порт на Красном море, расположен на северо-востоке Судана, административный центр провинции Крас­ное Мо­ре, второй по размеру город Судана после агломерации Хартума, а также единственный морской порт этого государства. Через Порт-Судан проходит большая часть экспорта страны: хлопок, живой скот, шерс…
378699	Эн-Нухуд	Эн-Нухуд или Эн-Нахуд — город на юге Судана, расположенный на территории штата Северный Кордофан.
379251	Северный Хартум	Се́верный Харту́м — город в Судане, на правом берегу реки Голубой Нил, у слияния его с Белым Нилом. 936 349 жителей. Вместе с городами Хартум и Омдурман образует так называемый «тройной город» (агломерацию).
379252	Хартум	Харту́м — столица Судана. Расположен в месте слияния рек Белый Нил и Голубой Нил. Отсюда река Нил течёт на север к Египту и Средиземному морю.
379555	Эль-Фашир	Эль-Фа́шир, ранее — Эль-Фа́шер — город в западной части Судана.
380129	Эд-Дуэйм	Эд-Дуэйм — город в штате Белый Нил, Судан. Является одним из крупнейших городов на побережье Белого Нила.
380173	Эд-Дамер	Эд-Дамер — город в Судане, административный центр провинции Нил.
380174	Эд-Дамазин	Эд-Дамазин — город в Судане, административный центр штата Голубой Нил.
3805673	Сан-Фернандо-де-Апуре	Сан-Ферна́ндо-де-Апу́ре — административный центр штата Апуре, Венесуэла. Население муниципалитета — 165 135 жителей (2011).
3836620	Сан-Рамон-де-ла-Нуэва-Оран	Сан-Рамон-де-ла-Нуэва-Оран — город в Аргентине.
3836846	Сан-Николас-де-лос-Арройос	Сан-Николас-де-лос-Арройос — город в провинции Буэнос-Айрес, Аргентина, на Западном берегу реки Парана, в 61 км от Росарио. В нем проживает около 133 000 человек.
3836873	Сан-Мигель-де-Тукуман	Сан-Миге́ль-де-Тукума́н, обычно сокращается до Тукума́н — столица провинции Тукуман и крупнейший город северной Аргентины с населением 694 327 жителей (2010) и населением агломерации 794 тысячи человек, что делает её пятой по населению в стране.
3837702	Сан-Фернандо-дель-Валье-де-Катамарка	Сан-Ферна́ндо-дель-Ва́лье-де-Катама́рка, часто Катама́рка — город на северо-западе Аргентины и столица провинции Катамарка. Расположен на реке Рио-Валье и находится у подножия Сьерры-де-Амбато.
3838233	Сальта	Са́льта — город на северо-западе Аргентины, столица провинции Сальта и административный центр департамента Сальта, входящего в неё. Население — 594 772 человека (2022), восьмой по величине город страны.
3838583	Росарио	Роса́рио — город в Аргентине, в провинции Санта-Фе. С населением в 1 342 619 жителей является третьим по численности в стране, после Буэнос-Айреса и Кордовы.
3838859	Рио-Гальегос	Ри́о-Галье́гос — административный центр аргентинской провинции Санта-Крус, в Патагонии. Согласно переписи населения, на 2015 год в городе проживало 105 047 человек.
3839479	Рафаэла	Рафаэла — город и муниципалитет в департаменте Кастельянос провинции Санта-Фе (Аргентина), административный центр департамента.
3841490	Пергамино	Пергамино — город на востоке Аргентины в провинции Буэнос-Айрес. На 2010 год численность населения составляла 104 922 человека.
3841956	Парана	Парана́ — река в Южной Америке, вторая по длине река этого континента. Протекает в южной части континента по территории Бразилии, Парагвая и Аргентины.
3843123	Неукен (провинция)	Неуке́н — провинция в аргентинской Патагонии.
385038	Эр-Рифа-эш-Шарки	Эр-Рифа-эш-Шарки — город в Бахрейне. Административный центр Южной мухафазы.
3861056	Чиполлетти	Чиполлетти — город в провинции Рио-Негро в аргентинской Патагонии.
3865086	Баия-Бланка	Баи́я-Бла́нка — город в Аргентине, в провинции Буэнос-Айрес. Расположен на берегу одноимённой бухты Атлантического океана.
3868121	Винья-дель-Мар	Ви́нья-дель-Ма́р — город в Чили. Административный центр одноимённой коммуны.
3868626	Вальпараисо	Вальпараи́со — город и морской порт в Чили. Административный центр области Вальпараисо, провинции Вальпараисо и одноимённой коммуны.
3868707	Вальдивия	Вальди́вия — город и морской порт в Чили. Административный центр одноимённой коммуны, провинции Вальдивия и области Лос-Риос.
3870011	Темуко	Тему́ко — город в Чили. Административный центр одноимённой коммуны, провинции Каутин и области Араукания.
3870282	Талькауано	Талькауано — город и морской порт в Чили. Аванпорт города Консепсьон на Тихом океане.
3871336	Сантьяго	Сантья́го — столица и крупнейший город Чили. Административный центр Столичной области и провинции Сантьяго, представляющий собой конгломерат из 37 разрозненных коммун без единого органа управления.
3873454	Ренка	Ренка — коммуна в Чили. Одна из городских коммун города Сантьяго. Коммуна входит в состав провинции Сантьяго и Столичной области.
3874096	Кильпуэ	Кильпуэ́ — город в Чили. Административный центр одноимённой коммуны и провинции Марга-Марга. Население города — 126 893 человека (2002).
3874119	Кильота	Кильо́та — город в Чили. Административный центр одноимённой коммуны. Население города — 62 231 человек (2002).
3874212	Киликура	Киликура — коммуна в Чили. Одна из городских коммун города Сантьяго. Коммуна входит в состав провинции Сантьяго и Столичной области.
3874787	Пунта-Аренас	Пу́нта-Аре́нас — город в Чили. Административный центр одноимённой коммуны, провинции Магальянес и области Магальянес-и-ла-Антарктика-Чилена.
3874960	Пуэрто-Монт	Пуэ́рто-Монт — город в Чили. Административный центр одноимённой коммуны, провинции Льянкиуэ и области Лос-Лагос. Население — 153118 человек (2002).
3875024	Пуэнте-Альто	Пуэ́нте-А́льто — город в Чили. Административный центр одноимённой коммуны и провинции Кордильера. Население города — 492 603 человека (2007).
3877918	Овалье	Овалье — город в Чили. Административный центр одноименной коммуны. Население города — 66 405 человек (2002).
3877949	Осорно	Осо́рно — город в Чили. Административный центр одноимённой коммуны и провинции Осорно. Население — 132 245 человек (2002).
3878431	Нюньоа	Нюньоа — коммуна в Чили. Одна из городских коммун города Сантьяго. Коммуна входит в состав провинции Сантьяго и Столичной области.
3887127	Икике	Ики́ке (исп. Iquique) — город и морской порт в Чили. Административный центр одноимённой коммуны, провинции Икике и области Тарапака.
3892870	Курико	Курико — город в Чили. Административный центр одноимённой коммуны и провинции Курико. Население — 149 136 человек (2017).
3893656	Копьяпо	Копьяпо́ — город в Чили. Административный центр одноимённой коммуны, провинции Копьяпо и области Атакама. Население города — 125 983 человек (2002).
3895088	Чильян	Чилья́н — город в Чили. Административный центр одноимённой коммуны и области Ньюбле. Население — 146 701 человек (2002).
3895138	Чигуаянте	Чигуаянте — город в Чили. Административный центр одноимённой коммуны. Население — 81 238 человек (2002).
3897347	Калама	Калама — город в Чили. Административный центр одноимённой коммуны и провинции Эль-Лоа. Население города — 126 135 человек (2002).
3899361	Арика	Ари́ка — город и морской порт в Чили, административный центр одноимённой коммуны провинции Арика и области Арика-и-Паринакота.
3899539	Антофагаста	Антофага́ста — город и морской порт в Чили, административный центр одноимённой области, провинции и коммуны.
3899887	Альто-Осписио	Альто-Осписио — город и коммуна в Чили, в провинции Икике и области Тарапака.
3901178	Якуиба	Якуи́ба — город в Боливии.
3903320	Тариха	Тариха, полное название Сан Бернардо де ля Фронтера де Тариха — крупный город на юге Боливии. Город был основан в 1574 году, население составляет 170 900 человек.
3904906	Санта-Крус-де-ла-Сьерра	Санта-Крус-де-ла-Сьерра, сокращённо Санта-Крус — город в Боливии, административный центр департамента Санта-Крус и его провинции Андрес-Ибаньес. Население — 1,6 млн жителей (2010) — крупнейший город Боливии, бо́льший, чем конституционная столица Сукре и фактическая столица Ла-Пас.
3906194	Сакаба	Сакаба — столица Боливийской провинции Чапаре. Город находится в 13 км восточнее города Кочабамба, и является фактически его спутником.
3906466	Риберальта	Риберальта — город в Боливии.
3907584	Потоси	Потоси́ — столица одноимённого департамента Потоси в Боливии.
3909234	Оруро	Ору́ро — столица одноимённого департамента в Боливии.
3911925	Ла-Пас (Боливия)	Ла-Па́с, полное название Нуэ́стра-Сеньо́ра-де-Ла-Пас — город в Боливии, фактически выполняющий функцию столицы государства, а также административный центр департамента Ла-Пас.
3919968	Кочабамба	Кочаба́мба — один из крупнейших городов Боливии, административный центр одноимённого департамента. В переводе с языка кечуа означает «болотистая местность».
3925212	Какуал	Какуа́л — муниципалитет в Бразилии, входит в штат Рондония. Составная часть мезорегиона Восток штата Рондония.
3928128	Такна	Та́кна — город на юге Перу, административный центр одноимённой провинции, находится в 35 километрах от границы с Чили. С 1836 года по 1839 город Такна являлся столицей Перу-боливийской конфедерации.
3931276	Пуно	Пу́но — город на юго-востоке Перу, расположенный на берегу озера Титикака, высочайшем в мире судоходном озере, которое находится на высоте 3860 метров над уровнем моря. Город является административным центром региона Пуно.
3931470	Пуэрто-Мальдонадо	Пуэрто-Мальдонадо — город на юго-востоке Перу недалеко от границы с Бразилией и в 55 км от боливийской границы.
3934608	Мокегуа	Моке́гуа — небольшой регион в южной части Перу, расположенный между берегом Тихого океана и Андами. Название региона кечуанского происхождения и означает «тихое место».
3936456	Лима	Ли́ма — город на тихоокеанском побережье Южной Америки, столица Республики Перу. Административный центр автономной провинции Лима региона Лима.
3938527	Ика	И́ка — город на юге Перу, около 300 км от столицы Лимы у побережья Тихого океана. Его население составляет примерно 260 тысяч жителей.
3939459	Уанкайо	Уанкайо — город центральной части Перу, административный центр провинции Уанкайо и департамента Хунин. Расположен на высоте 3271 метр над уровнем моря, население города — 323 054 человек.
3941584	Куско	Ку́ско — город на юго-востоке Перу, рядом со Священной долиной инков, административный центр региона Куско и одноимённой провинции. С населением 428 450 человек (2017) является седьмым по численности населения городом Перу.
3943789	Чинча-Альта	Чинча-Альта — город в Перу на южном побережье в 200 километрах от Лимы, столица провинции Чинча департамента Ика. По переписи 2005 года население города 56085 человек.
3946083	Кальяо	Калья́о — специальный автономный регион и порт в Перу, на побережье Тихого океана, в 10 км к западу от центра столицы Перу — города Лима, чуть южнее устья реки Римак. Включает единственную провинцию — Конституциональную провинцию Кальяо, которая в свою очередь включает 8 районов.
3947019	Аякучо	Аяку́чо — город на юге Перу, на автодороге Лима — Куско. Административный центр региона Аякучо.
3947322	Арекипа	Ареки́па — второй по величине город в Перу, находится в южной части страны; административный центр провинции Арекипа. Место пребывания Конституционного суда Перу.
3948642	Абанкай	Абанка́й — город на юге Перу. Административный центр региона Апуримак и провинции Абанкай. Население — 73 тысячи человек.
3979673	Сиуатанехо	Сиуатанехо — четвёртый по величине город мексиканского штата Герреро, административный центр муниципалитета Сиуатанехо-де-Асуэта. Численность населения, по данным переписи 2010 года, составила 67 408 человек.
3979770	Сапопан	Сапо́пан — город в Мексике, в штате Халиско, входит в состав одноимённого муниципалитета и является его административным центром. Численность населения, по данным переписи 2020 года, составила 1 257 547 человек.
3979802	Самора-де-Идальго	Самора-де-Идальго — город и муниципалитет в центральной части Мексики, административный центр одноимённого муниципалитета в штате Мичоакан. По данным переписи населения 2020 года, в городе проживают 170 748 человек, что делает его одним из крупнейших городов штата по численности населения.
3980194	Вилья-де-Альварес	Ви́лья-де-А́льварес — город в Мексике, в штате Колима, входит в состав одноименного муниципалитета и является его административным центром. Численность населения, по данным переписи 2020 года, составила 147 496 человек.
3980605	Валье-де-Сантьяго	Валье-де-Сантьяго — город и административный центр одноимённого муниципалитета в мексиканском штате Гуанахуато. Численность населения, по данным переписи 2010 года, составила 68 058 человек.
3980760	Уруапан	Уруа́пан — город в муниципалитете Уруапан Мексики, входит в штат Мичоакан. Население 315 000 человек (2010).
3981254	Торреон	Торрео́н — город в Мексике, штат Коауила, входит в состав одноимённого муниципалитета и является его административным центром. Численность населения, по данным переписи 2020 года, составила 690 193 человека.
3981461	Тлакепаке	Тлакепаке, до 1917 года — Сан-Педро-Тлакепаке — город в Мексике, в штате Халиско, входит в состав муниципалитета Сан-Педро-Тлакепаке и является его административным центром. Численность населения, по данным переписи 2020 года, составила 650 123 человека.
3981609	Тихуана	Тихуа́на — город на северо-западе Мексики, крупнейший в штате Нижняя Калифорния и самый западный во всей Латинской Америке. Расположен в 170 км от столицы штата — Мехикали и в часе езды от портового города Энсенада.
3981941	Тепик	Тепик — город в Мексике, административный центр штата Наярит. Население 334 863 человек.
3985344	Сан-Мигель-де-Альенде	Сан-Миге́ль-де-Алье́нде — город и административный центр одноимённого муниципалитета в мексиканском штате Гуанахуато.
3985604	Сан-Луис-Рио-Колорадо	Сан-Луис-Рио-Колорадо — приграничный город в Мексике, штат Сонора, входит в состав одноимённого муниципалитета и является его административным центром. Численность населения, по данным переписи 2020 года, составила 176 685 человек.
3985710	Кабо-Сан-Лукас	Кабо-Сан-Лукас — город в Мексике, входит в штат Южная Нижняя Калифорния и муниципалитета Лос-Кабос. Население 56 811 человек. Один из популярных морских курортов Мексики.
3986172	Сан-Хосе-дель-Кабо	Сан-Хосе-дель-Кабо — город в Мексике, штат Южная Нижняя Калифорния, входит в состав муниципалитета Лос-Кабос и является его административным центром. Численность населения, по данным переписи 2020 года, составила 136 285 человек.
3988086	Сальтильо	Сальтильо — город в Мексике, столица штата Коауила, входит в состав одноимённого муниципалитета и является его административным центром. Численность населения, по данным переписи 2020 года, составила 864 431 человек, что делает город четырнадцатым по величине в Мексике.
3988214	Саламанка	Салама́нка — город на западе Испании, в 80 км до границы с Португалией. Административный центр одноимённой провинции, входящей в состав автономного сообщества Кастилия и Леон.
3988392	Росарито	Росарито, полное официальное наименование Плаяс-де-Росарито — город в Мексике, штат Нижняя Калифорния, входит в состав муниципалитета Плаяс-де-Росарито и является его административным центром. Численность населения, по данным переписи 2020 года, составила 100 660 человек.
3991043	Рамос-Ариспе	Рамос-Ариспе — город в Мексике, штат Коауила, входит в состав одноимённого муниципалитета и является его административным центром. Численность населения, по данным переписи 2010 года, составила 66 554 человека.
3991164	Керетаро	Кере́таро, полное наименование: Свободный и Суверенный Штат Керетаро — штат в центральной Мексике. Административный центр штата — город Сантьяго-де-Керетаро, хотя в обычном употреблении название «Керетаро» используется и для города и для штата.
3991328	Пуэрто-Вальярта	Пуэ́рто-Валья́рта — курортный город в Мексике, штат Халиско, входит в состав одноимённого муниципалитета и является его административным центром. Численность населения, по данным переписи 2020 года, составила 224 166 человек.
3995402	Морелия	Море́лия, до 1828 года Вальядоли́д — город в Мексике, столица штата Мичоакан. Расположен в районе долины Гуаянгарео на высоте 1921 м над уровнем моря.
3995465	Монтеррей	Монтерре́й, устаревшие названия: Монтерей и Монтрей — столица и крупнейший город северо-восточного штата Нуэво-Леон в Мексике. Монтеррейская агломерация является третьей по величине в Мексике после Мехико и Гвадалахары.
3995523	Монклова	Монклова — город в Мексике, штат Коауила, входит в состав одноимённого муниципалитета и является его административным центром. Численность населения, по данным переписи 2020 года, составила 237 169 человек.
3996069	Мехикали	Мехика́ли — город в Мексике, столица штата Нижняя Калифорния, входит в состав одноимённого муниципалитета и является его административным центром. Численность населения, по данным переписи 2010 года, составила 689 775 человек.
3996387	Матеуала	Матеуала — город в Мексике, в штате Сан-Луис-Потоси, входит в состав одноимённого муниципалитета и является его административным центром. Население — 82 726 человек.
3997479	Лос-Мочис	Лос-Мо́чис — город в Мексике, входит в штат Синалоа. Население 358 977 человек.
4004330	Ирапуато	Ирапуа́то — город и административный центр одноимённого муниципалитета штата Гуанахуато, Мексика. Численность населения, по данным переписи 2010 года, составила 380 941 человек.
4004898	Эрмосильо	Эрмоси́льо — город на северо-западе Мексики, столица штата Сонора, входит в состав одноимённого муниципалитета и является его административным центром. Численность населения, по данным переписи 2020 года, составила 855 563 человека.
4005143	Гуаймас	Гуа́ймас, полное официальное наименование Эройка-Гуаймас — город в Мексике, штат Сонора, входит в состав муниципалитета Гуаймас и является его административным центром. Численность населения, по данным переписи 2020 года, составила 117 253 человека.
4005219	Гуасаве	Гуасаве — город и муниципалитет в Мексике, входит в штат Синалоа. Население 270 260 человек.
4005539	Гвадалахара	Гвадалаха́ра — город в Мексике, столица штата Халиско, входит в состав одноимённого муниципалитета и является его административным центром. Численность населения, по данным переписи 2020 года, составила 1 385 621 человек.
4006163	Фреснильо	Фреснильо — город в Мексике, штат Сакатекас. Население на 2010 год составляет 213 139 человек.
4012176	Кульякан	Кульяка́н, официально Кульяка́н-Роса́лес — город в Мексике, столица штата Синалоа и административный центр одноимённого муниципалитета. Население 605 304 человека (2005).
4013704	Сьюдад-Обрегон	Сьюдад-Обрегон — город в Мексике, штат Сонора, входит в состав муниципалитета Кахеме и является его административным центром. Численность населения, по данным переписи 2020 года, составила 329 404 человека.
4013706	Лердо	Лердо — город в Мексике, входит в штат Дуранго. Население 96 243 человека.
4013714	Сьюдад-Гусман	Сьюда́д-Гусма́н, до 1856 года — Сапотлан-эль-Гранде — город в Мексике, в штате Халиско, входит в состав муниципалитета Сапотлан-эль-Гранде и является его административным центром. Численность населения, по данным переписи 2020 года, составила 111 975 человек.
4023117	Долорес-Идальго	Доло́рес-Ида́льго, полное официальное название: Долорес-Идальго-Куна-де-ла-Индепенденсия-Насиональ — город и административный центр одноимённого муниципалитета в мексиканском штате Гуанахуато. Численность населения, по данным переписи 2010 года, составила 59 240 человек.
4076598	Мобил (город)	Моби́л — город и порт на юге США, в бухте Мобил Мексиканского залива, в устье одноимённой реки. Третий по величине город штата Алабама, имеет для него важное экономическое значение.
4076784	Монтгомери (Алабама)	Монтго́мери — административный центр и второй по численности населения город штата Алабама, США. Также является административным центром одноименного округа Монтгомери.
4094455	Таскалуса (Алабама)	Таскалу́са — город в США, на западе штата Алабама, центр округа Таскалуса. Расположен на реке Блэк-Уорриор в регионе Глубокий Юг.
4119403	Литл-Рок	Литл-Рок — столица и крупнейший город штата Арканзас, США. Население — 197,881 тыс. человек (2018).
4124112	Норт-Литл-Рок	Норт-Литл-Рок — город с местным самоуправлением в штате Арканзас, США. Население — 62 304 человека. Расположен на реке Арканзас, напротив столицы штата Литл-Рок.
4140963	Вашингтон	Вашингто́н — столица Соединённых Штатов Америки, федеральная территория. Официальное название — округ Колумбия.
4149962	Кейп-Корал	Кейп-Корал — плановый город в округе Ли, штат Флорида, США. Крупнейший город не только округа Ли, но и вообще от Тампы до Майами.
415189	Аден	А́ден — город в Йемене на берегу Аденского залива, бывшая столица Народной Республики Южного Йемена и Народной Демократической Республики Йемен. После объединения в единый Йемен статус столицы был потерян, но город остался важным транзитным портом на побережье Аравийского моря.
4151909	Корал-Спрингс	Корал-Спрингс — город в округе Брауард штата Флорида, США.
4152872	Дейтона-Бич	Дейто́на-Бич — город в округе Волуша, штата Флорида, США. По данным 2008 года, население города составляет 64 211 человек.
4153071	Дирфилд-Бич	Дирфилд-Бич — город-курорт в округе Брауард, штат Флорида, США. Часть метрополитенского района Майами.
4153132	Делрей-Бич	Делрей-Бич, Делрэй-Бич — город в округе Палм-Бич штата Флорида (США). Курорт на Атлантическом побережье Флориды.
4153146	Делтона	Делтона — город на востоке штата Флорида, на побережье Атлантического океана. Расположен в округе Волуша. Находится к северу от озера Монро.
4155966	Форт-Лодердейл	Форт-Ло́дердейл — курортный город на восточном побережье южной Флориды, расположенный между городами Майами и Уэст-Палм-Бич. Население — 165 521 чел (2010).
4156404	Гейнсвилл	Ге́йнсвилл — город в округе Алачуа в штате Флорида, США. Крупнейший город округа и его административный центр.
4158476	Хайалиа	Хайалиа — город в округе Майами-Дейд, штат Флорида, США. По данным переписи 2020 года, население города составляет 223 109 человек, что делает его шестым по величине городом во Флориде.
4159050	Хомстед (Флорида)	Хо́мстед — город в округе Майами-Дейд, штат Флорида, США.
4160021	Джэксонвилл	Джэ́ксонвилл — самый густонаселённый город в американском штате Флорида и двенадцатый по численности населения город в США. Территориально относится к округу Дувол.
4160983	Киссимми	Ки́ссимми — город на юго-востоке США, в центре американского штата Флорида, южный пригород Орландо, входит в его агломерацию. Расположен в округе Осиола у озера Тогопикалига.
4164138	Майами	Майа́ми — город в США, расположенный на побережье Атлантического океана на юго-востоке Флориды в округе Майами-Дейд.
4164143	Майами-Бич	Майами-Бич — курортный город в штате Флорида (США).
4164167	Майами-Гарденс	Майами-Гарденс — город, расположенный в округе Майами-Дейд с населением 107 167 человек по статистическим данным переписи 2010 года.
4167147	Орландо (Флорида)	Орла́ндо — город и административный центр округа Ориндж, штат Флорида, США. Расположен в Центральной Флориде.
4168139	Пемброк-Пайнс	Пемброк-Пайнс — город на юго-востоке американского штата Флорида. По состоянию на 2021 год население города составляет 171 178 человек, что делает его вторым городом по численности населения в округе Брауард, одиннадцатым в штате Флорида и 157-м в США.
4169014	Помпано-Бич	Помпано-Бич — город в округе Брауард. Получил своё название в честь рыбы, в изобилии обитавшей здесь у побережья; вторая часть названия, Бич, с английского переводится как «пляж».
4174715	Таллахасси	Таллаха́сси — город в округе Лион, столица штата Флорида, третьего по населению штата в Соединённых Штатах Америки.
4174757	Тампа	Та́мпа — третий по числу жителей город штата Флорида, административный центр округа Хилсборо, находящийся на западе полуострова, на побережье залива Тампа. Население на 2021 г. — 387 050.
4177887	Уэст-Палм-Бич	Уэст-Палм-Бич — город на восточном побережье юга полуострова Флорида, штат Флорида, США. Имеются предприятия по производству электронной аппаратуры, реактивных двигателей, стройматериалов, пищевые предприятия.
4180439	Атланта	Атла́нта — город в США, административный центр (столица) и крупнейший город штата Джорджия, административный центр округа Фултон. Отдельные части города расположены в округе Де-Калб.
418863	Исфахан	Исфаха́н — город в Иране на берегу реки Заянде, расположенный в 340 км к югу от Тегерана. Административный центр провинции Исфахан, третий по величине город Ирана.
4207400	Макон	Мако́н — город и коммуна во Франции, префектура департамента Сона и Луара региона Бургундия — Франш-Конте. Вокруг города расположен одноимённый округ.
4221333	Санди-Спрингс	Санди-Спрингс — город в округе Фултон, штат Джорджия, США. По данным переписи 2010 года, население города составляет 93 853 человека.
4229476	Уорнер-Робинс	Уорнер-Робинс — город в США, в штате Джорджия, в округе Хьюстон.
425378	Бужумбура	Бужумбу́ра — самый большой город, экономическая и бывшая политическая столица Бурунди. Население по оценочным данным составляет более 500 тысяч человек.
4255466	Кармель	Ка́рмель, также Карме́л, Карме́ль, Карми́л — горный массив на северо-западе Израиля. Часто упоминается как гора Кармель или как горный хребет Кармель, в русской Библии названа горой Кармил.
4257227	Эвансвилл	Э́вансвилл — город на Среднем Западе США, третий по величине город в штате Индиана и крупнейший город на юге Индианы. В дореволюционных русскоязычных энциклопедиях и даже в первом издании Большой советской энциклопедии описывается как Эвансвиль.
4257494	Фишерс	Фишерс — город в США, в штате Индиана. Северный пригород Индианаполиса.
4259418	Индианаполис	Индиана́полис, сокр. — И́нди — город на Среднем Западе США, административный центр и самый населённый город штата Индиана и округа Марион. Население в городской черте — 882 039 человек, в то время как в пределах агломерации проживают 2 091 019 человек.
4276873	Оверленд-Парк	О́верленд-Парк — второй по численности населения город в Канзасе; на 2010 год в нём проживало 173 372 человека.
4280539	Топика (Канзас)	Топи́ка — город в центральной части США, административный центр штата Канзас и округа Шони. Население составляет 125,9 тысячи человек (2018).
4281730	Уичито	Уи́чито — город в США, крупнейший населённый пункт штата Канзас. Расположен в южной части штата Канзас на реке Арканзас в округе Седжуик.
4299276	Луисвилл	Лу́исвилл — самый большой город в американском штате Кентукки. Он считается 17-м или 27-м по количеству населения в Соединённых Штатах в зависимости от способа подсчёта.
4315588	Батон-Руж	Ба́тон-Руж — город на юго-востоке США, столица и второй по количеству населения город штата Луизиана, административный центр прихода Ист-Батон-Руж. Население 220 236 человек (2019), в агломерации насчитывается свыше 850 тыс.
4330236	Лейк-Чарльз	Лейк-Чарльз — город в штате Луизиана, США. Административный центр прихода Калкашу.
4335045	Новый Орлеан	Но́вый Орлеа́н — крупный портовый город в США, самый густонаселённый город штата Луизиана. По переписи 2000 года в городе проживало 484 674 жителя.
4341513	Шривпорт	Шри́впорт — город в американском штате Луизиана. 133-й по численности населения в США.
4347778	Балтимор	Ба́лтимор — город на востоке США, крупнейший населённый пункт штата Мэриленд. Основан в 1729 году.
4355843	Гейтерсберг	Гейтерсберг — 3-й по населению город Мэриленда, расположенный в округе Монтгомери северо-западней Вашингтона. Входит в Вашингтонский метрополитенский ареал.
4393217	Канзас-Сити (Миссури)	Канзас-Сити — город в США, на западной границе штата Миссури, на берегу реки Миссури. Население 508 090 человек (2020).
4407066	Сент-Луис	Сент-Лу́ис — независимый город в США, в штате Миссури.
4431410	Джэксон (Миссисипи)	Джэ́ксон — столица и крупнейший город штата Миссисипи на юге США с населением около 170 тыс. человек.
4453066	Ашвилл	А́швилл — город и административный центр (столица) округа Банком в штате Северная Каролина в Соединённых Штатах Америки.
4459467	Кэри (Северная Каролина)	Кэри — второй по величине город в округе Уэйк, штат Северная Каролина, США, и седьмой по величине город этого штата. Вместе с Роли образует метрополию.
4460243	Шарлотт (Северная Каролина)	Ша́рлотт — город в США. Самый крупный город в штате Северная Каролина, по численности населения Шарлотт занимает семнадцатое место среди крупнейших городов США. Город расположен на границе с Южной Каролиной в округе Мекленберг, административным центром которого он и является.
4464368	Дарем	Да́рем — город на северо-востоке Англии, административный центр одноимённого графства в регионе Северо-Восточная Англия. Население превышает 48 тысяч человек (2011).
4469146	Гринсборо (Северная Каролина)	Гри́нсборо — город в США, в штате Северная Каролина. До 1895 года название писалось Greensborough.
4473083	Джэксонвилл	Джэ́ксонвилл — самый густонаселённый город в американском штате Флорида и двенадцатый по численности населения город в США. Территориально относится к округу Дувол.
4487042	Роли	Ро́ли — город и административный центр штата Северная Каролина в Соединённых Штатах Америки. Роли называют «дубовым городом», так как он славится своими дубравами.
449504	Исламшехр	Исламше́хр — город в Иране, в провинции Тегеран, жилой пригород столицы Ирана, административный центр шахрестана Исламшехр. Население — 357,171 человек (2006).
4499612	Уинстон-Сейлем	Уи́нстон-Се́йлем — город на востоке Соединённых Штатов Америки в округе Форсайт в штат Северная Каролина. В ряде русскоязычных энциклопедий, в частности в первом издании «БСЭ», описывается как Винстон-Салем.
4508722	Цинциннати	Цинцинна́ти — город на юго-западе штата Огайо, США, часть округа Гамильтон. Расположен на реке Огайо на границе штатов Огайо и Кентукки, неподалёку от границы с Индианой.
4509177	Колумбус (Огайо)	Колу́мбус — пятнадцатый по численности населения город США, столица и крупнейший город штата Огайо расположенный сразу в трёх округах: Делавэр, Франклин и Фэрфилд.
4509884	Дейтон	Де́йтон — город в штате Огайо в Соединённых Штатах Америки, административный центр округа Монтгомери; мэр Джеффри Дж. Мимс, мл.. По величине агломерации является четвёртым в Огайо.
4531405	Брокен-Арроу	Бро́кен-А́рроу — город, расположенный в северо-восточной части штата Оклахома, на границе двух округов — Талса и Уагонер, США. Является крупнейшим пригородом Талсы.
4544349	Оклахома-Сити	Оклахо́ма-Си́ти — крупнейший город и столица штата Оклахома, административный центр округа Оклахома. Население 591 967 жителей (2011), в агломерации — почти 1,3 млн.
4553433	Талса	Та́лса — второй по величине город штата Оклахома с населением около 390 тысяч жителей. Является основным муниципалитетом в городской агломерации Талса.
4560349	Филадельфия	Филаде́льфия — город в США, шестой по населению город страны и самый населённый город штата Пенсильвания. Население агломерации составляет 6 096 120 жителей.
456172	Рига	Ри́га — столица Латвии, её политический, экономический и культурный центр. Второй по числу жителей город в странах Балтии после Вильнюса.
4563008	Кагуас	Ка́гуас — город в восточной части Пуэрто-Рико пригород Сан-Хуана. Население — 142 000. Город основан в январе 1775 году.
4566385	Маягуэс	Маягуэс — город и порт в Пуэрто-Рико.
4568451	Трухильо-Альто	Трухильо-Альто — муниципалитет в Пуэрто-Рико, часть столичного района Сан-Хуан, в который входят муниципалитеты Баямон, Гуайнабо, Катаньо и Тоа Баха. Город состоит из 6 округов и Трухильо-Альто-Пуэбло .
4574324	Чарлстон (Южная Каролина)	Ча́рлстон — старейший и крупнейший по количеству жителей город американского штата Южная Каролина, административный центр одноимённого округа и центр городской агломерации Чарлстона, Норт-Чарлстона и Саммервилла. Город находится немного южнее центральной точки океанического побережья Южной Каролины у глубоководной Чарл…
4575352	Колумбия	Колу́мбия — государство на северо-западе Южной Америки, с территориями в Центральной Америке. Столица — Богота. Граничит с Бразилией и Венесуэлой на востоке, на юге — с Эквадором и Перу, на западе — с Панамой.
457954	Лиепая	Ли́епая или Лие́пая — город государственного значения на юго-западе Латвии, на побережье Балтийского моря. Крупнейший город исторической области Курземе, третий по величине город Латвии, важный промышленный центр и незамерзающий порт.
4589387	Норт-Чарлстон	Норт-Чарлстон — город в округах Беркли, Чарлстон и Дорчестер, штат Южная Каролина, США. 3-й по количеству жителей город штата (2017) и 266-й по этому показателю в США (2017).
460413	Даугавпилс	Да́угавпилс — город государственного значения в Латвии, второй по величине и значению после Риги. Самый южный из всех городов республики, расположен на реке Даугаве, недалеко от границы с Литвой и Беларусью.
4612862	Чаттануга	Чаттану́га — город на юго-востоке США, штат Теннесси, административный центр округа Гамильтон. Население в 2008 году составляло 170 тысяч жителей.
462444	Златоуст	Златоу́ст — город в Челябинской области России. Административный центр Златоустовского городского округа.
4634946	Ноксвилл	Но́ксвилл — город в штате Теннесси США.
463829	Зеленоград	Зеленогра́д — город в России, образующий один из 12 административных округов Москвы. Расположен в 37 км к северо-западу от центра Москвы.
463835	Зеленодольск	Зеленодо́льск — город в Республике Татарстан Российской Федерации. С 1958 года административный центр Зеленодольского района.
4641239	Мемфис (Теннесси)	Ме́мфис — город в штате Теннесси на юге США. Один из крупнейших экономических центров юга страны.
4644585	Нашвилл	На́швилл — город на юге США, столица и крупнейший город штата Теннесси, центр округа Дейвидсон. Расположен на берегу реки Камберленд, в центральной части штата.
466806	Йошкар-Ола	Йошка́р-Ола́ — город в России, столица Республики Марий Эл. Административный центр городского округа «Город Йошкар-Ола».
466885	Ейск	Ейск — город в Краснодарском крае. Административный центр Ейского района и Ейского городского поселения Краснодарского края.
4669635	Абилин (Техас)	А́билин — город в США, расположенный в центральной части штата Техас на реке Элм-Крик. Административный центр округа Тейлор.
466990	Ессентуки	Ессентуки́ — город-курорт в Ставропольском крае. Образует городской округ город-курорт Ессентуки.
4671654	Остин (Техас)	О́стин — город в США, расположенный в центральной части штата Техас, столица штата и административный центр округа Травис. Город основан в 1839 году и назван в честь Стивена Остина, одного из основателей независимого Техаса.
4676740	Браунсвилл (Техас)	Браунсвилл — город в США, в штате Техас. Центр округа Камерон. Браунсвилл — 15-й по величине город в Техасе и 129-й по величине в Соединённых Штатах.
467978	Елец	Еле́ц — город в России, административный центр Елецкого района Липецкой области. Является городом областного подчинения, в границах которого образовано муниципальное образование городской округ город Елец.
468082	Елабуга	Ела́буга — город в Республике Татарстан России. Административный центр Елабужского района, образует городское поселение город Елабуга.
468250	Егорьевск	Его́рьевск — город в Московской области России. Город областного подчинения, административный центр муниципального округа Егорьевск.
4683416	Корпус-Кристи	Ко́рпус-Кри́сти — город в Соединённых Штатах Америки, расположенный в южной части штата Техас на побережье Мексиканского залива, туристический центр.
4684888	Даллас	Да́ллас — город в США, расположенный в северо-восточной части штата Техас на реке Тринити. Административный центр округа Даллас.
468902	Ярославль	Яросла́вль — город в России, административный центр Ярославской области. Население 563 717 чел. (2025).
4691930	Форт-Уэрт	Форт-Уэ́рт — город в США, расположенный в центрально-восточной части штата Техас.
4699066	Хьюстон	Хью́стон — четвёртый по количеству жителей город в Соединённых Штатах Америки и крупнейший город в штате Техас с населением 2 314 157 человек в 2023 году по оценке Бюро переписи населения США. Хьюстон является административным центром округа Харрис, а также главным экономическим центром агломерации Большого Хьюстона, з…
4705349	Ларедо (Техас)	Ларе́до — город в штате Техас в США на границе с Мексикой, административный центр округа Уэбб. Население 231 470 человек. Образует единую городскую агломерацию с расположенным на другом берегу Рио-Гранде мексиканским городом Нуэво-Ларедо; численность агломерации с пригородами по обе стороны границы — 1,17 млн человек.
470546	Выборг	Вы́борг — город в России, административный центр Выборгского муниципального района Ленинградской области. Образует Выборгское городское поселение как единственный населённый пункт в его составе.
4705692	Лиг-Сити	Лиг-Сити — город в штате Техас, входит в агломерацию Большой Хьюстон. Большая часть города находится в округе Галвестон, но часть относится к округу Харрис.
4709796	Мак-Аллен (Техас)	Мак-Аллен — город в штате Техас, США.
4710178	Мак-Кинни	Мак-Ки́нни — город в США, центр округа Коллин, штат Техас.
4714131	Нью-Браунфелс	Нью-Браунфелс — город в США, расположенный в центральной части штата Техас. Город назван по имени города Браунфельс в Германии, располагается на границе округов Комал и Гуадалупе и является административным центром округа Комал.
471430	Воткинск	Во́ткинск — город в России, крупный промышленный центр Удмуртской Республики, административный центр Воткинского района, в состав которого не входит. Образует городской округ город Воткинск.
471656	Воскресенск	Воскресе́нск — город в юго-восточной части Московской области, административный центр городского округа Воскресенск. Численность населения — 95 347 чел.
4718097	Перленд	Пе́рленд — город в округах Бразория, Форт-Бенд и Харрис штата Техас (США). 36-й по численности населения город штата и 294-й по этому показателю в США (2013).
472045	Воронеж	Воро́неж — город на юге Центральной России, административный центр Воронежской области. Расположен на берегах Воронежского водохранилища, в 12 километрах от реки Дон; расстояние от Москвы — около 520 км.
472231	Волжский	Во́лжский — город Волгоградской области России. Образует городской округ город Волжский.
472278	Вольск	Вольск — город в России, административный центр Вольского района Саратовской области.
472459	Вологда	Во́логда — город в России, административный, культурный, транспортный и научный центр Вологодской области, центр Вологодского муниципального округа, в который не входит, обладая статусом города областного значения и образуя городской округ город Вологда.
4726206	Сан-Антонио	Сан-Анто́нио — город в США, расположенный на юге штата Техас. Административный центр округа Бэр.
472757	Волгоград	Волгогра́д — город на юго-востоке европейской части России, административный центр Волгоградской области. Население по данным на 1 января 2025 года — ↘1 012 219 чел.: шестнадцатый по численности населения город России.
472761	Волгодонск	Волгодо́нск — город в Ростовской области России. Образует одноимённый городской округ.
473249	Владикавказ	Владикавка́з — город на юге России, в центральной части Северного Кавказа. Столица Республики Северная Осетия — Алания.
4734825	Шугар-Ленд	Шугар-Ленд — город в США, расположенный в штате Техас в пределах Большого Хьюстона, образованного городами Хьюстон — Шугар-Ленд — Бейтаун.
4735966	Темпл	Темпл — исторический район Лондона, ограниченный с севера Флит-стрит, а с юга — Темзой. Берёт название от средневекового ордена тамплиеров (храмовников), который владел этим участком до XIV века.
4736476	Те-Вудлендс	Те-Вудлендс — статистически обособленная местность, расположенная в 45 километрах на северо-запад от Хьюстона. Принадлежит к округам Монтгомери и Харрис.
4741752	Уичито-Фолс	Уи́чито-Фолс — город в штате Техас США, административный центр округа Уичито. По данным переписи за 2010 год число жителей составляло 104 553 человека, по оценке Бюро переписи США в 2018 году в городе проживало 104 494 человека.
4752186	Чесапик (Виргиния)	Чесапик — независимый город в штате Виргиния в США. Площадь — 910 км². Второй по площади город в штате.
476077	Великие Луки	Вели́кие Лу́ки — город в Псковской области России. Является Городом воинской славы.
4776024	Ньюпорт-Ньюс	Нью́порт-Нью́с — город в США, в штате Вирджиния. По данным на 2010 год население города составляло 180 719 человек.
4776222	Норфолк	Но́рфолк — неметропольное церемониальное графство на востоке Англии. Входит в состав региона Восточная Англия.
4781708	Ричмонд (Виргиния)	Ри́чмонд — город на востоке Соединённых Штатов Америки, административный центр штата Виргиния.
4782167	Роанок (Виргиния)	Ро́анок — независимый город, расположенный в Роанокском муниципальном районе и десятый по величине город Содружества Виргиния. Роанок также является частью Роанокского региона Виргинии и является крупнейшим городом в долине Роанок.
4788158	Суффолк	Су́ффолк, Са́ффолк — церемониальное неметропольное графство на востоке Англии. Входит в состав региона Восточная Англия.
479123	Ульяновск	Улья́новск — город в России, административный центр Ульяновской области. Является городом областного значения, образует муниципальное образование город Ульяновск со статусом городского округа.
4791259	Верджиния-Бич	Верджи́ния-Бич, Вирджи́ния-Бич, Виргиния-Бич — город в США, расположенный на юго-востоке штата Виргиния. Самый крупный город в штате и 44-й по населению в США.
479411	Ухта	Ухта́ — город в Республике Коми Российской Федерации. Образует муниципальный округ «Ухта».
479561	Уфа	Уфа́ — город в России, столица и крупнейший город Башкортостана. Один из российских городов-миллионеров, девятый по численности населения город в стране, центр Уфимской агломерации.
480060	Тверь	Тверь — город в России, административный центр Тверской области и Калининского округа, в который не входит, являясь административно-территориальной единицей со статусом округа и городом областного значения, образующим одноимённое муниципальное образование городской округ город Тверь.
480089	Туймазы	Туймазы́ (баш. МФА: — город в Республике Башкортостан Российской Федерации. Административный центр Туймазинского района.
480562	Тула	Ту́ла — город в России, административный центр Тульской области и городского округа Тула. Город-герой. Расположена на севере Среднерусской возвышенности на берегу реки Упы, в 173 километрах к югу от Москвы.
4835797	Хартфорд (Коннектикут)	Ха́ртфорд — город на северо-востоке США, столица штата Коннектикут. Расположен в округе Хартфорд на берегу реки Коннектикут.
4839366	Нью-Хейвен (Коннектикут)	Нью-Хе́йвен — город в одноимённом округе штата Коннектикут, на берегу пролива Лонг-Айленд. Крупный порт. Население — 134 023 человек (2020), является третьим по численности населения городом штата после Бриджпорта и Стамфорда.
484646	Тамбов	Тамбо́в — город в России, административный, экономический и культурный центр Тамбовской области. Также административный центр Тамбовского района, в который сам не входит, являясь городом областного значения, образующим с 7 сельскими населёнными пунктами городской округ Тамбов.
484907	Таганрог	Таганро́г — город в Ростовской области России. Порт на берегу Таганрогского залива Азовского моря.
484972	Сызрань	Сы́зрань — город в Самарской области Российской Федерации. Административный центр городского округа Сызрань и Сызранского муниципального района.
4850751	Сидар-Рапидс	Си́дар-Ра́пидс — второй по величине город в американском штате Айова. Находится в графстве Линн. Город раскинулся по двум берегам реки Сидар, в 32 км севернее Айова-Сити и 160 км восточнее Де-Мойна, столицы штата и самого большого города Айовы.
485239	Сыктывкар	Сыктывка́р — город республиканского значения, столица Республики Коми в России. Административный центр городского округа «Сыктывкар».
4853828	Де-Мойн	Де-Мойн — город в США в центральной части штата Айова, у впадения реки Раккун в реку Де-Мойн. Административный центр штата Айова и округа Полк.
4862034	Айова-Сити	А́йова-Си́ти — город в штате Айова (США). Административный центр округа Джонсон.
487495	Стерлитамак	Стерлитама́к — город в России, второй по численности населения город в Башкортостане, административный центр Стерлитамакского района, в состав которого не входит. Город республиканского значения, образует городской округ город Стерлитамак.
487846	Ставрополь	Ста́врополь — город на юге России, административный центр Ставропольского края и городского округа город Ставрополь. Культурный, деловой и промышленный центр края.
487928	Старый Оскол	Ста́рый Оско́л — город в Белгородской области России. Административный центр Старооскольского городского округа.
4885265	Болингбрук (Иллинойс)	Болингбрук — деревня, расположенная в округах Уилл (преимущественно) и Ду-Пейдж в штате Иллинойс в Соединённых Штатах Америки.
4887158	Шампейн (Иллинойс)	Шампе́йн — город в округе Шампейн, штат Иллинойс. Расположен в 217 км к югу от Чикаго и в 200 км западней Индианаполиса, штат Индиана.
4887398	Чикаго	Чика́го, официально Город Чикаго — самый населённый город штата Иллинойс и третий по населению город в Соединённых Штатах. С оценочным населением в 2 747 000 человек в 2022 году, это также самый крупный город на Среднем Западе.
4903279	Нейпервилл	Не́йпервилл — город на севере США, в штате Иллинойс.
491023	Соликамск	Солика́мск — город в Пермском крае. Входит в состав Соликамского муниципального округа, являясь его административным центром.
491422	Сочи	Со́чи — город-курорт в Краснодарском крае, расположенный на северо-восточном побережье Чёрного моря на расстоянии 260 км от Краснодара и 1615 км от Москвы. Административный центр городского округа Сочи.
491687	Смоленск	Смоле́нск — город на западе России, административный, промышленный и культурный центр Смоленской области. Один из древнейших городов России.
4920423	Форт-Уэйн	Форт-Уэ́йн — второй по величине город на северо-востоке штата Индиана и административный центр округа Аллен в США.
492094	Славянск-на-Кубани	Славя́нск-на-Кубани — город на юге России, в Краснодарском крае. Административный центр муниципального образования Славянский район, включающего в свой состав 14 сельских и 1 городское поселение.
4924006	Манси	Ма́нси, или манси́йцы — малочисленный финно-угорский народ в России, коренное население Ханты-Мансийского автономного округа — Югры. Говорят на мансийском языке угорской группы; ближайшие языковые родственники хантов, родственны также венграм.
4930956	Бостон	Бо́стон — столица и крупнейший город штата Массачусетс в США. Бостон также является крупнейшим городом региона, известного под названием Новая Англия, а также одним из старейших и богатейших городов США.
4931429	Броктон (Массачусетс)	Броктон — город в округе Плимут, штат Массачусетс, США. Согласно переписи 2020 года, в городе проживает 105 643 человек.
4936159	Фолл-Ривер (Массачусетс)	Фолл-Ривер — город в округе Бристол, штат Массачусетс, США. Расположен вдоль восточного берега залива Наррагансетт в устье реки Тонтон.
4937230	Фреймингхем	Фреймингем — город в США, в округе Мидлсекс штата Массачусетс. Население — 68 318 человек (2010).
495344	Щёлково	Щёлково — город в городском округе Щёлково Московской области России. Город областного подчинения.
4956184	Вустер	Ву́стер — город в Англии, выделенный в отдельный район со статусом «сити». Расположен в центре церемониального и неметропольного графства Вустершир.
496015	Шахты	Ша́хты — город на юге России в Ростовской области России на реках Гру́шевке, Аюте, Атюхте и Кадамовке, в 35 км от реки Дон, в 68 км от Ростова-на-Дону, в 25 км от Новочеркасска и в 1000 км от Москвы.
496285	Северодвинск	Северодви́нск — город в Архангельской области России, административный центр муниципального образования «Северодвинск». Основан в 1936 году как рабочий посёлок Судострой, рядом с Николо-Корельским монастырём, получил статус города в 1938 году.
496527	Серпухов	Се́рпухов — город в России, административный центр городского округа Серпухов в составе Московской области. Население — 134 360 человек (2025).
496638	Сергиев Посад	Се́ргиев Поса́д — город в Московской области России. Административный центр Сергиево-Посадского городского округа.
4984247	Анн-Арбор	Анн-А́рбор, также Энн-А́рбор — город в американском штате Мичиган, центр округа Уоштено. Является седьмым по числу жителей городом штата с населением 114 110 человек, по данным переписи 2000 года, из которых 32 % (36 892) — студенты.
498525	Саров	Саро́в — город в России, расположенный в Нижегородской области и Республике Мордовия. Является закрытым административно-территориальным образованием Нижегородской области, образует городской округ.
498677	Саратов	Сара́тов — город на юго-востоке европейской части России, административный центр Саратовской области. Является городом областного значения.
498687	Сарапул	Сара́пул — город в Удмуртской Республике, Россия. В 1738 году был приписан к Осинской провинции Уфимской губернии.
498698	Саранск	Сара́нск — город в России, столица Республики Мордовия и административный центр одноимённого городского округа. Расположен в центральной части Восточно-Европейской равнины, на Приволжской возвышенности, в месте слияния рек Саранки и Инсар, примерно в 600 километрах к востоку от Москвы.
498817	Санкт-Петербург	Санкт-Петербу́рг — второй по численности населения город России. Город федерального значения. Административный центр Северо-Западного федерального округа.
4990729	Детройт	Детро́йт — город на севере США, в штате Мичиган. Расположен в юго-восточном углу штата, на реке Детройт, на границе с Канадой.
499099	Самара	Сама́ра — город в Среднем Поволжье России, центр Поволжского экономического района и Самарской области, образует городской округ Самара. Город трудовой и боевой славы (2016).
4992523	Фармингтон-Хилс	Фармингтон-Хилс — город в США в округе Окленд штата Мичиган.
499292	Салават	Салава́т — город в России, один из крупнейших промышленных центров Республики Башкортостан. Город республиканского значения, образует одноимённый городской округ.
4994358	Гранд-Рапидс	Гранд-Ра́пидс — город на севере Соединённых Штатов Америки в штате Мичиган, который является вторым по величине городом в Мичигане и первым по величине в западной части штата.
4997787	Каламазу	Каламазу́ — город в Соединённых Штатах Америки, в юго-западной части штата Мичиган, центр одноимённого округа.
4998830	Лансинг	Ла́нсинг — город в США, столица штата Мичиган. Назван уроженцами Лансинга штата Нью-Йорк в честь своего города.
500004	Рыбинск	Ры́бинск — второй по величине город в Ярославской области России. Город расположен в 82 км от областного центра города Ярославля.
500096	Рязань	Ряза́нь — один из древнейших городов России, административный центр Рязанской области, расположенный на западе страны, в центре Восточно-Европейской равнины на берегу рек Трубежа, Лыбеди и Оки. Согласно найденным записям, основан в 1095 году.
5007402	Рочестер-Хилс	Рочестер-Хилс — город в США в округе Окленд штата Мичиган.
5010636	Саутфилд	Саутфилд — город в США, в округе Окленд в штате Мичиган. Население 71 739 жителей по переписи 2010 года.
5011148	Стерлинг-Хайтс	Стерлинг-Хайтс — город, расположенный в округе Маком штата Мичиган (США) с населением 129 699 человек по данным переписи 2010 года.
501175	Ростов-на-Дону	Росто́в-на-Дону́ — город на юго-западе России, административный центр Южного федерального округа и Ростовской области. Город воинской славы (2008).
5012639	Троя	Тро́я, или Илио́н, И́лион — древний город-крепость в Малой Азии на полуострове Троада у побережья Эгейского моря. Развалины города располагаются на северо-западной оконечности полуострова у южного входа в пролив Дарданеллы, где невысокая горная гряда понижается в направлении берега.
5014681	Уэстленд	Национальный парк Уэстленд Таи Поутини — пятый по величине национальный парк в Новой Зеландии, расположен в западной части Южного острова, между Южными Альпами и побережьем острова. Парк основан в 1960 году в честь столетия европейского заселения округа Уэстленд.
502018	Реутов	Ре́утов — город в Московской области России. Город областного значения, образует одноимённый городской округ.
5024719	Дулут	Дулу́т — город в штате Миннесота в Соединённых Штатах Америки; административный центр округа Сент-Луис.
502965	Раменское	Ра́менское — город в России, административный центр Раменского городского округа Московской области. Население — 117 115 чел. (2025).
503550	Пятигорск	Пятиго́рск — город-курорт в Ставропольском крае Российской Федерации. Административный центр городского округа город-курорт Пятигорск.
5037649	Миннеаполис	Миннеа́полис — город на севере США, крупнейший город штата Миннесота и округа Хеннепин. Население — 422 331 человек (2017).
503977	Пушкино	Пу́шкино — город в России. С 22 апреля 2019 года — административный центр городского округа Пушкинский Московской области. Население — 112 807 чел. Расстояние от Москвы: 14 км от МКАД по железной дороге, 17 км от МКАД по Ярославскому шоссе, 30 км от центра Москвы — Красной площади.
504003	Пушкин (город)	Пу́шкин — город в составе Пушкинского района города федерального значения Санкт-Петербурга и его внутригородское муниципальное образование, в 1936 году был передан в административное подчинение Ленинграда. Крупный туристический, научный, учебный и военно-промышленный центр.
504341	Псков	Псков — город в России, в Северо-Западном федеральном округе, административный центр Псковской области. Является городом областного подчинения, образует самостоятельное муниципальное образование город Псков в статусе городского округа.
5045360	Сент-Пол (Миннесота)	Сент-Пол — город на севере Соединённых Штатов Америки, столица штата Миннесота, административный центр округа Рамси. Население — 311 527 человек. Образует агломерацию с Миннеаполисом общей численностью населения более 3,5 млн человек.
5072006	Линкольн (Небраска)	Ли́нкольн — город в северной половине центральной части США, административный центр штата Небраска и округа Ланкастер. Численность населения, по данным переписи 2020 года, составляет 291 082 человек.
5074472	Омаха	О́маха, или Ома́ха — крупнейший город штата Небраска, находящийся на его восточной границе, окружной центр округа Дуглас. Расположен на берегу реки Миссури, в примерно 30 километрах к северу от устья реки Платт.
508101	Подольск	Подо́льск — город в Московской области России.
5095445	Бейонн	Бейо́нн — город в округе Хадсон штата Нью-Джерси, США. Бейонн расположен на полуострове между бухтой Ньюарк на западе, проливом Килл-ван-Кулл на юге и заливом Нью-Йорка на востоке.
509820	Петрозаводск	Петрозаво́дск — город республиканского значения на северо-западе России на берегу Онежского озера; столица Республики Карелия, образующая Петрозаводский городской округ. В 1940—1941 и 1944—1956 годах был столицей Карело-Финской Советской Социалистической Республики.
5099836	Джерси-Сити	Дже́рси-Си́ти — город и окружной центр округа Хадсон, расположенный в штате Нью-Джерси (США), с населением 292 449 человек, по статистическим данным переписи 2020 года. Второй по численности населения город штата Нью-Джерси после Ньюарка.
5101798	Ньюарк (Нью-Джерси)	Нью́арк — город на северо-востоке США, крупнейший город штата Нью-Джерси и административный центр округа Эссекс. Население около 282 тыс. чел. (2019).
510291	Петергоф	Петерго́ф — город, внутригородское муниципальное образование в составе Петродворцового района города федерального значения Санкт-Петербурга. Расположен на южном берегу Финского залива к западу от Санкт-Петербурга, в 29 км по железной дороге.
5105496	Трентон (Нью-Джерси)	Тре́нтон — город на восточном побережье США, столица штата Нью-Джерси.
5106834	Олбани (Нью-Йорк)	О́лбани — город на северо-востоке США, столица штата Нью-Йорк и округа Олбани. Население собственно города составляет 99,2 тыс., население городской агломерации 899,2 тыс.
5107464	Астория	«Асто́рия» — пятизвёздочная гостиница в Санкт-Петербурге, расположена в центре города на Исаакиевской площади рядом с Исаакиевским собором. Располагается в историческом здании — памятнике архитектуры федерального значения.
510808	Первоуральск	Первоура́льск — город областного подчинения в европейской части Свердловской области России, четвёртый по численности населения город в области. Административный центр муниципального округа Первоуральск и Западного управленческого округа.
5109790	Боро-Парк	Боро-Парк — район в юго-западной части Бруклина, Нью-Йорк, США.
5110629	Буффало	Бу́ффало, также Ба́ффало — город в северо-западной части штата Нью-Йорк, второй по населению город штата. Расположен на восточном берегу озера Эри, одного из Великих озёр, на правом берегу пограничной с Канадой реки Ниагары, соединяющей озеро Эри с озером Онтарио.
5110918	Бушуик	Бу́шуи́к — район на севере боро Бруклин, Нью-Йорк. На северо-западе Бушуик ограничен улицей Флашинг-авеню и районами Уильямсберг и Ист-Уильямсберг, на северо-востоке — районом Риджвуд в Куинсе, на востоке — кладбищем Эвергринс, на юго-западе — бруклинским Бродвеем и районом Бедфорд — Стайвесант.
511196	Пермь	Пермь — город на востоке европейской части России, в Предуралье, на берегах реки Камы, ниже впадения в неё реки Чусовой, административный центр Пермского края и Пермского района, транспортный узел на Транссибирской магистрали, речной порт, имеет статус города краевого значения и городского округа.
5112540	Китайский квартал	Кита́йский кварта́л, кита́йская слобода́ — населённые китайцами кварталы в некитайских городах. Центры коммерции, туризма и китайской культуры.
511510	Ново-Переделкино	Но́во-Переде́лкино — район Москвы, расположенный в Западном административном округе за пределами МКАД, а также соответствующее ему одноимённое внутригородское муниципальное образование. Назван по находившемуся на его территории посёлку Переделкино, ныне располагающемся в районе Внуково.
511565	Пенза	Пе́нза — город в центре европейской части России, административный центр Пензенской области. Является городом областного значения, образует муниципальное образование городской округ город Пенза.
5119347	Гринберг (город)	Гри́нберг — город в округе Уэстчестер, штат Нью-Йорк, с населением 86 тысяч человек. Расположен между городами Йонкерс и Уайт-Плейнс.
5125771	Манхэттен	Манхэ́ттен — историческое ядро города Нью-Йорка и одно из пяти его боро. Кроме острова Манхэттен, боро включает в себя несколько небольших островов.
5127835	Маунт-Вернон	Ма́унт-Ве́рнон — бывшая плантация Джорджа Вашингтона, а ныне исторический памятник близ города Александрия в округе Фэрфакс на берегу реки Потомак, в 24 километрах к югу от столицы Соединённых Штатов Америки.
5128581	Нью-Йорк	Нью-Йо́рк — крупнейший город США, входящий в одну из крупнейших агломераций мира. Население города составляет 8 467 513 человек, агломерации — 19,77 млн.
5134086	Рочестер (Нью-Йорк)	Ро́честер — город и административный центр округа Монро, в западной части штата Нью-Йорк на берегу озера Онтарио. По данным переписи 2020 года население составляет 211,328 человек, что делает Рочестер 4-м городом и 10-м населённым пунктом по населению в штате.
5136454	Скенектади	Скене́ктади — город на северо-востоке США в штате Нью-Йорк. 66 135 жителей (2010). Транспортный узел.
5140405	Сиракьюс	Си́ракьюс, Сиракузы — город в США, в центральной части американского штата Нью-Йорк, на полпути между городами Олбани и Буффало, на южном берегу озера Онондага. Административный центр округа Онондага.
5142036	Верхний Вест-Сайд	Верхний Ве́ст-Са́йд — район в Манхэттене, ограниченный Центральным парком, рекой Гудзон, 59-й и 110-й улицами. В Верхний Вест-Сайд нередко включают квартал Морнингсайд-Хайтс.
5145215	Йонкерс	Йо́нкерс — город в США, в юго-восточной части штата Нью-Йорк. Название города происходит от нидерландского звания нетитулованного дворянства jonkheer (юнкер).
514734	Орск	Орск — город в Оренбургской области Российской Федерации, административный центр городского округа город Орск. В состав города Орска входят три административных района: Ленинский, Октябрьский, Советский.
515003	Оренбург	Оренбу́рг — город в России, административный центр Оренбургской области России и Оренбургского района, составляющий вместе с 10 сельскими населёнными пунктами отдельное муниципальное образование город Оренбург со статусом городского округа.
515012	Орёл (город)	Орёл — город в России, административный центр Орловской области и Орловского муниципального округа. Являясь городом областного значения, образует муниципальное образование городской округ город Орёл.
515024	Орехово-Зуево	Оре́хово-Зу́ево — город областного подчинения в Московской области России. Находится на реке Клязьме в пределах Подмосковной Мещёры, в 95 км к востоку от центра Москвы по Носовихинскому шоссе, в 88 км по Горьковскому шоссе и в 76,2 км от МКАД по ж/д.
516215	Одинцово	Одинцо́во — город в России, административный центр Одинцовского городского округа Московской области, город областного подчинения. Западный город-спутник Москвы.
516264	Очаково-Матвеевское	Оча́ково-Матве́евское — район в Москве, расположенный в Западном административном округе, а также соответствующее ему одноимённое внутригородское муниципальное образование. Район образован в 1997 году объединением районов Очаково и Матвеевское.
516436	Обнинск	О́бнинск — город областного значения на севере Калужской области, первый наукоград России. Образует городской округ город Обнинск.
5174035	Толедо	Толе́до — город в центральной части Испании, столица провинции Толедо и автономного сообщества Кастилия-Ла-Манча. Он расположен к юго-западу от Мадрида на реке Тахо и является центром архиепископства.
517836	Новотроицк	Новотро́ицк — город в Оренбургской области, городской округ.
517963	Новошахтинск	Новоша́хтинск — город в Ростовской области России. Образует городской округ. Согласно принятому правительством РФ в 2019 году Индексу качества городской среды город Новошахтинск, по показателю данного индекса, является самым худшим городом России среди городов с населением от 100 тыс.
518255	Новороссийск	Новоросси́йск — город на юге России, в Краснодарском крае.
518659	Новокуйбышевск	Новоку́йбышевск — город областного подчинения в Самарской области России, в 20 км к юго-западу от областного центра города Самары. Центр городского округа Новокуйбышевск.
518970	Новочеркасск	Новочерка́сск — город на юго-западе России в Ростовской области. Образует городской округ — Новочеркасск.
518976	Новочебоксарск	Новочебокса́рск — город в Чувашской Республике Российской Федерации. Административный центр Городского округа город Новочебоксарск Чувашской Республики.
519336	Великий Новгород	Вели́кий Но́вгород — город в Северо-Западном федеральном округе России. Административный центр Новгородской области, а также Новгородского района, в состав которого не входит, обладая статусом города областного значения и образуя городской округ Великий Новгород c единственным населённым пунктом в его составе.
520068	Ногинск	Ноги́нск — город в Московской области России. Административный центр Богородского городского округа.
520494	Нижний Тагил	Ни́жний Таги́л — город областного значения в Свердловской области России, второй по численности населения город в области после Екатеринбурга. Административный центр Горнозаводского управленческого округа.
520555	Нижний Новгород	Ни́жний Но́вгород — город в центральной России, административный центр Приволжского федерального округа и Нижегородской области. Второй по численности населения город в Приволжском федеральном округе и на реке Волге, седьмой по численности населения город в стране.
5206379	Питтсбург	Пи́ттсбург — второй по величине город в штате Пенсильвания, США. Город является экономическим, культурным, научным и транспортным ядром региона Большой Питтсбург.
521118	Нижнекамск	Нижнека́мск — город в Республике Татарстан, Россия. Административный центр Нижнекамского района и городского поселения город Нижнекамск.
522377	Невинномысск	Невинномы́сск — город краевого значения в Ставропольском крае России. Образует городской округ город Невинномысск.
5223869	Потакет (Род-Айленд)	Пота́кет — город в округе Провиденс, штат Род-Айленд, США. Четвёртый по количеству жителей в штате.
5224151	Провиденс	Про́виденс — столица и самый населённый город штата Род-Айленд (США). Провиденс — экономический, культурный и политический центр Род-Айленда.
5225507	Уорик	Уо́рик — город в Англии, административный центр графства Уорикшир. Расположен на реке Эйвон. Население составляет 25 434 человека (2001).
522942	Нефтекамск	Нефтека́мск — город в Российской Федерации, на северо-западе Башкортостана. Население — ↗133 874 (2025), четвёртый по численности населения город республики после Уфы, Стерлитамака и Салавата.
523064	Назрань	Назра́нь — город на юге России в составе Республики Ингушетия. Административный центр Назрановского района, в состав которого не входит.
5231851	Су-Фолс	Су-Фолс — крупнейший город штата Южная Дакота, США.
523426	Наро-Фоминск	На́ро-Фоми́нск — город в Московской области Российской Федерации; административный центр Наро-Фоминского городского округа.
523523	Нальчик	На́льчик — город-курорт на юге России, входящий в Северо-Кавказский федеральный округ. Столица Кабардино-Балкарской Республики, её административный, культурный и образовательный центр.
523750	Набережные Челны	На́бережные Челны́, с 1982 по 1988 год — Бре́жнев — город республиканского значения в Татарстане, Россия.
523812	Мытищи	Мыти́щи — город в Московской области. Северо-восточный город — спутник Москвы.
524294	Муром	Му́ром — город во Владимирской области России. Административный центр городского округа Муром и Муромского района.
5244080	Аплтон	А́плтон — город в штате Висконсин, США. Расположен на реке Фокс, в 160 км к северу от Милуоки.
524901	Москва	Москва́ — столица России, город федерального значения, административный центр Центрального федерального округа и центр Московской области, в состав которой не входит. Мегаполис; крупнейший по численности населения город России и её субъект — 13 274 285 человек (2025), что делает Москву 18-й среди городов мира по числен…
5254962	Грин-Бей	Грин-Бей — город в США, штат Висконсин, центр округа Браун. Расположен на берегу залива Грин-Бей озера Мичиган в устье реки Фокс.
5261457	Мадисон (Висконсин)	Ма́дисон — город в Соединённых Штатах Америки, административный центр штата Висконсин. Население — 269 196 человека (2021), это второй город по населению в Висконсине после Милуоки и 81-й в США.
5263045	Милуоки	Милуо́ки — город на севере США, административный центр одноимённого округа в штате Висконсин. Порт на берегу озера Мичиган. При населении 569 330 человек (2021 год), город занимает первое место по населённости в Висконсине и 31-е место — в США.
526480	Минеральные Воды	Минера́льные Во́ды — город на юге России, в Ставропольском крае. Административный центр Минераловодского района.
5265838	Ошкош	О́шкош — город, административный центр округа Уиннебейго в американском штате Висконсин. Расположен при впадении реки Фокс в озеро Уиннебейго.
5268249	Расин (Висконсин)	Раси́н — город в штате Висконсин (США), административный центр округа Расин.
527191	Мичуринск	Мичу́ринск — город в Тамбовской области России, наукоград, расположен на правом берегу реки Лесной Воронеж, в 72 км западнее областного центра города Тамбова. Второй по значению после областного центра промышленный и культурный центр области.
527717	Мелеуз	Мелеу́з — город в России, является административным центром Мелеузовского района Республики Башкортостан. Образует муниципальное образование город Мелеуз со статусом город как единственный населённый пункт в его составе.
528293	Майкоп	Майко́п — город на юге России. Столица Республики Адыгея. Административный центр городского округа «город Майкоп», образованного в границах Майкопского республиканского городского округа.
5296266	Goodyear Tire and Rubber Company	Goodyear Tire & Rubber Company — американская международная компания, производитель шин и других резинотехнических изделий, а также полимеров для автомобильного и промышленного рынков. Основана в 1898 году в городе Акрон в штате Огайо; главное управление находится в этом городе и в настоящее время.
5308655	Финикс	Фи́никс — столица и крупнейший город американского штата Аризона. С населением в 1 624 569 Финикс является крупнейшим административным центром среди всех в США, включая федеральную столицу Вашингтон, а также 5-м по населению городом в стране.
5313457	Скотсдейл	Скотсдейл — город в западной части округа Марикопа в штате Аризона, США.
5318313	Тусон	Тусо́н — крупный город в штате Аризона (США) и административный центр округа Пима. Является одним из быстрорастущих городов США.
532096	Махачкала	Махачкала́ — город на юге России, расположенный на берегу Каспийского моря. Столица Республики Дагестан. Крупнейший город Северо-Кавказского федерального округа и третий по численности населения город Северного Кавказа.
5322053	Юма	Юма — песчаная пустыня в Северной Америке, являющаяся западным участком пустыни Сонора. Расположена в районе американо-мексиканской границы в южной части американского штата Аризона и северной части мексиканского штата Нижняя Калифорния.
532288	Магнитогорск	Магнитого́рск — город в Челябинской области России. Образует одноимённый городской округ.
5323060	Альгамбра	Альга́мбра — архитектурно-парковый ансамбль, расположенный на холмистой террасе в восточной части города Гранада в Южной Испании. Основное развитие получил во времена правления мусульманской династии Насридов (1230—1492), при которых Гранада стала столицей Гранадского эмирата на Иберийском полуострове, а Альгамбра — их…
5323810	Анахайм	А́нахайм — город в Калифорнии, США. Расположен в округе Ориндж, в 45 километрах южнее Лос-Анджелеса.
5325738	Бейкерсфилд	Бе́йкерсфилд — город в округе Керн, штат Калифорния, США.
532615	Люберцы	Лю́берцы — город в Московской области России. Являясь частью городской агломерации Москвы, город формирует единый слитный мегаполис столицы.
532675	Лысьва	Лы́сьва — город краевого значения в Пермском крае России. Административный центр Лысьвенского городского округа.
5331835	Бербанк (Калифорния)	Бе́рбанк — город в округе Лос-Анджелес, штат Калифорния, США.
5336537	Чино	Чи́но — коммуна в Италии, в провинции Сондрио области Ломбардия.
5336899	Чула-Виста	Чула-Виста — город в США, в округе Сан-Диего штата Калифорния с населением в 210 000 человек по статистическим данным переписи 2005 года. Расположен на восточном побережье залива Сан-Диего.
5339840	Коста-Меса	Коста-Меса — город, расположенный в округе Ориндж с населением 109 960 человек по статистическим данным переписи 2010 года.
5341430	Дейли-Сити (Калифорния)	Дейли-Сити — город в штате Калифорния, США. Является крупнейшим городом округа Сан-Матео.
5345529	Эль-Кахон	Эль-Кахон — город, расположенный в округе Сан-Диего с населением 99 478 человек по статистическим данным переписи 2010 года.
5350734	Фримонт (Калифорния)	Фримонт — город в Калифорнии, США. Расположен в округе Аламида, в юго-восточной части области залива Сан-Франциско, где является четвёртым по величине городом.
5350937	Фресно	Фре́сно — город в США, Калифорния. Центр округа Фресно. Расположен в калифорнийской Центральной долине.
535121	Липецк	Ли́пецк — город в России, административный центр Липецкой области. Является ядром крупнейшей российской агломерации со специализацией в сфере чёрной металлургии полного цикла, промышленный, агротехнологический и авиационный центр.
5351515	Гарден-Гров	Га́рден-Гров — город в штате Калифорния, США. Расположен в округе Ориндж. Город широко известен благодаря расположению в нём Хрустального собора, протестантской мегацеркви.
5357527	Голливуд	Голливу́д — район Лос-Анджелеса, расположенный к северо-западу от центра города, в штате Калифорния. Традиционно Голливуд ассоциируется с американской киноиндустрией, поскольку в этом районе находится много киностудий и живут многие известные киноактёры.
5358705	Хантингтон-Бич	Ха́нтингтон-Бич — город в округе Ориндж в южной Калифорнии (США). Численность населения города на 2022 год составляла 194 310 человек.
536162	Лениногорск	Лениного́рск — город в Республике Татарстан России. Административный центр Лениногорского района.
5364940	Ланкастер	Ланка́стер — главный город английского графства Ланкашир, в эстуарии реки Льюн, на расстоянии 11 км от её впадения в Ирландское море.
53654	Могадишо	Могади́шо — столица, крупнейший город и главный порт Сомали, являющийся также её культурным, финансовым и индустриальным центром.
5367929	Лонг-Бич	Лонг-Бич — город в Калифорнии, США. Расположен в южной части округа Лос-Анджелес, на побережье Тихого океана, в 30 км от делового центра Лос-Анджелеса.
5368361	Лос-Анджелес	Лос-А́нджелес — город на юге штата Калифорния, США. Крупнейший по численности населения в штате и второй в стране.
5372253	Мерсед (город)	Мерсе́д — город в штате Калифорния, США. Административный центр одноимённого округа.
5373327	Милпитас	Милпитас — город в округе Санта-Клара, штат Калифорния, США.
5373763	Мишен-Вьехо	Мишен-Вьехо — город, расположенный в южной части округа Ориндж американского штата Калифорния. Является одним из крупнейших «плановых городов», построенных когда-либо в Соединённых штатах.
5373900	Модесто	Модесто — город в центре округа Станисло, штат Калифорния, США.
5374732	Морено-Валли	Морено-Валли — город в округе Риверсайд в южной Калифорнии, США. Численность населения — 186 365 человек (2010).
5375480	Маунтин-Вью (Калифорния)	Маунтин-Вью — небольшой город в округе Санта-Клара штата Калифорния, США, который получил название благодаря видам на горы Санта-Круз. Население по результатам переписи 2010 года составляло 74 066 чел.
537737	Кузнецк	Кузне́цк — город в Пензенской области России.
5379439	Онтарио	Онта́рио — провинция, расположенная в центральной части Канады, самая населённая и вторая по площади после Квебека. Онтарио граничит с провинциями Манитоба на западе, Квебек на востоке, и с американскими штатами Миннесота, Мичиган, Огайо, Пенсильвания и Нью-Йорк на юге.
5380184	Окснард	О́кснард — город в округе Вентура, штат Калифорния, США. Население — 192 997 чел., по переписи 2000 года — 170 358 чел.
5380698	Палмдейл	Палмдейл — город, расположенный в округе Лос-Анджелес, Калифорния, США.
5380748	Пало-Алто	Па́ло-А́лто, Па́ло-А́льто — город в округе Санта-Клара, штат Калифорния, США. Название происходит от испанских слов исп.
5381396	Пасадина (Калифорния)	Пасади́на или Пасаде́на — калифорнийский город в округе Лос-Анджелес, пригород Лос-Анджелеса, расположенного в 19 км к юго-западу от Пасадины. Главный центр долины Сан-Габриэль, расположенной у подножья одноимённого горного кряжа рядом с национальным лесом Анджелес.
5383777	Плезантон (Калифорния)	Плезантон — город в округе Аламида, штат Калифорния, США. Плезантон расположен около 40 км к востоку от Окленда и 9 км к западу от Ливермора.
538560	Курск	Курск — город областного значения, расположенный на юге Центральной России, административный центр Курской области, а также Курского района. В состав административного и муниципального района не входит, образует самостоятельный городской округ, который носит название «город Курск».
5385955	Ранчо-Кукамонга (Калифорния)	Ранчо-Кукамонга — город в округе Сан-Бернардино в южной Калифорнии, США. Численность населения города составляет 165 269 человек (2010).
5386785	Редондо-Бич	Редондо-Бич — прибрежный город в округе Лос-Анджелес, штат Калифорния (США). По данным переписи за 2010 год, число жителей города составляло 66 748 человек.
5387877	Риверсайд (Калифорния)	Ри́версайд — город в округе Риверсайд штата Калифорния в США.
539147	Кунгур	Кунгу́р — город краевого значения в Пермском крае, административный центр Кунгурского административного района и Кунгурского муниципального округа.
5391811	Сан-Диего	Сан-Дие́го — город на юго-западе США на берегу Тихого океана на границе с Мексикой, административный центр округа Сан-Диего в штате Калифорния.
5391959	Сан-Франциско	Сан-Франци́ско — город в штате Калифорния, США; административный центр округа Сан-Франци́ско. Культурный, коммерческий, финансовый центр Северной Калифорнии.
5392171	Сан-Хосе (Калифорния)	Сан-Хосе́ — город в Калифорнии, по численности населения третий в штате после Лос-Анджелеса и Сан-Диего и десятый в США. Находится на западе штата Калифорния в северной части штата к югу от Сан-Франциско.
539283	Кумертау	Кумерта́у — город на юге Республики Башкортостан (Россия). Город республиканского значения, вместе с 4 населёнными пунктами образует городской округ город Кумертау.
5392900	Санта-Ана (Калифорния)	Са́нта-А́на — город в штате Калифорния (США). Административный центр округа Ориндж.
5392952	Санта-Барбара (Калифорния)	Са́нта-Ба́рбара — город в одноимённом округе в штате Калифорния (США).
5393049	Санта-Кларита	Санта-Клари́та — город в штате Калифорния, США. Расположен в округе Лос-Анджелес.
5393212	Санта-Моника	Санта-Мо́ника — город в США, расположенный на западе округа Лос-Анджелес, штат Калифорния.
5396003	Сими-Валли	Сими-Валли — город, расположенный в округе Вентура с населением 126 878 человек по статистическим данным переписи 2017 года.
5399020	Стоктон (Калифорния)	Сто́ктон — город в штате Калифорния, США. Административный центр округа Сан-Хоакин.
5400075	Саннивейл (Калифорния)	Са́ннивейл — город в округе Санта-Клара штата Калифорния, США. Это один из крупнейших городов Кремниевой долины.
540103	Кстово	Ксто́во — город в России, административный центр Кстовского района Нижегородской области. Город районного значения, до 23 декабря 2021 года образовывал городское поселение город Кстово.
5401395	Темекьюла	Темекьюла — город в округе Риверсайд, штат Калифорния, США. Население — 109 428 человек (2014).
5402405	Таузанд-Окс	Таузанд-Окс — город в штате Калифорния, США.
5405693	Ван-Найс (Калифорния)	Ван-Найс — район в долине Сан-Фернандо, Лос-Анджелес, Калифорния, США. Согласно статистическому отчету за 2008 год, население района составляет 110 747 человек.
5406222	Викторвилл (Калифорния)	Викторвилл — город в округе Сан-Бернардино, штат Калифорния, США. Занимает пятое место по количеству жителей в округе, 50-е в Калифорнии и 217-е место по этому показателю в США.
5406567	Висейлия	Висе́йлия — город в центральной части штата Калифорния, округ Туларе, административный центр округа.
5406602	Виста	Виста — город в округе Сан-Диего, штат Калифорния, в 11 км от Тихого океана, с населением 93834 человек.
5406990	Уолнат-Крик	Уолнат-Крик — город в округе Контра-Коста агломерации Область залива Сан-Франциско штата Калифорния США. Уолнат-Крик находится в 37 км на восток от Сан-Франциско и в 26 км от города Окленда.
5410902	Йорба-Линда	Йорба-Линда — город на юге американского штата Калифорния. Расположен приблизительно в 21 километре от центра Санта-Аны и в 60 километрах от центра Лос-Анджелеса.
5411015	Юба-Сити	Юба-Сити — город в Калифорнии, центр округа Саттер.
5417598	Колорадо-Спрингс	Колора́до-Спрингс — город в центральной части США, в штате Колорадо, административный центр округа Эль-Пасо. Расположен в восточной части штата, в 98 км южнее столицы штата Денвер на восточных отрогах Скалистых гор.
5419384	Денвер	Де́нвер, официально — Город и округ Денвер — крупнейший город и административный центр штата Колорадо, а также административный центр второго по численности населения в Колорадо округа Де́нвер. Население составляет 715 522 (2020) и определяет Денвер как 19-й город в США по количеству населения, в Денверском метрополите…
542374	Красногорск	Красного́рск — город в Московской области России. Административный центр городского округа Красногорск.
542420	Краснодар	Краснода́р — город на юге европейской части России, административный центр Краснодарского края и историко-географического региона Кубань. Вместе с прилегающими сельскими населёнными пунктами образует городской округ город Краснодар.
543460	Ковров	Ковро́в — город, административный центр Ковровского района Владимирской области, в состав которого не входит. Административно-территориальное образование, город, соответствующий категории города областного подчинения, в границах которого образован городской округ город Ковров в соответствии с Законом Владимирской облас…
543878	Кострома	Кострома́ — город в России на реке Волге, основанный Юрием Долгоруким в 1152 году. Административный центр Костромской области, речной порт.
5454711	Альбукерке	Альбуке́рке — город на юго-западе США, крупнейший город штата Нью-Мексико, административный центр округа Берналийо. Население по оценке на 2018 год составляет 560 218 человек, это 32-й по населению город США.
546105	Колпино	Ко́лпино — город в составе Колпинского района города федерального значения Санкт-Петербург, внутригородское муниципальное образование, город воинской славы России. Главное предприятие города — «Ижорские заводы».
546230	Коломна	Коло́мна — город в Московской области России, административный центр городского округа Коломна, расположенный при слиянии рек Москвы и Оки. Один из древнейших городов Подмосковья, он известен богатым историко-культурным наследием и значительной ролью в истории Руси.
547475	Клинцы	Клинцы́ — город в России, административный центр Клинцовского района и городского округа Клинцы Брянской области.
547523	Клин (город)	Клин — город областного подчинения в Московской области, административный центр городского округа Клин. Населённый пункт воинской доблести.
5475352	Лас-Крусес	Лас-Кру́сес — город на юго-западе США, административный центр округа Донья-Ана штата Нью-Мексико. Второй по численности населения город штата.
548114	Кисловодск	Кислово́дск — город-курорт в Ставропольском крае Российской Федерации. Административный центр городского округа город-курорт Кисловодск.
548395	Кирово-Чепецк	Ки́рово-Чепе́цк — город в Кировской области России. Административный центр Кирово-Чепецкого района, в состав которого не входит.
548408	Киров	Ки́ров — город в России, административный центр Кировской области. Вместе с подчинёнными населёнными пунктами образует одноимённый городской округ.
548605	Кинешма	Ки́нешма — город в северо-восточной части Ивановской области России. Административный центр Кинешемского района, в состав которого не входит, являясь городом областного значения, образует городской округ Кинешма.
5487811	Рио-Ранчо	Рио-Ра́нчо — город на юго-западе США в округе Сандовал, штат Нью-Мексико. Согласно переписи 2000 года, население составляло 51 765 человек.
550280	Химки	Хи́мки — город в Московской области России, один из крупнейших городов-спутников Москвы.
550478	Хасавюрт	Хасавю́рт — город на юге России, в Республике Дагестан.
5506956	Лас-Вегас	Лас-Ве́гас — город на западе США, в штате Невада, административный центр самого южного в штате округа Кларк. Расположен в центральной части пустыни Мохаве.
5509403	Норт-Лас-Вегас	Норт-Лас-Ве́гас или Се́верный Лас-Ве́гас — город в округе Кларк, расположенный в агломерации Лас-Вегаса. Норт-Лас-Вегас получил городские права 16 мая 1946 года.
5511077	Рино	Ри́но — город на западе штата Невада, США. Административный центр округа Уошо.
5513343	Санрайз-Манор	Санра́йз-Ма́нор — статистически обособленная местность в округе Кларк, у подножья горы Френчмен восточнее Лас-Вегаса с населением в 189 372 человека по статистическим данным переписи 2010 года. Если бы Санрайз-Манор получил статус муниципалитета (incorporated), он стал бы одним из крупнейших городов Невады.
551487	Казань	Каза́нь — город в России, столица Республики Татарстан, порт на левом берегу реки Волги при впадении в неё реки Казанки. Крупнейший по численности населения город в Приволжском федеральном округе и на реке Волге, пятый по численности населения город в стране.
5516233	Амарилло	Амари́лло — город на юге США, расположенный в северной части штата Техас, на высоте около 1100 метров над уровнем моря. Административный центр округа Поттер.
551847	Каспийск	Каспи́йск — город на юге России, в Республике Дагестан.
5530022	Сан-Анджело	Сан-Анджело — город в США, расположенный в центральной части штата Техас, административный центр округа Том-Грин. По данным переписи за 2010 год число жителей составляло 93 200 человек, по оценке Бюро переписи США в 2015 году в городе проживало 100 450 человек.
553287	Камышин	Камы́шин — город областного значения на юго-востоке европейской части России с населением 104 220 чел. (2025), третий по численности населения город Волгоградской области.
553399	Каменск-Шахтинский	Ка́менск-Шахти́нский — город в Ростовской области России.
553915	Калуга	Калу́га — город в европейской части России, в Центральном федеральном округе, административный центр Калужской области и муниципального образования город Калуга со статусом городского округа. Расположен на берегах Оки и её притоков — Яченки, Калужки, Киёвки, в 160 км к юго-западу от центра Москвы, в 143 км от МКАД.
554233	Королёв (город)	Королёв — город в Московской области России, наукоград. Население — 226 007 человек (2025).
554234	Калининград	Калинингра́д — город в России, административный центр Калининградской области, являющийся самым западным областным центром Российской Федерации. До 4 июля 1946 года город носил название Кёнигсбе́рг, ранее фигурировало название Короле́вец ; до 1255 года — Тва́нгсте.
554840	Ижевск	Иже́вск — двадцать второй по численности населения город Российской Федерации, крупный промышленный, торговый, научно-образовательный и культурный центр Поволжья и Предуралья, столица Удмуртии. Образует городской округ город Ижевск.
555312	Иваново	Ива́ново — город в России на берегах реки Уводи, административный центр Ивановской области, образует городской округ Иваново. До Октябрьской революции входил в Шуйский уезд Владимирской губернии, с начала XX века уже считался важным промышленным центром.
555980	Ишимбай	Ишимба́й — город в России. Административный центр Ишимбайского района Республики Башкортостан. Образует муниципальное образование город Ишимбай со статусом городского поселения как единственный населённый пункт в его составе.
55671	Кисмайо	Кисма́йо, Кисимайо, Кисимаю — портовый город в Сомали. Является административным центром сомалийской провинции Нижняя Джубба и столицей непризнанного государства Джубаленд.
5577147	Форт-Коллинс	Форт-Коллинс — город на Западе США, в округе Лаример, в штате Колорадо.
5579276	Лонгмонт	Лонгмонт — самоуправляемый муниципалитет в штате Колорадо. Расположен в округах Боулдер и Уэлд на удалении 33 мили (53 км) к северо-северо-западу от Денвера — столицы штата.
558082	Гуково	Гу́ково — город в Ростовской области России. Образует городской округ.
558146	Губкин (город)	Гу́бкин — город в России, административный центр Губкинского района Белгородской области. Расположен в северо-восточной части Белгородской области в 14 км к западу от Старого Оскола и в 116 км к северо-востоку от областного центра Белгорода, по обоим берегам реки Осколец, правобережного притока реки Оскол.
558418	Грозный	Гро́зный — город на Северном Кавказе, на юге России; столица и крупнейший город Чечни. Город республиканского значения, в состав района не входит, образуя городской округ город Грозный.
5586437	Бойсе (город)	Бо́йсе — административный центр и крупнейший город штата Айдахо, США, и окружной центр округа Эйда.
5601933	Нампа	На́мпа — город в округе Каньон штата Айдахо (США). Нампа является крупнейшим городом в округе и вторым по величине в штате после столицы Бойсе.
561347	Глазов	Гла́зов — город на севере Удмуртской Республики России. Административный центр Глазовского района, в состав которого не входит.
561627	Георгиевск	Гео́ргиевск — город, административный центр Георгиевского района Ставропольского края Российской Федерации. Город краевого значения.
561887	Гатчина	Га́тчина — город в России, административный центр Ленинградской области и Гатчинского муниципального округа. Город воинской славы России.
562820	Фили	Фили́ — исторический район Москвы. Располагается в Западном административном округе, на месте существовавшего здесь села Фили (Покровское).
563514	Элиста	Элиста́ — город на юге европейской части России. Столица и крупнейший город Республики Калмыкия.
563523	Электросталь	Электроста́ль — город областного подчинения в Московской области России. Вместе с 10 другими населёнными пунктами образует городской округ Электросталь.
565614	Долгопрудный	Долгопру́дный — город в Московской области России, расположен в 18 км на север по железной дороге от Савёловского вокзала, в непосредственной близости от Москвы. Город областного подчинения, образует одноимённый городской округ.
566532	Дербент	Дербе́нт — город на юге России в Республике Дагестан, расположенный в 125 километрах к юго-востоку от Махачкалы, на берегу Каспийского моря, в отрогах Большого Кавказа. Самый древний и самый южный город России.
5666639	Мизула	Мизу́ла — город на западе американского штата Монтана, центр одноимённого округа. Стоит в долине у подножья горного хребта Биттеррут, на реке Кларк-Форк, одном из притоков Колумбии, близ впадения в неё реки Биттеррут, на стыке пяти горных хребтов, поэтому город часто называют «центром пяти долин».
5688025	Бисмарк (Северная Дакота)	Би́смарк — город в Соединённых Штатах Америки, столица штата Северная Дакота и административный центр округа Берли.
569154	Черкесск	Черке́сск — город на Северном Кавказе России. Столица Карачаево-Черкесской Республики.
569223	Череповец	Черепове́ц — город в России, административный центр Череповецкого района Вологодской области, в который не входит, обладая статусом города областного значения и образуя городской округ. Расположен при впадении реки Ягорбы в реку Шексну, недалеко от Рыбинского водохранилища в 124 км западнее Вологды.
569696	Чебоксары	Чебокса́ры — город в России, столица Чувашской Республики, речной порт на правом берегу Чебоксарского водохранилища реки Волги, при впадении в него реки Чебоксарки. Административный центр городского округа город Чебоксары.
569955	Чапаевск	Чапа́евск — город областного подчинения в Самарской области России, железнодорожная станция Куйбышевской железной дороги. Центр одноимённого городского округа.
570427	Бузулук	Бузулу́к — город в Оренбургской области России, административный центр Бузулукского района, в состав которого не входит. Образует городской округ город Бузулук.
571170	Бугульма	Бугульма́ — город в Республике Татарстан Российской Федерации. Административный центр Бугульминского района.
571306	Будённовск	Будённовск — город в Ставропольском крае России, административный центр Будённовского муниципального округа.
571476	Брянск	Бря́нск — город областного значения в России, административный центр Брянской области Российской Федерации. Образует муниципальное образование город Брянск со статусом городского округа.
572525	Борисоглебск	Борисогле́бск — город в Воронежской области России.
5725846	Юджин (Орегон)	Юджи́н — второй по величине город штата Орегон (США), административный центр округа Лейн.
57289	Харгейса	Харге́йса — город в Сомали, крупнейший город и столица частично признанного государства Сомалиленд, второй по численности город Сомали после Могадишо.
577206	Березники	Березники́ — город краевого значения в Пермском крае России. Административный центр Березниковского муниципального округа.
577881	Белорецк	Белоре́цк — город в России на Южном Урале, административный центр Белорецкого района Республики Башкортостан. Образует муниципальное образование город Белорецк со статусом городского поселения как единственный населённый пункт в его составе.
5779334	Орем, Николай	Никола́й (Николь) Оре́м, или Никола́й Оре́змский — французский философ, натурфилософ, математик, механик, астроном, теолог. Епископ города Лизьё. Его научные труды оказали влияние на Николая Кузанского, Коперника, Галилея и Декарта.
5780026	Прово	Про́во — город в округе Юта, штат Юта, США. Расположен в 35 км южнее Солт-Лейк-Сити.
578072	Белгород	Бе́лгород — город на юге средней полосы европейской части России, административный центр Белгородской области. Образует одноимённый городской округ.
5780993	Солт-Лейк-Сити	Солт-Лейк-Си́ти — столица, самый населённый и самый большой по площади город штата Юта (США). Название часто сокращается до Солт-Лейк или SLC.
5781770	Саут-Джордан	Са́ут-Джо́рдан — город в округе Солт-Лейк. Саутт-Джордан соединён со столицей штата Юта Солт-Лейк-Сити линией скоростного трамвая.
5784549	Уэст-Джордан	Уэст-Джордан — город в округе Солт-Лейк, в штате Юта, США. В 2010 году в городе проживали 103 712 человек.
5784607	Уэст-Валли-Сити	Уэст-Валли-Сити — город в округе Солт-Лейк и пригород Солт-Лейк-Сити в штате Юта, США. При переписи населения в 2000 году было 108 896 человек, в 2008 году, по оценкам Бюро переписи населения США, численность населения составляла 123 447 человек, делая город вторым в штате по этому показателю.
5786899	Беллингхем (Вашингтон)	Бе́ллингхем — самый крупный город и центр округа Уотком штата Вашингтон. С населением 92 314 жителей (2019) это 13-й по величине город штата и 5-й по величине метрополитенского района после Сиэтла — Такомы, северной части Портленда, Спокана и Трёх городов.
578740	Батайск	Бата́йск — город областного подчинения в Ростовской области России. Образует городской округ город Батайск.
579460	Балашов (город)	Балашо́в — город в России, административный центр Балашовского района Саратовской области. Образует одноимённое муниципальное образование город Балашов со статусом городского поселения как единственный населённый пункт в его составе.
579464	Балашиха	Балаши́ха — город в Московской области России. Крупнейший по численности населения и третий по площади территории.
579492	Балаково	Балако́во — город на юго-востоке европейской части России, административный центр Балаковского муниципального района Саратовской области. Балаково — третий по численности населения город Саратовской области после Энгельса.
5799610	Кенневик	Кенневик — город в юго-восточной части штата Вашингтон, США. Расположен на территории округа Бентон.
5799625	Кент (Вашингтон)	Кент — город на севере США в округе Кинг, штат Вашингтон.
580054	Азов	Азо́в — город в Ростовской области России, административный центр Азовского района. Образует городской округ город Азов.
580497	Астрахань	А́страхань — город в России, административный центр Астраханской области, образует городской округ «Город Астрахань». Является центром Астраханской агломерации.
580724	Арзамас	Арзама́с — город в России, в Нижегородской области. Город областного значения, центр городского округа города Арзамаса.
580922	Армавир (Россия)	Армави́р — город на юге Российской Федерации, в Краснодарском крае. Расположен на востоке Краснодарского региона, в 202 км от Краснодара и в 1400 км от Москвы.
5809844	Сиэтл	Сиэ́тл — портовый город на западном побережье Соединённых Штатов Америки, являющийся окружным центром округа Кинг, штат Вашингтон. С населением в 737 015 человек по данным 2020 года, Сиэтл является самым крупным городом как в штате Вашингтон, так и на северо-западе США.
581049	Архангельск	Арха́нгельск — город в России, пятый по численности населения в Северо-Западном федеральном округе после Санкт-Петербурга, Калининграда, Вологды и Череповца. Расположен в начале Дельты Северной Двины, в 30—35 километрах от впадения её в Белое море.
5811696	Спокан (Вашингтон)	Спока́н — город на северо-западе США, штат Вашингтон, в 436 км к востоку от Сиэтла и в 180 км от северной границы с Канадой. Расположен на одноимённой реке и является центром так называемой Внутренней Северо-Западной области.
5811729	Спокан-Валли (Вашингтон)	Спокан-Валли — город в округе Спокан, штат Вашингтон и самый большой пригород Спокана.
5812944	Такома	Тако́ма — город в округе Пирс на северо-западе США, штат Вашингтон, в 51 км к юго-западу от Сиэтла.
5821086	Шайенн (Вайоминг)	Шайе́нн — город на северо-западе США, административный центр и крупнейший город штата Вайоминг. Население — 63,9 тыс. человек (2018).
582432	Альметьевск	Альме́тьевск — город в Республике Татарстан Российской Федерации. Административный центр Альметьевского района.
582750	Алексин	Але́ксин — город в Тульской области России, центр Алексинского района и соответствующего муниципального образования город Алексин. Расположен в северной части Среднерусской возвышенности, на обоих берегах реки Оки, в 59 км к северо-западу от Тулы, в 69 км к востоку от Калуги и в 150 км к югу от Москвы.
584243	Адлер	Адлер — курорт и административный центр Адлерского района города Сочи Краснодарского края РФ. Город основан в 1869 году, расположен в устье реки Мзымты по обоим её берегам и простирается на 17 км по Черноморскому побережью от левого берега реки Кудепсты до правого берега реки Псоу на границе с Абхазией.
584649	Евлах	Евла́х — город в Азербайджане. Административный центр Евлахского района. Население — 71,9 тыс. жителей (2023).
584717	Хачмаз	Хачма́з — город на севере Азербайджана. Административный центр Хачмазского района.
584923	Сумгаит	Сумгаи́т, или Сумгайыт — город в Азербайджане на побережье Каспийского моря, в 31 км к северу от Баку.
585103	Гарачухур	Гарачухур — посёлок в административном подчинении Сураханского района города Баку, Азербайджан. Расположен в 15 км от железнодорожной станции Баку.
585170	Шеки	Шеки́ — город, центр одноимённого района и одноимённой исторической области в Азербайджане. Расположен в южных предгорьях Большого Кавказа, в 77 км к северу от железнодорожного узла Евлах.
585514	Мингечевир	Мингечевир — четвёртый по численности населения город Азербайджана. Расположен на обоих берегах Куры, в 17 км к северо-западу от железнодорожной магистрали Баку — Гянджа — Тбилиси, с ответвлением от станции Мингечевир до станции Мингечевир-город.
5856195	Гонолулу	Гонолу́лу — город на острове Оаху Гавайского архипелага, столица и крупнейший город штата Гавайи и округа Гонолулу.
585915	Хырдалан	Хырдала́н — город в Азербайджане, административный центр Апшеронского (Абшеронского) района. Расположен в западной части Абшеронского полуострова, в 5 километрах к северо-западу от Баку.
586523	Гянджа	Гянджа́ — город республиканского подчинения Азербайджана, третий по численности населения и второй по площади в стране.
587084	Баку	Баку́ — столица и крупнейший город Азербайджанской Республики. Важный промышленный, экономический и научно-технический центр Закавказья, а также самый большой порт на Каспийском море и крупнейший по численности населения город на Кавказе.
5879400	Анкоридж	А́нкоридж, или Анко́ридж , — город в США, расположенный в южной части штата Аляска. В Анкоридже проживает свыше 291 247 человек, это самый северный город в США среди городов с населением более 100 тысяч человек.
5882873	Эйджакс (Онтарио)	Э́йджакс — город в провинции Онтарио (Канада), в районе Дарем. Эйджакс находится в 25 км к востоку от Торонто, на берегу озера Онтарио.
588335	Тарту	Та́рту — город на реке Эмайыги, второй по численности населения после Таллина город Эстонии, центр муниципалитета Тарту и уезда Тартумаа.
588409	Таллин	Та́ллин — столица Эстонской Республики, городской муниципалитет. Политический, научный, экономический и культурный центр страны.
590775	Ласнамяэ	Ла́снамяэ — крупнейший по численности населения район Таллина, столицы Эстонии. Основан в 1993 году, и своё название получил по горе Ласнамяги, на которой он расположен.
5907990	Брантфорд	Бра́нтфорд — город, расположенный на реке Гранд-Ривер на юго-западе провинции Онтарио, Канада. По результатам переписи населения, на 2011 год население города составляло 94 000 человек, а с пригородами около 135 500.
5911606	Бернаби	Бе́рнаби — город в Канаде в провинции Британская Колумбия, третий по численности населения город провинции. Восточный пригород Ванкувера. Основан в 1892 году, статус города получил в 1992, спустя сто лет после основания.
5913490	Калгари	Ка́лгари — город в провинции Альберта в Канаде. Расположен на юге провинции, в области предгорий и прерий, примерно в 80 км к востоку от водораздела Канадских Скалистых гор.
5921225	Шикутими	Шику́тими — город, а ныне один из трёх городских районов (округов) городской агломерации Сагеней в канадской провинции Квебек. Основан 24 августа 1842 года в месте впадения реки Шикутими в Сагеней.
5927690	Кокуитлам	Кокуитлам — город в провинции Британская Колумбия в Канаде, в районе Ванкувера. С населением 148 625 человек согласно переписи 2021 года занимает 6-е место по числу жителей в провинции Британская Колумбия и 34-е в Канаде.
593116	Вильнюс	Ви́льнюс — столица и крупнейший город Литвы и Прибалтики в целом. Административный центр Вильнюсского уезда, Вильнюсского городского самоуправления и Вильнюсского районного самоуправления, в состав которого не входит.
5935277	Дартмут	Дартмут — портовый город в Великобритании. Расположен в юго-западной части Англии, в графстве Девон, на западном берегу реки Дарт, в её устье.
594739	Шяуляй	Шяуля́й — город на севере Литвы, четвёртый по количеству жителей в республике; административный центр Шяуляйского уезда и Шяуляйского района. Крупный промышленный и культурный центр.
5959974	Гатино	Гатино́ — город в Канаде в провинции Квебек. Расположен на реке Оттава напротив канадской столицы г.
596128	Паневежис	Паневе́жи́с, или Панявежи́с — город на севере Литвы, пятый по числу жителей, административный центр Паневежского уезда и Паневежского района.
5962204	Глостер	Гло́стер — город в Англии, выделенный в отдельный район со статусом «сити». Расположен на реке Северн в центре церемониального и неметропольного графства Глостершир.
5964215	Гранби	Гранби́ — город в нижнем течении реки Святого Лаврентия в кантоне Верхняя Ямаска, в провинции Квебек в Канаде. Население — 47 637 жителей, с пригородами 68 352.
5964700	Грейтер-Садбери	Садбери или Сабери — город в Канаде, в провинции Онтарио. Входит в агломерацию «Большой Садбери».
5967629	Гуэлф	Гуэ́лф — город в канадской провинции Онтарио. В городе находится администрация графства Веллингтон, однако сам город в графство не входит, а является отдельным муниципалитетом.
598098	Клайпеда	Кла́йпеда — третий по величине город Литвы после Вильнюса и Каунаса. Расположен в западной части республики, где Балтийское море переходит в Куршский залив.
598316	Каунас	Ка́унас — второй по величине и значению город Литвы после Вильнюса. Образует Каунасское городское самоуправление, административный центр Каунасского районного самоуправления, в состав которого не входит.
5989045	Камлупс	Ка́млупс — город на юге центральной части Британской Колумбии, Канада, расположен у места слияния северного и южного рукавов реки Томпсон и недалеко от озера Камлупс. Это крупнейший населенный пункт в региональном округе Томпсон-Никола и в нём располагается региональное, а также окружное управления.
5989117	Каната	Каната была городом в провинции Онтарио в Канаде, пока в 2001 году не была присоединена к Оттаве. До объединения население Канаты составляло 59700 человек, по приблизительным оценкам в 2005 на территории Канаты проживает 72000 человек.
5990579	Келоуна	Кело́уна — город на западе Канады в провинции Британская Колумбия, на восточном берегу озера Оканаган. Население муниципалитета на 2016 год составляет 127 380 человек.
5992996	Китченер (Канада)	Ки́тченер — город в Канаде, в провинции Онтарио, в 100 км на запад от Торонто. Название города часто употребляется вместе с названием соседнего университетского города Уотерлу, его города-спутника.
601294	Нукус	Нуку́с — столица суверенной Республики Каракалпакстан в составе Узбекистана, город республиканского подчинения. Население на 1 апреля 2026 года — 350,4 тысяч человек.
601339	Ходжейли	Ходжейли́ — город в Каракалпакстане (Узбекистан), административный центр Ходжейлийского района (тумана).
601594	Туркменбаши (город)	Туркменбаши́, также Туркменбашы́ — город на западе Туркменистана, входящий в состав Балканского велаята. Расположен на восточном побережье Каспийского моря в 580 км западнее Ашхабада.
601734	Дашогуз	Дашогу́з — город на севере Туркменистана, административный центр Дашогузского велаята. Население — 201 142 человек (2022).
602150	Умео	У́мео — город в северной Швеции, административный центр лена Вестерботтен и одноимённой коммуны.
604490	Лулео	Лу́лео — город и порт на северо-востоке Швеции, в фьорде Ботнического залива Балтийского моря. Административный центр лена Норрботтен и коммуны Лулео.
6053154	Летбридж	Летбридж — город в канадской провинции Альберта. Самый большой город Южной Альберты, четвёртый по населению и третий по площади город провинции.
6059891	Лонгёй	Лонгёй — город в составе мегаполиса Большой Монреаль в провинции Квебек, Канада. Город расположен на правом берегу реки Святого Лаврентия.
6066513	Маркем (Канада)	Ма́ркем — крупнейшая из девяти коммун регионального муниципалитета Йорк, численность населения около 301 тыс. жителей, территория 211 км². Муниципалитет Маркема объединяет четыре коммуны: Маркем, Юнионвилл, Милликен и Торнхилл, расположенных на севере от Торонто в центре агломерации Большого Торонто.
6075357	Миссиссога	Миссиссо́га — город в Канаде, в провинции Онтарио, с населением 713 443 человек, согласно переписи 2011 года. Шестой по величине город Канады.
607610	Жанаозен	Жанаозе́н — город областного подчинения в Мангистауской области Казахстана.
6076211	Монктон	Мо́нктон — город в графстве Уэстморленд на юго-востоке провинции Нью-Брансуик, Канада.
6077243	Монреаль	Монреа́ль — самый крупный город в провинции Квебек и второй по величине город в Канаде после Торонто. Первоначально назывался Вилль-Мари — город Марии.
6085772	Нанаймо	Нанаймо — второй по численности населения город на острове Ванкувер. В Нанаймо находится администрация библиотеки острова.
608668	Уральск	Ура́льск — город в европейской части Казахстана. Расположен в Западном Казахстане, на реке Урал.
6087844	Нью-Уэстминстер	Нью-Уэ́стминстер — город в Канаде, в провинции Британская Колумбия. Был основан как вторая столица колонии Британская Колумбия.
6092122	Оквилл (Онтарио)	Оквилл — город в провинции Онтарио в Канаде. Оквилл расположен около 31 км от города Торонто и 20 км от города Гамильтон.
6094578	Ошава	О́шава — канадский город в провинции Онтарио. Располагается в Южном Онтарио, на побережье озера Онтарио), в 60 км к востоку от Даунтаун Торонто.
6094817	Оттава	Отта́ва — столица Канады. Расположена в восточной части провинции Онтарио на берегу реки Оттавы, по которой проходит граница между провинциями Онтарио и Квебек. Оттава — четвёртый по величине город страны и второй по величине город Онтарио.
609655	Караганда	Караганда́ — город в Казахстане, административный центр Карагандинской области.
610529	Атырау	Атыра́у — город в европейской части Казахстана, административный центр Атырауской области. Расположен в западной части страны, на берегу реки Урал.
610611	Актобе	Актобе́ — крупнейший город на западе Казахстана, административный центр Актюбинской области, одноимённой городской администрации и агломерации.
610612	Актау	Акта́у — портовый город на западе Казахстана на берегу Каспийского моря, областной центр Мангистауской области.
611717	Тбилиси	Тбили́си — столица и крупнейший город Грузии, расположенный в восточной части страны, на берегах реки Куры (Мтквари). Город является политическим, экономическим, транспортным и культурным центром страны.
6118158	Ред-Дир	Ред-Дир — город в центральной Альберте (Канада) на реке Ред-Дир, благодаря которой и получил своё название. Расположен между городами Калгари и Эдмонтон, является четвертым густонаселенным городом провинции.
611847	Сухуми	Суху́ми, или Суху́м, — крупнейший в Абхазии город. Согласно административному делению частично признанной Республики Абхазия, контролирующей территорию де-факто, — её столица и город республиканского значения.
6119109	Реджайна	Реджа́йна — административный центр провинции Саскачеван (Канада). Второй по численности населения город провинции.
612287	Рустави	Руста́ви — город на юго-востоке Грузии, расположен на берегах реки Куры в 11 километрах к юго-востоку от столицы г. Тбилиси.
613607	Кутаиси	Кутаи́си — один из древнейших городов Грузии. Важнейший исторический и экономический центр Западной Грузии, административный центр края Имеретия.
6138495	Сен-Жан-сюр-Ришелье	Сен-Жан-сюр-Ришелье — город в провинции Квебек, Канада, в административной области Монтережи. В 2009 году в городе проживало 92 050 жителей.
6138517	Сент-Джон (Нью-Брансуик)	Сент-Джон — второй по населению город канадской провинции Нью-Брансуик.
6141256	Саскатун	Саскату́н — крупнейший город канадской провинции Саскачеван.
6146143	Шербрук	Шербрук — четвёртый по величине город в провинции Квебек в Канаде, столица административно-территориальной единицы Эстри в историко-культурном регионе Восточные Кантоны. Население города составляет 159 448 жителей (2014).
615532	Батуми	Бату́ми — второй по населению город в Грузии, расположенный на юго-восточном побережье Чёрного моря. Административный центр Автономной Республики Аджария, крупный международный морской порт и один из крупнейших городов страны.
6155721	Сент-Катаринс	Сент-Ка́таринс — город в Канаде, в провинции Онтарио, в 51 км к югу от Торонто, вблизи границы с США. Тринадцатый по величине населённый пункт провинции.
6159905	Суррей	Су́ррей — историческое и церемониальное графство в южной Англии, часть региона Юго-Восточная Англия, одно из так называемых «Домашних графств». Административный центр — лондонский боро Кингстон-апон-Темс, хотя исторический город графства — Гилфорд.
616052	Ереван	Ерева́н — столица и крупнейший город Республики Армения, крупнейший промышленный и экономический центр государства. Один из древнейших городов мира.
616530	Ванадзор	Ванадзо́р (арм. Վանաձոր) — третий по величине город Армении после Еревана и Гюмри. Административный центр Лорийской области, ее социально-экономический и политический центр.
616635	Гюмри	Гюмри́ — город на северо-западе Армении, административный центр Ширакской области. Расположен в центральной части Ширакской котловины, примерно в 126 км к северу от Еревана.
6167865	Торонто	Торо́нто — крупнейший город Канады, административный центр провинции Онтарио. Население — 4 653 828 человек.
6169141	Труа-Ривьер	Труа́-Ривье́р — пятый по величине город в канадской провинции Квебек. Труа-Ривьер — это также крупнейший населённый пункт и столица историко-культурного и административного региона Мориси в самом сердце Квебека.
617239	Тирасполь	Тира́споль, также Тира́спол — город на левом берегу Днестра, столица непризнанной Приднестровской Молдавской Республики; второй по численности населения город, расположенный в пределах официальных границ Молдовы, после Кишинёва, и крупнейший в Приднестровье.
6173331	Ванкувер	Ванку́вер — город на западном побережье Канады, крупнейший населённый пункт провинции Британская Колумбия и третий по величине в Канаде. В 2010 году в Ванкувере проводились XXI зимние Олимпийские игры.
6173767	Верден	Верде́н — город во Франции в регионе Гранд-Эст, расположен преимущественно на левом берегу реки Мёз. Площадь чуть больше 31 км²; население — 23 тысячи человек.
6174041	Виктория (Британская Колумбия)	Викто́рия — город на крайнем западе Канады, столица провинции Британская Колумбия. Расположен на юго-восточном краю острова Ванкувер.
6182962	Уинсор (Онтарио)	Уи́нсор — город на юге Канады, в провинции Онтарио. Основан в середине 1720-х годов.
6183235	Виннипег	Ви́ннипег — город в Канаде, главный город провинции Манитоба, при впадении реки Ассинибойн в реку Ред-Ривер; коммерческий и транспортный центр Канадского Среднего Запада.
618426	Кишинёв	Кишинёв — столица и крупнейший город Республики Молдова. Экономический и культурный центр, расположенный в центре страны на реке Бык.
618577	Бендеры	Бенде́ры — город в непризнанной Приднестровской Молдавской Республике в пределах официальных границ Республики Молдова, главный порт на реке Днестр, крупнейший железнодорожный узел Приднестровской железной дороги. Исторический город СССР (1986), город воинской славы (2012).
618605	Бельцы	Бе́льцы — город и муниципий, второй по величине город в Республике Молдова после Кишинёва, третий с учётом Тирасполя, который не контролируется правительством Республики Молдова. Располагается на северо-западе страны.
618806	Жлобин	Жло́бин — город в Гомельской области Беларуси. Административный центр Жлобинского района.
620127	Витебск	Ви́тебск — город на северо-востоке Беларуси, административный центр Витебской области и Витебского района. Расположен в восточной части области на реке Западная Двина.
622428	Солигорск	Солиго́рск — город в Минской области Беларуси. Административный центр Солигорского района.
622794	Речица	Ре́чица — город в Гомельской области Беларуси. Административный центр Речицкого района.
623317	Полоцк	По́лоцк — город в Витебской области, на севере Беларуси, административный центр Полоцкого района. Расположен по обоим берегам Западной Двины, при впадении в неё реки Полоты.
623549	Пинск	Пинск — город областного подчинения в Брестской области Беларуси, расположенный у слияния рек Пина и Припять. Административный центр Пинского района.
624079	Орша	О́рша — город районного подчинения в Витебской области Беларуси. Административный центр Оршанского района.
6241325	Роторуа (город)	Ротору́а — город на Острове Северный Новой Зеландии, расположенный на берегах озера с одноимённым названием. Население города составляет 70000 человек.
624784	Новополоцк	Новопо́лоцк — город областного подчинения в Витебской области Беларуси. Расположен на левом берегу Западной Двины, в 6 км к западу от Полоцка.
625144	Минск	Минск — столица и крупнейший город Белоруссии, административный центр Минской области и Минского района, в состав которых не входит, поскольку является самостоятельной административно-территориальной единицей с особым (столичным) статусом. Крупнейший транспортный узел, политический, экономический, культурный и научный…
625324	Мозырь	Мо́зырь — город в Гомельской области Республики Беларусь. Административный центр Мозырского района.
625625	Молодечно	Молоде́чно — город в Минской области Беларуси на реке Уше. Административный центр Молодечненского района.
625665	Могилёв	Могилёв — город на востоке Беларуси, расположенный на берегах реки Днепр, административный центр Могилёвской области и Могилёвского района, в состав которого не входит.
626081	Лида	Ли́да — город в западной части Беларуси.
627904	Гродно	Гро́дно — город на западе Беларуси, административный центр Гродненской области, а также Гродненского района, в состав которого город не входит. В течение 2014 года город носил звание «Культурная столица Беларуси».
627907	Гомель	Го́мель — город в Беларуси, административный центр Гомельской области, а также Гомельского района, в состав которого город не входит. Ядро гомельской агломерации. Второй по численности населения город в стране.
6295587	Батам	Батам — остров и город в провинции Кепулауан-Риау на севере Индонезии. Крупнейший город провинции. Остров представляет собой зону свободной торговли и расположен в 20 км южнее Сингапура.
629634	Брест	Брест — город на юго-западе Беларуси, административный центр Брестской области и Брестского района. Численность населения на 1 января 2025 года составляет 346 061 человек.
630376	Борисов (город)	Бори́сов — город в Минской области Республики Беларусь. Административный центр Борисовского района.
630429	Барановичи	Бара́новичи — город областного подчинения в Беларуси, административный центр Барановичского района Брестской области, крупный железнодорожный узел в направлении Минска, Бреста, Волковыска, Лиды, Лунинца и Слуцка.
630468	Бобруйск	Бобру́йск — город областного подчинения в Беларуси, административный центр Бобруйского района Могилёвской области. Седьмой по численности населения и площади город Беларуси, наиболее крупный центр областного подчинения.
6316406	Апаресида-ди-Гояния	Апаресида-ди-Гояния — город и муниципалитет в Бразилии, входит в штат Гояс. Составная часть мезорегиона Центр штата Гойас.
6317872	Парауапебас	Парауапебас — муниципалитет в Бразилии, входит в штат Пара. Составная часть мезорегиона Юго-восток штата Пара.
632453	Вантаа	Ва́нтаа — город и муниципалитет в Финляндии в провинции Уусимаа недалеко от побережья Финского залива. Вантаа с 250 тысячами жителей (2024) является четвёртым по величине городом Финляндии.
6324733	Сент-Джонс	Сент-Джонс — столица, самый большой город и главный порт государства Антигуа и Барбуда, административный центр округа Сент-Джон.
6325478	Бопор	Бопор — один из шести районов города Квебек, в провинции Квебек, в Канаде. Образован 1 января 2002 года.
6325485	Шарльбур	Шарльбур — один из шести районов города Квебек, в провинции Квебек, в Канаде. Образован 1 января 2002 года.
6325494	Квебек (город)	Квебе́к — столица канадской франкоязычной провинции Квебек и главная городская агломерация на востоке провинции. В городе расположен Квебекский парламент и основной правительственный аппарат провинции, хотя город значительно меньше Монреаля.
6325521	Леви (Квебек)	Леви — город в Канаде в провинции Квебек.
632978	Вааса	Ваа́са, Ва́са, устаревший вариант Ва́за — город и муниципалитет на западе Финляндии на берегу Ботнического залива Балтики, известный также, как Николайстад, Николайстадт или Николайштадт.
6332428	Восточный Гарлем	Восто́чный Га́рлем — район Манхэттена в северо-восточной части Гарлема.
633679	Турку	Ту́рку — город и порт, расположенный на юго-западе Финляндии у впадения реки Аурайоки в Архипелаговое море. Административный центр провинции Варсинайс-Суоми.
634963	Тампере	Та́мпере — город в регионе Пирканмаа на юге Финляндии, второй по значимости городской центр после Хельсинки.
6362987	Сеута	Сеу́та — автономный город Испании, находящийся на северном побережье Африки, прямо напротив Гибралтара. Марокко рассматривает территорию Сеуты как оккупированную территорию Марокко.
637219	Сейняйоки	Се́йняйоки — город в провинции Южная Остроботния в Финляндии.
638936	Рованиеми	Ро́ваниеми — город и муниципалитет в Финляндии, административный центр провинции Лаппи.
64013	Босасо	Босасо — город в сомалийском регионе Бари. Является центром муниципалитета Босасо.
64021	Борама	Бо́рама — город на северо-западе Сомали. Центр административного региона Аудаль.
640999	Пори	По́ри или Бьёрнеборг — одиннадцатый по численности населения город Финляндии.
643492	Оулу	О́улу — пятый по численности населения город Финляндии, административный центр губернии Оулу. Расположен на северо-западе страны, при впадении реки Оулуйоки в Ботнический залив Балтийского моря.
64435	Бербера	Бербе́ра — город на северо-западе Сомали, шестой по численности город Сомали после Могадишо, Харгейсы, Буръо, Босасо и Беледуэйне, второй по численности город частично признанного государства Сомалиленд после Харгейсы. Наиболее защищённая гавань на южном побережье Аденского залива.
64536	Байдабо	Байдабо — город на юго-западе центральной части Сомали.
648900	Лаппеэнранта	Ла́ппеэнранта, Лаппенранта или Вильманстранд — город и муниципалитет в Финляндии, в бывшей губернии Южная Финляндия, административный, экономический и культурный центр провинции Южная Карелия.
649360	Лахти	Ла́хти — город и коммуна в Финляндии, административный центр провинции Пяйят-Хяме губернии Южная Финляндия. Располагается на берегу залива в южной части озера Весиярви, входящего в систему озёр Пяйянне.
650224	Куопио	Ку́опио — портовый город в Финляндии, на озере Каллавеси. Административный центр провинции Северное Саво.
650859	Коувола	Ко́увола — город в Финляндии, в 138 км к северо-востоку от Хельсинки. Население 78 000 человек.
6544489	Латина	Лати́на — город в итальянской области Лацио, административный центр одноимённой провинции.
6545326	Урсынов	Урсынув — один из районов Варшавы. Расположен в юго-западной части города.
655194	Йювяскюля	Йю́вяскюля, ранее Ю́вяскюля и Ювэскюлэ — город и муниципалитет в Центральной Финляндии, административный центр области Центральная Финляндия. Название города переводится на русский язык как «зерновая деревня».
655808	Йоэнсуу	Йо́энсуу, или Йо́энсу — город на востоке Финляндии, расположенный в устье реки Пиелисйоки и на берегу озера Пюхяселькя, а также одноимённая община. Административный центр провинции Северная Карелия с населением более 78 тысяч жителей (2023).
65785	Афгойе	Афгойе — город на юге центральной части Сомали, находится в провинции Нижняя Шабелле.
658225	Хельсинки	Хе́льсинки — столица и крупнейший город Финляндии, административный центр провинции Уусимаа (Нюланд).
660158	Эспоо	Э́споо или Эспо — город и муниципалитет в Финляндии, второй по величине город страны. Площадь Эспоо составляет 528,03 км², из которых 312,29 км² — суша, 17,94 км² приходится на внутренние воды, а остальные 197,80 км² — море.
66093	Ясудж	Ясу́дж — город в центральном Иране, административный центр провинции Кохгилуйе и Бойерахмед. На 2006 год население составляло 96 786 человек.
6611854	Нейпьидо	Нейпьидо́ — столица Мьянмы. Находится в 320 км к северу от бывшей столицы Янгона. Построен город на месте деревни Чепьи в 17 километрах к западу от города Пьинмана в округе Мандалай.
6619347	Нави-Мумбаи	Нави-Мумба́и — город на западном побережье индийского штата Махараштра. Основан в 1972 году как город-спутник Мумбаи.
664518	Тулча	Ту́лча — город в Румынии, в исторической области Добруджа, административный центр жудеца Тулча.
665004	Тыргу-Муреш	Ты́ргу-Му́реш — город в Румынии, в регионе Трансильвания, административный центр жудеца Муреш.
665010	Тыргу-Жиу	Тыргу-Жиу — город в Румынии, административный центр жудеца Горж. Расположен в Олтении, в Южных Субкарпатах на берегах реки Жиу.
665087	Тимишоара	Тимишо́ара — третий по величине город Румынии, исторический центр области Банат, административный центр жудеца Тимиш на западе страны. Население — 303,7 тыс. жителей (2011).
665850	Сучава	Суча́ва — город в Румынии, административный центр жудеца Сучава.
667268	Сибиу	Сиби́у — город в Румынии, в регионе Трансильвания, административный центр жудеца Сибиу.
668872	Рымнику-Вылча	Ры́мнику-Вы́лча — город в Румынии, в регионе Валахия, административный центр жудеца Вылча.
6690108	Панчкула	Панчкула — город на севере Индии, в штате Харьяна, административный центр одноимённого округа.
6690877	Брикстон	Бри́кстон — район в южной части Лондона. Входит в состав административного района (боро) Ламбет и расположен в 6 км юго-восточнее Чаринг-Кроссa.
6693576	Сан-Педро-де-ла-Пас	Сан-Педро-де-ла-Пас — город в Чили. Административный центр одноимённой коммуны.
6696918	Таоюань	Таоюа́нь — город центрального подчинения Тайваня.
6697759	Южный Дублин	Южный Дублин — административное графство на востоке Ирландии. Входит в состав традиционного графства Дублин в провинции Ленстер на территории Республики Ирландии.
670474	Плоешти	Плоешти или Плое́шть — город в Румынии, административный центр жудеца Прахова.
670609	Питешти	Пите́шти — город в Румынии, в регионе Валахия, административный центр жудеца Арджеш. Население — 155,3 тыс. жителей (2011).
670889	Пьятра-Нямц	Пья́тра-Нямц — город в Восточной Румынии, в области Западная Молдавия, на реке Бистрица, правом притоке Сирета. Административный центр одноимённого муниципия и жудеца Нямц.
671768	Орадя	Ора́дя — город в Румынии в Кришане. По данным переписи 2002 года население около 206 тыс.
6722148	Салтовка	Са́лтовка, в 1980-х также Са́лтовский масси́в — жилой массив и крупный район на северо-востоке города Харькова, по населению уже в 1991 году превышавший многие областные центры СССР и Украины. Является крупнейшим жилым массивом в Харькове и Украине.
675810	Яссы	Я́ссы — город в Румынии, административный центр Ясского жудеца, бывшая столица Молдавского княжества, центр Западной Молдавии. По данным переписи 2002 года население Ясс составляло около 320 тыс.
677697	Галац	Гала́ц, или Гала́ци — город и порт на востоке Румынии, в устье Дуная, административный центр жудеца Галац. На 2005 год население составляло 331,4 тысяч жителей, по данным на 2021-й — 217,8 тысяч.
678015	Фокшани	Фокша́ни, уст. Фокша́ны, — город в Румынии, в регионе Молдова, административный центр жудеца Вранча.
678817	Дробета-Турну-Северин	Дробе́та-Ту́рну-Севери́н — город в Румынии, в регионе Валахия, административный центр жудеца Мехединци. Население — 86,4 тыс. жителей (2011).
680332	Крайова	Крайо́ва — город в Румынии, в регионе Олтения, административный центр жудеца Долж.
680963	Констанца	Конста́нца — крупнейший морской порт Румынии и на Чёрном море, крупнейший город в регионе Добруджа и на Черноморском побережье Румынии, административный центр жудеца Констанца.
681290	Клуж-Напока	Клуж-Напо́ка, до 1974 года — Клуж, также Коложвар, Клаузенбург — город на северо-западе Румынии, административный центр жудеца (уезда) Клуж. Неофициальная столица Трансильвании.
6822096	Хитатинака	Хитатинака (яп. ひたちなか市 Хитатинака-си) — город в Японии, находящийся в префектуре Ибараки. Площадь города составляет 99,07 км², население — 156 605 человек, плотность населения — 1580,75 чел./км².
6822097	Тикусей	Тикусей (яп. 筑西市 Тикусэй-си) — город в Японии, находящийся в префектуре Ибараки. Площадь города составляет 205,35 км², население — 105 038 человек, плотность населения — 511,51 чел./км².
6822120	Касиба	Касиба (яп. 香芝市 Касиба-си) — город в Японии, находящийся в префектуре Нара. Площадь города составляет 24,23 км², население — 77 553 человека, плотность населения — 3200,70 чел./км².
6822146	Онодзё	Онодзё (яп. 大野城市 О:нодзё:-си) — город в Японии, находящийся в префектуре Фукуока. Площадь города составляет 26,88 км², население — 97 864 человека, плотность населения — 3640,77 чел./км².
6822147	Касуга	Касуга (яп. 春日市 Касуга-си) — город в Японии, находящийся в префектуре Фукуока. Площадь города составляет 14,15 км², население — 109 258 человек, плотность населения — 7721,41 чел./км².
6822174	Насусиобара	Насусиобара (яп. 那須塩原市 Насусиобара-си) — город в Японии, находящийся в префектуре Тотиги. Площадь города составляет 592,82 км², население — 116 814 человек, плотность населения — 197,05 чел./км².
6822179	Индзай	Индзай (яп. 印西市 Индзай-си) — город в Японии, находящийся в префектуре Тиба. Площадь города составляет 123,80 км², население — 91 687 человек, плотность населения — 740,61 чел./км².
6822202	Юрихондзё	Юрихондзё (яп. 由利本荘市 Юрихондзё:-си) — город в Японии, расположенный в юго-западной части префектуры Акита на берегу Японского моря. Основан 22 марта 2005 года путём слияния посёлков Хондзё, Ясима, Иваки, Юри, Нисимэ, Тёкай, Хигасиюри, Оути уезда Юри.
6825489	Дзёэцу	Дзёэцу (яп. 上越市 Дзёэцу-си) — особый город Японии, расположенный в юго-западной части префектуры Ниигата. Основан 29 апреля 1974 года, путём объединения городов Такада и Наоэцу.
6825496	Хабикино	Хабикино (яп. 羽曳野市 Хабикино-си) — город в Японии, находящийся в префектуре Осака. Площадь города составляет 26,44 км², население — 114 337 человек, плотность населения — 4324,39 чел./км².
683123	Бузэу	Бузэ́у — город в Румынии, в регионе Валахия, административный центр одноимённого жудеца.
683506	Бухарест	Бухаре́ст — столица и крупнейший город Румынии, важнейший экономический и культурный центр страны.
683844	Брашов	Брашо́в — город в Румынии, один из десяти крупнейших городов в стране. Центр и крупнейший город исторической области Цара Бырсей.
683902	Брэила	Брэи́ла — город в Румынии, в регионе Валахия, административный центр жудеца Брэила. Население — 216,9 тыс. жителей (2002).
684039	Ботошани	Ботоша́ни, Ботоша́нь — город в Румынии, в регионе Молдова, административный центр одноименного жудеца.
684802	Бырлад	Бырла́д — город на востоке Румынии, в жудеце Васлуй. Расположен на одноимённой реке Бырлад.
685826	Бая-Маре	Ба́я-Ма́ре — город в Румынии, в регионе Трансильвания, административный центр жудеца Марамуреш. Город известен с 1329 года. По данным переписи населения, проведённой в 2002 году, население Бая-Маре составило 137 921 человек.
685948	Бакэу	Бакэ́у, Бакеу, Бакау — город в Румынии, в регионе Молдова, административный центр жудеца Бакэу.
686967	Житомир	Жито́мир — город на северо-западе Украины, административный центр Житомирской области, Житомирского района и Житомирской городской общины, центр Житомирской агломерации. Делится на Богунский и Королёвский районы.
687700	Запорожье	Запоро́жье — город на юго-востоке Украины, расположенный на реке Днепр. Административный центр Запорожской области, Запорожского района и Запорожской городской общины.
688105	Евпатория	Евпато́рия — город-курорт на западе Крыма. Административный центр городского округа Евпатория Республики Крым.
688148	Енакиево	Ена́киево — город Донецкой области Украины. Входит в Горловско-Енакиевскую агломерацию.
688533	Ялта	Я́лта — курортный и портовый город на Южном берегу Крыма.
688758	Вигуровщина-Троещина	Вигуровщина-Троещина — жилой массив в г. Киеве, расположенный на левом берегу р.
689558	Винница	Ви́нница — город в центре Украины, административный центр Винницкой области, Винницкого района и Винницкой городской общины. Расположен на реке Южный Буг, крупнейший город региона, важный культурный, промышленный и транспортный центр.
690548	Ужгород	У́жгород — город на западе Украины, административный центр Закарпатской области и Ужгородского района. Центр Ужгородской агломерации, крупнейший город Закарпатской области.
690688	Умань	У́мань — город в Черкасской области Украины, административный центр Уманского района и Уманской городской общины. Расположен в 186 км к западу от областного центра — города Черкассы, на берегу реки Уманки.
691650	Тернополь	Терно́поль — город на западе Украины, административный центр Тернопольской области, Тернопольского района и Тернопольской городской общины. Расположен на реке Серет, является центром Тернопольской агломерации, одним из крупнейших городов Восточной Галиции и значительным транспортным узлом Украины.
691999	Северодонецк	Северодоне́цк / Северскодоне́цк — город и община в Луганской области Украины, административный центр Северодонецкого района. С 19 сентября 2014 года до 25 июня 2022 года фактически выполнял функции административного центра области.
692194	Сумы	Су́мы — город на северо-востоке Украины, административный центр Сумской области, Сумского района, Сумской городской общины, а также является центром Сумской агломерации.
692975	Стаханов (город)	Стаха́нов / Ка́диевка — город в Луганской области Украины. С 2014 по 2022 год контролировался управляемой из России марионеточной Луганской Народной Республикой.
693457	Смела	Сме́ла — город в Черкасской области Украины. Входит в Черкасскую агломерацию.
693468	Славянск	Славя́нск — город в Краматорском районе Донецкой области Украины, административный центр Славянской городской общины. Основан как русский приграничный острог против крымских набегов в 1645 году.
693805	Симферополь	Симферо́поль — город в центре Крымского полуострова, расположенный на реке Салгир. Крупный город полуострова, политический, экономический и культурный центр (Автономной) Республики Крым.
693821	Сихов	Сихов — крупнейший жилой массив Львова, расположенный в юго-восточной части города, в пределах ландшафтной формации Львовское плато (Ополье). В административном плане входит в состав Сиховского района, общее население Сиховского района около 146 тысяч человек), из них около 120 тысяч человек живут в Сиховском жилмассив…
693942	Шостка	Шо́стка — город в Сумской области Украины, административный центр Шосткинского района и Шосткинской городской общины. До 2020 года был городом областного значения и составлял Шосткинский городской совет.
694423	Севастополь	Севасто́поль — город на юго-западе Крымского полуострова, на побережье Чёрного моря. Незамерзающий морской торговый и рыбный порт, промышленный, научно-технический, рекреационный и культурно-исторический центр.
6951112	Сомерсет-Уэст	Сомерсет-Уэст — город в Западной Капской провинции Южно-Африканской Республики, административно относится к городскому округу Кейптауна. Он расположен к востоку от Кейптауна, и в 10 км от побережья, восточнее города Странд.
695594	Ровно	Ро́вно — город на западе Украины. Административный центр Ровненской области, Ровненского района и Ровненской городской общины.
6956647	Бойерос	Бойерос является одним из 15 муниципалитетов или районов в Гаване, Куба.
696643	Полтава	Полта́ва — город в центре Украины. Административный центр Полтавской области, Полтавского района и Полтавской городской общины.
697889	Павлоград	Павлогра́д — город в Днепропетровской области Украины, центр Павлоградского района. Расположен между реками Самарой и Волчьей.
698740	Одесса	Оде́сса — город на юге Украины в Северном Причерноморье, административный центр Одесской области и Одесского района, административный центр и единственный населённый пункт в составе Одесской городской общины. Главная военно-морская база Военно-морских сил Украины.
699942	Нежин	Не́жин — город в Черниговской области Украины, административный центр Нежинского района и Нежинской городской общины. До укрупнения одноимённого района в 2020 году был его центром, но не входил в его состав, будучи городом областного значения.
700051	Никополь (город, Украина)	Ни́кополь — город в Днепропетровской области Украины. Административный центр Никопольского района.
700569	Николаев	Никола́ев — город на юге Украины, административный центр Николаевской области, Николаевского района и Николаевской городской общины. Один из крупнейших экономических центров юга Украины.
700646	Мукачево	Мука́чево — город в Закарпатской области Украины. Административный центр Мукачевского района и Мукачевской городской общины.
701404	Мелитополь	Мелито́поль — город и община на юге Запорожской области Украины, административный центр Мелитопольского района. С 25 февраля 2022 года находится под российской оккупацией.
701822	Мариуполь	Мариу́поль — город в Донецкой области Украины, административный центр Мариупольского района и Мариупольской городской общины. До 2020 года был городом областного значения.
70225	Таиз	Та́из — город в Йемене, находится примерно в часе езды от йеменского порта Моха на Красном море. Город расположен на высоте примерно 1400 метров над уровнем моря, 615 467 жителей.
702320	Макеевка	Маке́евка — город в Донецкой области Украины, центр Макеевской городской территориальной общины Донецкого района. Расположена к востоку от Донецка и фактически образует с ним единую городскую агломерацию.
702550	Львов	Львов — город на западе Украины, центр Львовской области, Львовского района и Львовской городской общины, а также центр Львовской агломерации. Национально-культурный, образовательный и научный центр, крупный промышленный центр, а также большой транспортный узел, в печати называется столицей Галиции и Западной Украины.
702569	Луцк	Луцк — город на северо-западе Украины, административный центр Волынской области, Луцкого района и Луцкой городской общины. Один из древнейших городов времён Волынского княжества на территории Западной Украины.
702658	Луганск	Луга́нск — город на востоке Украины, расположенный на реке Лугань. Административный центр Луганской области, Луганского района и Луганской городской общины.
702972	Лисичанск	Лисича́нск — город в Северодонецком районе Луганской области Украины, административный центр Лисичанской городской общины.
703448	Киев	Ки́ев — столица и крупнейший по населению город Украины, город со специальным статусом. Расположен на севере Украины, на реке Днепр, является центром Киевской агломерации.
703845	Кривой Рог	Криво́й Рог — город в Днепропетровской области Украины, центр Криворожского района, Криворожской городской общины и Криворожской агломерации. Седьмой по населению и второй по площади город Украины.
704147	Кременчуг	Кременчу́г — город в центре Украины, второй по населению город Полтавской области, административный центр Кременчугского района и Кременчугской городской общины, центр Кременчугской агломерации. Состоит из Автозаводского и Крюковского районов.
704508	Краматорск	Крамато́рск — город в Донецкой области Украины, административный центр Краматорского района и Краматорской городской общины. С 11 октября 2014 года фактически выполняет функции административного центра области.
704617	Ковель	Ко́вель — город в Волынской области Украины. Административный центр Ковельского района и Ковельской городской общины.
705104	Константиновка	Константи́новка — город на Украине, административный центр Константиновской городской общины Краматорского района Донецкой области. До 2020 года являлась административным центром бывшего Константиновского района.
705135	Конотоп	Коното́п — город в Сумской области Украины. Административный центр Конотопского района.
705812	Кропивницкий	Кропивни́цкий — город в центре Украины, административный центр Кировоградской области, Кропивницкого района и Кропивницкой городской общины. Промышленный и культурный центр, узел автодорог, железнодорожная станция на линии Знаменка — Помошная.
706448	Херсон	Херсо́н — город на юге Украины, административный центр Херсонской области, Херсонского района и Херсонской городской общины. До 17 июля 2020 года был городом областного подчинения.
706483	Харьков	Ха́рьков — город на северо-востоке Украины, важный промышленный и научный центр страны, административный центр Харьковской области, Харьковского района и Харьковской городской общины.
706524	Керчь	Керчь — город в восточной части Крыма, расположенный на берегу Керченского пролива. Город-герой. Более ранние названия: итал.
706950	Каменец-Подольский	Камене́ц-Подо́льский — город на западе Украины, в Хмельницкой области, административный центр Каменец-Подольского района и Каменец-Подольской городской общины.
707099	Калуш	Ка́луш — город на северо-западе Ивано-Франковской области Украины. Административный центр Калушского района и Калушской городской общины.
707308	Измаил	Измаи́л — город в Одесской области Украины. Административный центр Измаильского района, административный центр и единственный населённый пункт в составе Измаильской городской общины.
707471	Ивано-Франковск	Ива́но-Франко́вск — город на западе Украины, административный центр Ивано-Франковской области, Ивано-Франковского района и Ивано-Франковской городской общины, центр Ивано-Франковской агломерации.
707565	Ирпень	Ирпе́нь — город в Бучанском районе Киевской области Украины, административный центр Ирпенской городской общины. Город-герой Украины.
707753	Горловка	Го́рловка — город в Донецкой области Украины, административный центр Горловского района и Горловской городской общины. Расположен в северо-восточной части области, на западных отрогах Донецкого кряжа, к северо-востоку от Донецка.
709161	Феодосия	Феодо́сия — город в Крыму, расположенный в юго-восточной части Крымского полуострова на побережье Чёрного моря.
709611	Дрогобыч	Дрого́быч — город во Львовской области Украины, административный центр Дрогобычского района и Дрогобычской городской общины, второй по населению и экономическому развитию город Львовской области. В 1939—1941 и 1944—1959 годах — центр Дрогобычской области.
709717	Донецк	Доне́цк — город на востоке Украины, административный центр Донецкой области, Донецкого района и Донецкой городской общины. Расположен на реке Кальмиус. В апреле 2014 года был захвачен вооружёнными пророссийскими сепаратистскими формированиями самопровозглашённой Донецкой Народной Республики и рассматривался ею как стол…
709932	Каменское	Каменско́е, в 1936—2016 годах — Дне́продзержи́нск — город в Днепропетровской области Украины, административный центр Каменского района и Каменской городской общины. До 17 июля 2020 года был городом областного подчинения.
710719	Черновцы	Черновцы́ — город на западе Украины, в 40 км к северу от румынской границы и в 50 км от молдавской границы.
710735	Чернигов	Черни́гов — город на севере Украины, административный центр Черниговской области и Черниговского района, составляющий Черниговскую городскую общину. До 2020 года был городом областного значения и составлял Черниговский городской совет.
710791	Черкассы	Черка́ссы — город в центре Украины, административный центр Черкасской области, Черкасского района и центр Черкасской агломерации. Черкассы являются значительным культурным и образовательным центром.
71137	Сана	Сана — столица и крупнейший город Йемена. Сана является одним из старейших постоянно населённых городов и одной из самых высоко расположенных столиц в мире.
711390	Бровары	Бровары́ — город в Киевской области Украины, административный центр Броварского района и Броварской городской общины, самый большой город-спутник Киева и самый большой город Киевской агломерации после столицы. Население города — 109 806 человек.
712165	Белая Церковь	Бе́лая Це́рковь — город в Киевской области Украины. Административный центр Белоцерковского района.
712441	Бердичев	Берди́чев — город в Житомирской области Украины. Административный центр Бердичевской городской общины и Бердичевского района.
712451	Бердянск	Бердя́нск — город на юге Запорожской области Украины, административный центр Бердянского района и Бердянской городской общины. С 28 февраля 2022 года находится под российской оккупацией.
713174	Бахмут	Бахму́т — город в Донецкой области Украины, административный центр Бахмутского района и Бахмутской городской общины. До укрупнения одноимённого района в 2020 году был его центром, но не входил в его состав, будучи городом областного значения.
713716	Алчевск	Алче́вск — город в Луганской области Украины. С 2014 года контролировался управляемой из России марионеточной Луганской Народной Республикой.
715126	Сольнок	Со́льнок — город в центральной Венгрии, в регионе Северный Альфёльд, административный центр медье Яс-Надькун-Сольнок. Население — 73 106 чел. (2014).
715429	Сегед	Се́гед — город на юге Венгрии. Административный центр вармедье Чонград-Чанад. Население — 157 930 человек, Сегед — третий по величине город Венгрии.
716935	Ньиредьхаза	Ньи́редьха́за — город на северо-востоке Венгрии, административный центр медье Сабольч-Сатмар-Берег. Население — 118 164 чел., седьмой по величине город Венгрии.
717582	Мишкольц	Ми́школьц — город на северо-востоке Венгрии. Административный центр медье Боршод-Абауй-Земплен.
721472	Дебрецен	Де́брецен — город на востоке Венгрии. Второй по населению город в стране после Будапешта, административный центр вармедье Хайду-Бихар; численность населения на 1 января 2016 года — 203 059 человек.
723819	Прешов	Пре́шов — город в северо-восточной Словакии, основанный у слияния рек Ториса и Секчов у подножья горных массивов Сланске-Врхи и Шаришска-Врховина в Кошицкой впадине. Прешов — третий по величине город Словакии и насчитывает 91 тысячу жителей.
724443	Кошице	Ко́шице — город в Словакии. Административный центр Кошицкого края и района Кошице-Околье. Разделён на 22 самоуправляемых района.
726050	Варна	Ва́рна — портовый город и курорт в Болгарии.
726418	Добрич	До́брич — город в Болгарии, административный центр Добричской области. Это девятый по величине город в стране.
726848	Стара-Загора	Ста́ра-Заго́ра — является пятым по величине городом Болгарии. Население 153 533 человек.
727011	София	Софи́я — столица и крупнейший город Болгарии. Административный центр городской области София и его единственной общины Столична.
727079	Сливен	Сли́вен — город в Болгарии, административный центр Сливенской области и общины Сливен.
727233	Шумен	Шу́мен, Шумла — экономический, транспортный, туристический и культурный центр Северо-Восточной Болгарии, административный центр Шуменской области и общины Шумен. Находится на двух берегах реки Поройна, в 90 км западней Варны.
727523	Русе	Ру́се, старое название Рущук — шестой по величине город Болгарии.
7279746	Ноида	Ноида, или Нойда — город в индийском штате Уттар-Прадеш, часть агломерации Дели. Администрация для управления территорией нового города была основана 17 апреля 1976 года.
7279754	Синграули	Синграули — город на восторге штата Мадхья-Прадеш, Индия, административный центр одноимённого района. Город часто называют «энергетической столицей Индии» из-за огромных запасов угля и сосредоточения крупных тепловых электростанций.
7280528	Эр-Рашидия	Эр-Рашидия — марокканский город, расположенный в области Драа — Тафилалет, находится на востоке Марокко. Город находится в провинции с одноимённым названием.
728193	Пловдив	Пло́вдив, в прошлом Филиппо́поль или Филибе́ — второй по величине город Болгарии, административный центр Пловдивской области. Расположен в южной части страны.
728203	Плевен	Пле́вен — город в северной части Болгарии, узел железнодорожных и автомобильных дорог, административный центр Плевенской области и общины Плевен.
728330	Перник	Пе́рник — город в Болгарии. Административный центр муниципального района Перник и Перникской области. Крупнейший в Западной Болгарии после Софии.
7290243	Бергедорф	Бе́ргедорф — один из 7 районов города Гамбург с населением в 119 тыс. жителей.
732770	Бургас	Бурга́с — крупнейший город Юго-Восточной Болгарии и четвёртый по населению в стране после Софии, Пловдива и Варны. Бургас является важным экономическим, транспортным, административным и культурным центром Юго-Восточной Болгарии.
733191	Благоевград	Благо́евград — город в юго-западной Болгарии, административный центр Благоевградской области и общины Благоевград.
734077	Салоники	Сало́ни́ки — город в Греции, второй по численности населения, историческому, экономическому и культурному значению в стране. Административный центр одноимённой общины периферии Центральная Македония.
736083	Каламарья	Каламарья́ — город в Греции, южный пригород Салоник. Расположен на высоте 35 метров над уровнем моря, у мыса Микро-Эмволон (Микро-Карабурну), на берегу бухты Тесалоники залива Термаикос Эгейского моря, в 7 километрах к югу от центра Салоник и в 7 километрах к северу от международного аэропорта «Македония».
737022	Зонгулдак	Зонгулда́к, уст. Зунгулдак — город и район на севере Турции, на побережье Чёрного моря, административный центр провинции Зонгулдак. Население 589,6 тысяч (2022). Развитие города связано с началом угледобычи во второй половине XIX века.
737961	Кёрфез	Кёрфез — город и район в провинции Коджаэли (Турция).
738025	Ялова	Ялова — город и район в северо-западной Турции, административный центр ила Ялова. Население города — 70 858 человек, провинции — более 190 тысяч.
738329	Ускюдар	Ускюда́р — район провинции Стамбул (Турция), в азиатской части города Стамбула.
738349	Унье	Унье — маленький город в иле Орду Турции, расположенный на берегу естественной бухты, в 27 км севернее города Фатсы. В некоторых русскоязычных источниках конца XIX — начала XX века, например в «Энциклопедического словаря Брокгауза и Ефрона», описывается под названием Уние.
738648	Трабзон	Трабзо́н — город в Турции, административный центр ила Трабзон, расположенный на берегу Чёрного моря, у устья реки Мачки, у подножия покрытого лесами Колат-Дага (3410 м).
738743	Токат	Тока́т — город и район в Турции, административный центр провинции Токат.
738927	Текирдаг	Текирда́г — город в центральном районе Сулейманпаша турецкой провинции Текирдаг, в котором расположены все органы государственного и муниципального управления провинции и района. Расположен на северном берегу Мраморного моря в европейской части Турции, в 135 км к западу от Стамбула.
740264	Самсун	Самсу́н — город-порт на севере Турции, у побережья Чёрного моря, в месте впадения в него реки Кызылырмак. Административный центр ила Самсун и одноимённого городского района.
741100	Орду	О́рду — город в Турции, порт на побережье Чёрного моря, центр одноимённого ила.
7422816	Дадзайфу	Дадзайфу (яп. 太宰府市 Дадзайфу-си) — город в Японии, находящийся в префектуре Фукуока. Площадь города составляет 29,58 км², население — 71 929 человек, плотность населения — 2431,68 чел./км².
743882	Кастамону	Кастамону́ — город и район в северной Турции, административный центр ила Кастамону. До XIV века носил греческое название Кастамо́н.
743952	Карс	Карс — город на востоке Турции, административный центр ила (провинции) Карс. С 929 по 961 год — столица Армянского царства Багратуни, с 963 по 1065 год — столица армянского Карсского царства.
744562	Карабюк	Карабюк — город и район в Турции, административный центр ила Карабюк. Находится в 200 км к северу от Анкары и в 115 км к юго-востоку от Зонгулдака.
74477	Ибб	Ибб — город в западной части Йемена.
745028	Никомедия	Никомедия, уст. Никомидия — древний город в Малой Азии, центр области Вифиния. Располагался на восточных подступах к Константинополю на берегу Астакского залива Мраморного моря.
745044	Стамбул	Стамбу́л — крупнейший город Турции, экономический, исторический и культурный центр страны.
746881	Гиресун	Гиресу́н — город в Турции. Порт на южном побережье Чёрного моря, на севере Малой Азии, в 175 км западнее Трабзона. Административный центр одноимённого ила.
746958	Гемлик	Гемлик — район провинции Бурса (Турция), часть города Бурса.
747014	Гебзе	Гебзе — город и район в провинции Коджаэли (Турция).
747155	Фатса	Фа́тса — город и район в Турции, на побережье Чёрного моря, в иле Орду. Население 116 154 человек (2018).
747712	Эдирне	Эди́рне, также Адриано́поль и Одрин — город и район в северо-западной европейской части Турции, административный центр ила Эдирне. Расположен на реке Мерич (Марица) на границе с Грецией, в 20 км от границы с Болгарией и в 235 км от Стамбула.
748208	Дериндже	Дериндже — город и район в провинции Коджаэли (Турция).
7483813	Натор	Натор (бенг. নাটোর) — город и муниципалитет на западе Бангладеш, административный центр одноимённого округа. Муниципалитет был основан в 1869 году.
748879	Чорум	Чору́м — город и район в Северной Турции, административный центр провинции (ила) Чорум. Чорум расположен в 244 км от Анкары и в 608 км от Стамбула.
749748	Чанкыры	Чанкыры — город в Турции, столица ила Чанкыры. Расположен в 140 километрах к северо-востоку от Анкары, на одном из притоков реки Кызылырмак.
749780	Чанаккале	Чанаккале́ — турецкий город-порт, административный центр ила Чанаккале. Расположен у входа в залив Чанаккале, на полуострове Малая Азия побережья пролива Дарданеллы, к югу от древнего Абидоса: часть пролива Дарданеллы в районе города называют узкостью Чанаккале.
7498240	Западный Иерусалим	Термин Западный Иерусалим относится к той части Иерусалима, которая оставалась под контролем Израиля после арабо-израильской войны 1948 года, линии прекращения огня которой продиктовали границу с остальной частью города, которая тогда находилась под контролем Иордании. Ряд западных стран, такие как Соединённое Королевс…
750516	Болу	Болу — город и район в Турции, административный центр ила Болу. Население в 2022 году превышало 185 000 жителей.
750598	Биледжик	Биледжи́к — город в Турции на западе полуострова Малая Азия, центр ила Биледжик. Расположен в долине притока реки Сакарья, в 22 км к северо-западу от города Сёгют.
751077	Бандырма	Бандырма, устар. Пандерма — город-порт и район на южном берегу Мраморного моря, в провинции Балыкесир (Турция). Входит в пятёрку крупнейших портов Турции.
751324	Багджылар	Багджылар — район провинции Стамбул (Турция), часть города Стамбул.
751335	Бафра	Бафра — район в области Самсун в Турции, расположен по дороге Синоп — Самсун, на правом берегу реки Кызылырмак.
752015	Амасья	Ама́сья — город и район в северной Турции, центр провинции (ила) Амасья. Население города — 82 тыс. жителей (2008).
753866	Замосць	Замо́стье — город в Люблинском воеводстве Польши, около 240 км юго-восточнее Варшавы и 110 км северо-западнее Львова.
756092	Вавер (Варшава)	Вавер — дзельница (район) Варшавы на правобережье реки Вислы.
756135	Варшава	Варша́ва — столица и крупнейший по численности населения город Польши.
756867	Томашув-Мазовецки	Тома́шув-Мазове́цки — город в Томашувском повете Лодзинского воеводства. Расположен на реке Пилица. Основан в 1363 году, статус города получил в 1830 году.
757026	Тарнув	Та́рнув — город на правах повята в Польше, входит в Малопольское воеводство. C 1975 по 1998 год Тарнув был столицей Тарнувского воеводства.
757065	Таргувек	Таргувек — дзельница (район) Варшавы, столицы Польши, расположенная в северной части города.
7576887	Хэчжоу	Хэчжо́у (иер. трад. 賀州, упр. 贺州, ютпхин: Ho6zau1, кант.-рус.: Хочау; пиньинь: Hézhōu; чжуанск. Hohcouh) — городской округ в Гуанси-Чжуанском автономном районе КНР.
757718	Сувалки	Сува́лки — город в Польше, входит в Подляское воеводство. Занимает площадь 65,51 км², население — 69 758 человек (2019).
758445	Сталёва-Воля	Сталёва-Воля — город в Польше, входит в Подкарпатское воеводство, Сталёвовольский повят.
758470	Средместье (Варшава)	Средместье — дзельница (район) Варшавы, современные границы которого установлены в 1960. Население 126 тыс. жителей. Включает в себя старейшую часть города — Старый город и Новый город, а также застройку, появившуюся после Второй мировой войны на месте уничтоженных районов.
759412	Седльце	Се́дльце — город на востоке Польши, расстояние до Варшавы — примерно 90 километров. В 1975—1998 годах был центром Седлецкого воеводства.
759734	Жешув	Же́шув — город на юго-востоке Польши, административный центр Подкарпатского воеводства. Расположен на реке Вислоке. Город на правах повята.
760778	Радом	Ра́дом — город в центральной Польше, входит в состав Мазовецкого воеводства. Расположен на реке Млечна, в 100 километрах к югу от Варшавы.
761168	Пшемысль	Пше́мысль — пограничный город на правах повята на юго-востоке Польши, расположенный на реке Сан, вблизи Украины, в 12 км от границы. Население составляет около 60 тысяч жителей.
7626690	Пимпри-Чинчвад	Пимпри-Чинчвад — индийский город в районе Пуна штата Махараштра, расположен на берегу реки Павана. Состоит из двух слившихся друг с другом городов — Пимпри и Чинчвад, которые управляются общей администрацией.
762863	Островец-Свентокшиский	Острове́ц-Свентокши́ски — город в Польше, входит в Свентокшиское воеводство, Островецкий повят. Имеет статус городской гмины. Занимает площадь 46,43 км².
763166	Ольштын	О́льштын, до 1945 года Алленштайн (нем. ) — город на севере Польши на реке Лына, административный центр Варминьско-Мазурского воеводства.
763534	Новы-Сонч	Но́вы-Со́нч, Новый Сонч, Нейсандец — город в Польше, входит в Малопольское воеводство.
764484	Мокотув	Моко́тув — южный левобережный район столицы Польши г. Варшавы, расположенный вдоль реки Вислы.
765876	Люблин	Лю́блин — город на востоке Польши, административный центр Люблинского воеводства. Площадь города составляет 147,5 км².
7670941	Кентрон	Кентро́н — один из 12 административных районов Еревана. Включает в себя деловой и культурный центр города.
769250	Кельце	Ке́льце — город в центральной Польше, в 170 километрах к югу от столицы страны Варшавы. До 1999 года Кельце был столицей Келецкого воеводства; после административной реформы 1999 года — столица Свентокшиского воеводства.
776069	Белосток	Белосто́к, Бялы́сток — город на северо-востоке Польши, на реке Бяла. Административный центр Подляского воеводства.
776251	Бемово	Бемово — дзельница (район) Варшавы, расположенный на западной окраине города. Занимает площади, присоединенные к дзельнице-гмине Воля в 1951.
783263	Эльбасан	Эльбаса́н — город в Албании. Административный центр одноимённой области и округа.
783814	Зренянин	Зре́нянин — город и агломерация в Средне-Банатском округе, Воеводина, Сербия. Четвёртый по населению город Воеводины после Нови-Сада, Суботицы и Панчева, второй в сербском Банате.
7838895	Эр-Русайфа	Эр-Русайфа — город в Иордании, в мухафазе Эз-Зарка.
783920	Земун	Зе́мун — бывший город в Сербии, ныне район Белграда, расположенный на правом берегу Дуная и левом берегу Савы, центр общины Земун. Его население — 153 тысячи жителей.
785842	Скопье	Ско́пье — столица Северной Македонии, образующая самостоятельную административную единицу страны из десяти общин, население которой — около 540 тыс. человек.
786712	Призрен	При́зрен — город на Балканском полуострове в Южной Метохии. С 2008 года город является частью Республики Косово.
786714	Приштина	При́штина — город на Балканском полуострове. С 2008 года является предметом территориального спора между частично признанной Республикой Косово, фактически контролирующей город, и Сербией, в признанных некоторыми странами пределах которой расположен город.
787237	Панчево	Па́нчево — город в Сербии, автономном крае Воеводине, центр одноимённой общины и Южно-Банатского округа. В самом городе живут 76 203 жителей, в общине Панчево — 123 414.
78754	Эль-Мукалла	Эль-Мукалла — город и морской порт Йемена на берегу Аденского залива. Эль-Мукалла — административный центр и порт мухафазы Хадрамаут.
787607	Нови-Београд (община)	Нови-Београд — одна из 17 общин округа Белград, Сербия.
787657	Ниш	Ниш — город и муниципалитет в Сербии, столица административного региона Нишавский округ. Согласно переписи 2022 года, в Нише проживает 182 797 человек.
788886	Куманово	Ку́маново — второй по численности населения город в Северной Македонии, административный центр общины Куманово. Население города по переписи 2021 года — 75051 жителя.
788975	Крушевац	Кру́шевац город в Расинском округе, в общине Крушевац Сербии. В Средние века был сербской столицей.
789128	Крагуевац	Кра́гуевац — город в Сербии, столица административного региона Шумадия. В 2022 году в городе проживало 146 315 человек, во всей агломерации 171 186 человек.
791646	Джяковица	Джяко́вица — город в исторической области Метохия. Административный центр одноимённой общины.
792078	Чачак	Ча́чак — город в Сербии. Расположен в 140 километрах к югу от Белграда.
792578	Битола	Би́тола — город в юго-западной части Северной Македонии, на реке Драгор, притоке Црны, на Битольской (Монастырской) равнине. Расположен в 105 километрах к югу от столицы Скопье, близ границы с Грецией.
792680	Белград	Белгра́д — столица и крупнейший город Республики Сербии. Согласно результатам переписи населения 2022 года, 1 197 714 человек проживают в центральной части города, а 1 681 485 человек — в административных границах города Белграда.
79415	Ходейда	Ходейда — портовый город в Йемене, на побережье Красного моря. Является центром мухафазы Ходейда.
794965	Мустамяэ	Му́стамяэ — район города Таллина, столицы Эстонии. Основа района была заложена в 1962—1973 годах.
81302	Тобрук	Тобру́к — город в Ливии на восточном побережье Средиземного моря. Расположен в исторической области Киренаика на востоке страны, в 120 км от границы с Египтом.
8469788	Дубай Марина	Дубай Марина — район в Дубае, Объединённые Арабские Эмираты. Перспективный строящийся район, вокруг рукотворного залива на западе города.
8504621	Герейда	Герейда — крупный город, расположенный на юго-западе Судана на высоте 484 метра над уровнем моря. Он расположен примерно в 100 километрах к югу от ближайшего большого города Ньяла.
8505053	Восточное Дегунино	Восто́чное Дегу́нино — район и соответствующее ему одноимённое внутригородское муниципальное образование в Москве. Район расположен в Северном административном округе.
8521444	Бендер-Хомейни	Бенде́р-Хомейни́ — портовый город на юго-западе Ирана, в остане Хузестан. Входит в состав шахрестана Махшехр.
8531735	Фукуок	Фукуо́к — крупнейший остров Вьетнама. Находится в Сиамском заливе. Фукуок и близлежащие острова являются частью провинции Анзянг, образуя город Фукуок.
8533133	Люпаньшуй	Люпаньшу́й — городской округ в провинции Гуйчжоу КНР. Название Люпаньшуй образовано из первых иероглифов составивших его в своё время административных единиц: Лючжи, Паньсянь и Шуйчэн.
8537264	Хуанган	Хуанга́н — городской округ в провинции Хубэй КНР.
8629640	Тутикорин	Тутикори́н или Туттуккуди — портовый город в индийском штате Тамилнад. Административный центр округа Тутикорин.
866152	Эребуни	Эребуни́ — древний город-крепость государства Урарту, исторический памятник, развалины которого расположены на холме Арин-Берд на территории современного Еревана в Армении. Являлся одним из важнейших политических, экономических и культурных центров региона.
866153	Нор-Норк	Нор-Норк — административный район Еревана. Нор-Норк имеет общие границы с административными районами Канакер-Зейтун, Норк-Мараш и Кентрон с запада, Аван с севера и Эребуни с юга.
8740322	Рудрапур	Рудрапур — город в индийском штате Уттаракханд в регионе Тераи, административный центр округа Удхам-Сингх-Нагар. Основан царём династии Чанд в конце XVI века.
877401	Сонгеа	Сонгеа — город в Танзании. Является административным центром области Рувума, а также одноимённых себе городского и сельского округов. Население — 98 683 чел..
877747	Мтвара	Мтва́ра — город в Танзании. Является административным центром одноимённых области, городского и сельского округов. Население — 140,8 тыс. человек.
88319	Бенгази	Бенга́зи — второй по величине после Триполи город в Ливии, столица Киренаики.
884979	Мутаре	Мута́ре — город в Зимбабве.
888710	Квекве	Кве́кве — город в Зимбабве. Является административным центром провинции Мидлендс и одноимённого себе округа. Население — 108 178 человек.
890299	Хараре	Хара́ре — город, столица Зимбабве и административный центр одноимённой провинции, включающей в себя город Хараре и муниципалитеты Читунгвиза и Эпуэрт. Является крупнейшим городом страны, а также её культурным и индустриальным центром.
89055	Эль-Байда	Эль-Байда — город в Йемене. Административный центр одноимённой мухафазы Эль-Байда.
89113	Адждабия	Аджда́бия — город в северной части Ливии, в 10 километрах от побережья Средиземного моря, в 160 км к югу от Бенгази. Столица муниципалитета Эль-Вахат.
893697	Чинхойи	Чинхойи — город на севере центральной части Зимбабве, административный центр провинции Западный Машоналенд, а также — центр округа Маконде.
894701	Булавайо	Булава́йо — второй по величине город Зимбабве после столицы Хараре. Имеет статус провинции. В дореволюционных источниках иногда использовалось название Губулувайо.
89570	Заху	Заху — город в Ираке в провинции Дахук.
897045	Солвези	Солвези — город в Замбии, административный центр Северо-Западной провинции и одноимённого округа.
901344	Ндола	Ндо́ла — второй по величине город Замбии.
906054	Монгу	Мо́нгу — город в Замбии, центр Западной провинции и исторического региона Баротселенд.
907111	Мазабука	Мазабука — город в Замбии, в Южной провинции страны.
909137	Лусака	Луса́ка — столица Замбии, её политический, индустриальный и культурный центр.
909863	Луаншья	Луа́ншья — город в центральной части Замбии. Входит в состав провинции Коппербелт.
911148	Китве-Нкана	Ки́тве-Нка́на — город в центральной части Замбии, третий по численности населения в стране после Лусаки и Ндола. В 1961 году поселки Китве и Нкана были объединены, после чего населённый пункт получил название Китве-Нкана.
912764	Касама	Каса́ма (яп. 笠間市 Касама-си) — город в Японии, находящийся в префектуре Ибараки. Площадь города составляет 240,27 км², население — 77 351 человек, плотность населения — 321,93 чел./км².
916095	Кабве	Ка́бве — город в центральной Замбии, административный центр Центральной провинции.
917748	Чома	Чома — село в Береговской городской общине Береговского района Закарпатской области Украины.
9181182	Пуян	Пуя́н — городской округ в провинции Хэнань КНР. Название означает «с янской (северной) стороны от реки Пушуй».
918702	Чипата	Чипа́та — город в Замбии, административный центр Восточной провинции страны.
919009	Чингола	Чинго́ла — город в центральной части Замбии, в провинции Меденосный пояс.
9212568	Ниланкарай	Ниланкарай - городское поселение без официально утвержденных границ, а также местность в южной части города Ченнаи. Он расположен в районе Ченнаи в индийском штате Тамилнад примерно в 7 км к югу от Адьяр Ченнаи.
92138	Эль-Каим	Эль-Каим — город в Ираке, расположенный почти в 400 км северо-западнее Багдада вблизи сирийской границы вдоль реки Евфрат, в провинции Анбар. Он насчитывает около 250000 жителей и является административным центром округа Эль-Каим.
921772	Морони	Моро́ни — самый большой город, столица и место расположения правительства Союза Коморских островов, суверенного островного государства, расположенного в Индийском океане. Морони — административный центр полунезависимого острова Нгазиджа (Гранд-Комор), крупнейшего из основных островов республики.
922704	Лубумбаши	Лубумба́ши — второй по величине город Демократической республики Конго, административный центр провинции Верхняя Катанга. Население — 1 630 186. Город расположен в 2290 км восточнее Киншасы.
922741	Ликаси	Лика́си, раньше известный под названием Жадовиль, или Жадостад — город в провинции Верхняя Катанга на юго-востоке Демократической Республики Конго.
922773	Колвези	Колве́зи — город и административный центр провинции Луалаба Демократической Республики Конго, к западу от Ликаси. В городе находятся железнодорожный узел и аэропорт Колвези.
922806	Кипуши	Кипу́ши — город в провинции Верхняя Катанга Демократической Республики Конго.
923295	Зомба	Зо́мба — город в малавийском Южном регионе, административный центр одноимённого округа.
925475	Мзузу	Мзузу — третий по величине город в Малави, административный центр Северного региона. Находится в центре сельскохозяйственного региона, на окружающих город территориях выращивается чай, кофе и каучуконосы.
927967	Лилонгве	Лило́нгве — столица Малави и административный центр Центральной провинции Малави.
931755	Блантайр	Бланта́йр — финансовый и торговый центр Малави. Второй в стране город по населению после столицы Лилонгве.
932505	Масеру	Ма́серу — столица государства Лесото, административный центр одноимённого района. Расположен на берегу реки Каледон, на границе с ЮАР.
933305	Молепололе	Молеполо́ле — сельский населённый пункт на юго-востоке центральной части Ботсваны, административный центр округа Квененг.
933331	Могодичане	Могодича́не — небольшой город в юго-восточной части Ботсваны, расположен на территории округа Квененг.
933773	Габороне	Габоро́не — столица и крупнейший город Ботсваны. По данным переписи 2011 года, население города составляет 231 626 человек, что составляет около 10 % от общей численности населения Ботсваны.
933778	Франсистаун	Франсиста́ун — 2-й по величине город Ботсваны, расположенный на юго-востоке Северо-Восточного округа в 400 км от Габороне. Население — 113 315 чел.. В городе расположен международный аэропорт и ж/д.
934154	Порт-Луи	Порт-Луи́ — крупнейший город, основной порт и столица Маврикия. Расположен на берегу Индийского океана.
934570	Курепипе	Курепипе, Кюрпип — город в Республике Маврикий. Город прозван La Ville Lumière из-за того, что стал первым городом на острове, куда проведено электричество.
934985	Мбабане	Мбаба́не — столица Королевства Эсватини. Административный центр округа Хохо.
934995	Манзини	Манзи́ни — город в центральной части Эсватини, крупнейший город страны. Является также главным промышленным центром Свазиленда.
935264	Сен-Дени (Реюньон)	Сен-Дени́ — город, административный центр французского заморского департамента Реюньон, самый крупный населённый пункт заморских территорий Франции. В 2005 году в Сен-Дени проживало 133,7 тыс.
935582	Ле-Тампон	Ле Тампон — четвёртый по населению город и коммуна во французском заморском департаменте Реюньон. С 2015 года он разделён на 4 кантона: Ле-Тампон-1, Ле-Тампон-2, Ле-Тампон-3, Ле-Тампон-4.
939270	Эмалахлени	Эмалахлени (eMalahleni) — административный центр местного муниципалитета Эмалахлени в районе Нкангала провинции Мпумаланга (ЮАР).
940316	Вестонария	Вестонария (Westonaria) — административный центр местного муниципалитета Вестонария в районе Уэст-Ранд провинции Гаутенг (ЮАР).
9408449	Калахасти	Калаха́сти или Шрикалаха́сти — город и муниципальное образование в округе Тирупати в штате Андхра-Прадеш, Индия. Город расположен на берегах реки Сварнамукхи, притоке реки Пеннар.
943882	Виргиния	Вирги́ния, также Вирджи́ния, официально — Содру́жество Вирги́нии — штат на востоке США, один из так называемых Южно-Атлантических штатов, расположен между Атлантическим побережьем и Аппалачами. География и климат Виргинии сформированы горами Голубого хребта и Чесапикским заливом, территория которых является средой обит…
944385	Феринихинг	Фери́нихинг, устар.Веренигинг, Ференигинг — административный центр района Седибенг провинции Гаутенг (ЮАР). Название в переводе означает «союз, объединение».
944986	Фандербейлпарк	Фа́ндербейлпарк — город в местном муниципалитете Эмфулени района Седибенг провинции Гаутенг (ЮАР).
946058	Умтата	Мтата, устаревшее название Умта́та — город в Южно-Африканской Республике и бывшая столица бантустана Транскей. Основана в 1879 году англичанином Ричардом Калверли на месте прежнего поселения племени Тембу, входящего в народ Коса.
946877	Эйтенхахе	Эйтенхахе, или Эйтенхаге — город в ЮАР, расположенный в Восточно-Капской провинции. Основан 25 апреля 1804 года. Статус самостоятельного муниципального образования приобрёл в 1877 году.
94787	Киркук	Кирку́к — город в Ираке, в 236 км к северу от Багдада и 83 км к югу от города Эрбиль. Столица провинции Киркук и центр иракских туркмен.
94824	Кербела	Кербела́ — город в Ираке, в 100 км на юго-запад от Багдада. Административный центр мухафазы (провинции) Кербела.
949224	Тхохояндоу	Тхохояндоу — административный центр местного муниципалитета Тхуламела и района Вхембе в провинции Лимпопо (ЮАР). Название в переводе с языка венда означает «голова слона».
953781	Соуэто	Соуэ́то, Соуето — группа тауншипов/поселений на юго-западной окраине Йоханнесбурга. Во времена апартеида — место для принудительного проживания африканского населения.
95446	Эрбиль	Эрби́ль или Хавле́р — столица Региона Курдистан, автономной республики, входящей в состав Ирака. Является административным центром одноименной провинции.
958724	Рюстенбург	Рю́стенбург — город в районе Боджанала Платинум Северо-Западной провинции ЮАР у подножья горного хребта Магалисберг. Основан в 1851 году.
962367	Ричардс-Бей	Ри́чардс-Бей — город на востоке Южно-Африканской Республики, на территории провинции Квазулу-Натал. Административный центр района Утхунгулу.
963230	Рандфонтейн	Ра́ндфонтейн (Randfontein) — административный центр местного муниципалитета Рандфонтейн и района Уэст-Ранд в провинции Гаутенг (ЮАР). Расположен в 45 км к западу от Йоханнесбурга.
964137	Претория	Прето́рия — город в Южно-Африканской Республике, административная столица ЮАР (одна из «трёх столиц» ЮАР, наряду с Кейптауном и Блумфонтейном, де-факто является национальной столицей страны. Один из самых современных городов Африки.
964349	Почефструм	Почефструм или Почефстром(африк. Potchefstroom) — административный центр местного муниципалитета Тлокве в районе Кеннет Каунда Северо-Западной провинции (ЮАР).
964420	Гцгебеха	Гцгебе́ха — город в ЮАР, в Восточной Капской провинции, административный центр района Какаду. Стоит на берегу залива Алгоа Индийского океана, в 770 км к востоку от Кейптауна.
965289	Полокване	Полокване (Polokwane), бывший Питерсбург — административный центр местного муниципалитета Полокване, Района имени Тропика Козерога и провинции Лимпопо (ЮАР).
965301	Питермарицбург	Питермарицбург — город в Южно-Африканской Республике, центр провинции Квазулу-Натал и её второй по населению город. Площадь города — 649 км².
967106	Оудсхурн	Оудсхурн — небольшой город в ЮАР, в районе Эден Западно-Капской провинции, в межгорной долине Малое Кару, расположенной между северными и южными цепями хребтов. Расположен на правом берегу реки Улифантс, у устья левого притока Камманасси, на котором находится водохранилище Камманасси, к западу от гор Каманасси.
971534	Мбомбела	Мбомбела, ранее Нелспрёйт — город на северо-востоке ЮАР, столица провинции Мпумаланга. Расположен на берегу Крокодиловой реки, в 100 километрах к западу от границы с Мозамбиком, в 330 километрах к востоку от Йоханнесбурга.
973709	Мосселбай	Мосселбай — курортный город в южной части Южно-Африканской Республики. Число жителей согласно переписи 2011 года составляло 59 031 человек.
976361	Мидделбург	Ми́дделбург — город в юго-западной части Нидерландов на острове Валхерен, столица провинции Зеландия и административный центр общины Мидделбург. Бывший город-крепость, расположен на Валхеренском канале.
97783	Байджи	Байджи — город в Ираке в провинции Салах-эд-Дин.
97990	Баакуба	Бааку́ба — город в Ираке, является центром мухафазы Дияла.
98182	Багдад	Багда́д — столица Ирака, административный центр мухафазы Багдад.
981827	Луис-Тричард	Луис-Тричард — административный центр местного муниципалитета Макхадо в районе Вхембе провинции Лимпопо (ЮАР).
98463	Сулеймания	Сулеймани́я, также известна как Сулемани́ или Слемани́ — город на востоке Ирака, находящийся в автономном регионе Курдистан.
98530	Эс-Самава	Эс-Самава — город, административный центр мухафазы Мутанна в южной части Ирака.
986846	Крунстад	Кру́нстад — город в ЮАР, административный центр местного муниципалитета Моцгхака.
98717	Эр-Рамади	Эр-Рама́ди — город в центральной части Ирака. Административный центр провинции Анбар.
98854	Эн-Насирия	Эн-Насири́я — город в Ираке, столица мухафазы Ди-Кар. Расположен в 370 км к юго-востоку от Багдада на берегу реки Евфрат.
98860	Эн-Наджаф	Эн-На́джаф — город на юге Ирака, в 160 км к югу от Багдада. Административный центр провинции Наджаф.
988698	Найсна	Найсна — городок и популярный туристский курорт в районе Эден Западной Капской провинции ЮАР. Является частью туристского региона Гарден-Рут.
989921	Клерксдорп	Кле́рксдорп — административный центр местного муниципалитета Матлосана и района Кеннет Каунда в Северо-Западной провинции (ЮАР).
99072	Мосул	Мосу́л — город на севере Ирака. Расположен на реке Тигр в 396 км северо-западнее Багдада.
99131	Эль-Кут	Эль-Кут — город на востоке Ирака, административный центр провинции Васит, до 1960-х годов называвшейся также Эль-Кут. Расположен на левом берегу реки Тигр, в меандре, почти образующем остров, в 160 километрах к юго-востоку от Багдада, на высоте 18 м над уровнем моря.
99135	Эль-Куфа	Эль-Ку́фа, или Ку́фа — город в центре Ирака, на реке Евфрат, в 170 км к югу от Багдада. Будучи одним из первых арабских городов в Месопотамии, Куфа сыграла исключительно важную роль в истории ислама.
99347	Эль-Хилла	Эль-Хилла — город в центральной части Ирака, административный центр мухафаза Бабиль. Город расположен на реке Евфрат, в 100 км к югу от Багдада, на высоте 21 м над уровнем моря.
993800	Йоханнесбург	Йоханнесбу́рг — самый крупный по численности жителей город в ЮАР, центр самой богатой провинции Гаутенг.
99454	Эль-Фаллуджа	Эль-Фаллу́джа — город в Ираке. Расположен в провинции Анбар, примерно в 57 км западнее Багдада, на реке Евфрат. Часто упоминается как «город мечетей» — в самом городе и близлежащих деревнях было построено более 200 мечетей.
99532	Басра	Ба́сра — город на юго-востоке Ирака, главный порт страны, расположен на реке Шатт-эль-Араб, между Кувейтом и Ираном. Административный центр одноимённой мухафазы.
997151	Гейдельберг	Ге́йдельберг — город в Германии, на северо-западе земли Баден-Вюртемберг. Пятый по величине город земли Баден-Вюртемберг с населением около 160 000 жителей (2018).
99762	Эд-Дивания	Эд-Дивани́я — город в Ираке, административный центр мухафазы Кадисия.
